2026-07-02 22:16:46	cid=1	cas=14992-62-2	modality=	url=https://webbook.nist.gov/cgi/cbook.cgi?ID=14992-62-2&Units=SI&Mask=480	reason=nist_not_found	message=
2026-07-02 22:16:47	cid=2	cas=7559-18-4	modality=	url=https://webbook.nist.gov/cgi/cbook.cgi?ID=7559-18-4&Units=SI&Mask=480	reason=nist_not_found	message=
2026-07-02 22:16:47	cid=3	cas=	modality=	url=	reason=not_found	message=no_cas_in_synonyms
2026-07-02 22:16:49	cid=4	cas=78-96-6	modality=ir	url=https://webbook.nist.gov/cgi/cbook.cgi?JCAMP=C2799168&Index=0&Type=IR	reason=download_http_404	message=
2026-07-02 22:16:49	cid=4	cas=78-96-6	modality=ir	url=https://webbook.nist.gov/cgi/cbook.cgi?JCAMP=C2799168&Index=1&Type=IR	reason=download_http_404	message=
2026-07-02 22:16:50	cid=4	cas=78-96-6	modality=ir	url=https://webbook.nist.gov/cgi/cbook.cgi?JCAMP=C2799168&Index=2&Type=IR	reason=download_http_404	message=
2026-07-02 22:16:50	cid=4	cas=78-96-6	modality=ir	url=https://webbook.nist.gov/cgi/cbook.cgi?JCAMP=C2799168&Index=3&Type=IR	reason=download_http_404	message=
2026-07-02 22:16:50	cid=4	cas=78-96-6	modality=ir	url=https://webbook.nist.gov/cgi/cbook.cgi?JCAMP=C2799168&Index=4&Type=IR	reason=download_http_404	message=
2026-07-02 22:17:01	cid=4	cas=78-96-6	modality=ir	url=https://webbook.nist.gov/cgi/cbook.cgi?JCAMP=C2799168&Index=5&Type=IR	reason=download_http_404	message=
2026-07-02 22:17:01	cid=4	cas=78-96-6	modality=ir	url=https://webbook.nist.gov/cgi/cbook.cgi?JCAMP=C2799168&Index=6&Type=IR	reason=download_http_404	message=
2026-07-02 22:17:03	cid=4	cas=78-96-6	modality=ir	url=https://webbook.nist.gov/cgi/cbook.cgi?JCAMP=C2799168&Index=7&Type=IR	reason=download_http_404	message=
2026-07-02 22:17:04	cid=4	cas=78-96-6	modality=ir	url=https://webbook.nist.gov/cgi/cbook.cgi?JCAMP=C2799168&Index=8&Type=IR	reason=download_http_404	message=
2026-07-02 22:17:04	cid=4	cas=78-96-6	modality=ir	url=https://webbook.nist.gov/cgi/cbook.cgi?JCAMP=C2799168&Index=9&Type=IR	reason=download_http_404	message=
2026-07-02 22:17:04	cid=4	cas=78-96-6	modality=	url=https://webbook.nist.gov/cgi/cbook.cgi?ID=78-96-6&Units=SI&Mask=480	reason=all_jcamp_downloads_failed	message=ir:download_http_404;ir:download_http_404;ir:download_http_404;ir:download_http_404;ir:download_http_404;ir:download_http_404;ir:download_http_404;ir:download_http_404;ir:download_http_404;ir:download_http_404
2026-07-02 22:17:05	cid=5	cas=205189-34-0	modality=	url=https://webbook.nist.gov/cgi/cbook.cgi?ID=205189-34-0&Units=SI&Mask=480	reason=nist_not_found	message=
2026-07-02 22:17:07	cid=6	cas=97-00-7	modality=ir	url=https://webbook.nist.gov/cgi/cbook.cgi?JCAMP=C97007&Index=2&Type=IR	reason=download_http_404	message=
2026-07-02 22:17:07	cid=6	cas=97-00-7	modality=ir	url=https://webbook.nist.gov/cgi/cbook.cgi?JCAMP=C97007&Index=3&Type=IR	reason=download_http_404	message=
2026-07-02 22:17:07	cid=6	cas=97-00-7	modality=ir	url=https://webbook.nist.gov/cgi/cbook.cgi?JCAMP=C97007&Index=4&Type=IR	reason=download_http_404	message=
2026-07-02 22:17:14	cid=6	cas=97-00-7	modality=ir	url=https://webbook.nist.gov/cgi/cbook.cgi?JCAMP=C97007&Index=5&Type=IR	reason=download_http_404	message=
2026-07-02 22:17:14	cid=6	cas=97-00-7	modality=ir	url=https://webbook.nist.gov/cgi/cbook.cgi?JCAMP=C97007&Index=6&Type=IR	reason=download_http_404	message=
2026-07-02 22:17:15	cid=6	cas=97-00-7	modality=ir	url=https://webbook.nist.gov/cgi/cbook.cgi?JCAMP=C97007&Index=7&Type=IR	reason=download_http_404	message=
2026-07-02 22:17:16	cid=6	cas=97-00-7	modality=ir	url=https://webbook.nist.gov/cgi/cbook.cgi?JCAMP=C97007&Index=8&Type=IR	reason=download_http_404	message=
2026-07-02 22:17:17	cid=6	cas=97-00-7	modality=ir	url=https://webbook.nist.gov/cgi/cbook.cgi?JCAMP=C97007&Index=9&Type=IR	reason=download_http_404	message=
2026-07-02 22:17:21	cid=6	cas=97-00-7	modality=uvvis	url=https://webbook.nist.gov/cgi/cbook.cgi?JCAMP=C97007&Index=1&Type=UVVis	reason=download_http_404	message=
2026-07-02 22:17:21	cid=6	cas=97-00-7	modality=uvvis	url=https://webbook.nist.gov/cgi/cbook.cgi?JCAMP=C97007&Index=2&Type=UVVis	reason=download_http_404	message=
2026-07-02 22:17:22	cid=6	cas=97-00-7	modality=uvvis	url=https://webbook.nist.gov/cgi/cbook.cgi?JCAMP=C97007&Index=3&Type=UVVis	reason=download_http_404	message=
2026-07-02 22:17:23	cid=6	cas=97-00-7	modality=uvvis	url=https://webbook.nist.gov/cgi/cbook.cgi?JCAMP=C97007&Index=4&Type=UVVis	reason=download_http_404	message=
2026-07-02 22:17:27	cid=6	cas=97-00-7	modality=uvvis	url=https://webbook.nist.gov/cgi/cbook.cgi?JCAMP=C97007&Index=5&Type=UVVis	reason=download_http_404	message=
2026-07-02 22:17:28	cid=6	cas=97-00-7	modality=uvvis	url=https://webbook.nist.gov/cgi/cbook.cgi?JCAMP=C97007&Index=6&Type=UVVis	reason=download_http_404	message=
2026-07-02 22:17:29	cid=6	cas=97-00-7	modality=uvvis	url=https://webbook.nist.gov/cgi/cbook.cgi?JCAMP=C97007&Index=7&Type=UVVis	reason=download_http_404	message=
2026-07-02 22:17:29	cid=6	cas=97-00-7	modality=uvvis	url=https://webbook.nist.gov/cgi/cbook.cgi?JCAMP=C97007&Index=8&Type=UVVis	reason=download_http_404	message=
2026-07-02 22:17:29	cid=6	cas=97-00-7	modality=uvvis	url=https://webbook.nist.gov/cgi/cbook.cgi?JCAMP=C97007&Index=9&Type=UVVis	reason=download_http_404	message=
2026-07-02 22:17:29	cid=6	cas=97-00-7	modality=	url=https://webbook.nist.gov/cgi/cbook.cgi?ID=97-00-7&Units=SI&Mask=480	reason=all_jcamp_downloads_failed	message=ir:download_http_404;ir:download_http_404;ir:download_http_404;ir:download_http_404;ir:download_http_404;ir:download_http_404;ir:download_http_404;ir:download_http_404;uvvis:download_http_404;uvvis:download_http_404;uvvis:download_http_404;uvvis:download_http_404;uvvis:download_http_404;uvvis:download_http_404;uvvis:download_http_404;uvvis:download_http_404;uvvis:download_http_404
2026-07-02 22:17:30	cid=7	cas=2715-68-6	modality=	url=https://webbook.nist.gov/cgi/cbook.cgi?ID=2715-68-6&Units=SI&Mask=480	reason=no_jcamp_links	message=
2026-07-02 22:17:31	cid=8	cas=562-43-6	modality=	url=https://webbook.nist.gov/cgi/cbook.cgi?ID=562-43-6&Units=SI&Mask=480	reason=nist_not_found	message=
2026-07-02 22:17:33	cid=9	cas=13004-72-3	modality=	url=https://webbook.nist.gov/cgi/cbook.cgi?ID=13004-72-3&Units=SI&Mask=480	reason=nist_not_found	message=
2026-07-02 22:17:36	cid=12	cas=634-94-6	modality=	url=https://webbook.nist.gov/cgi/cbook.cgi?ID=634-94-6&Units=SI&Mask=480	reason=nist_not_found	message=
2026-07-02 22:17:43	cid=13	cas=120-82-1	modality=ir	url=https://webbook.nist.gov/cgi/cbook.cgi?JCAMP=C120821&Index=3&Type=IR	reason=download_http_404	message=
2026-07-02 22:17:47	cid=13	cas=120-82-1	modality=ir	url=https://webbook.nist.gov/cgi/cbook.cgi?JCAMP=C120821&Index=4&Type=IR	reason=download_http_404	message=
2026-07-02 22:17:47	cid=13	cas=120-82-1	modality=ir	url=https://webbook.nist.gov/cgi/cbook.cgi?JCAMP=C120821&Index=5&Type=IR	reason=download_http_404	message=
2026-07-02 22:17:51	cid=13	cas=120-82-1	modality=ir	url=https://webbook.nist.gov/cgi/cbook.cgi?JCAMP=C120821&Index=6&Type=IR	reason=download_http_404	message=
2026-07-02 22:17:55	cid=13	cas=120-82-1	modality=ir	url=https://webbook.nist.gov/cgi/cbook.cgi?JCAMP=C120821&Index=7&Type=IR	reason=download_http_404	message=
2026-07-02 22:17:56	cid=13	cas=120-82-1	modality=ir	url=https://webbook.nist.gov/cgi/cbook.cgi?JCAMP=C120821&Index=8&Type=IR	reason=download_http_404	message=
2026-07-02 22:18:00	cid=13	cas=120-82-1	modality=ir	url=https://webbook.nist.gov/cgi/cbook.cgi?JCAMP=C120821&Index=9&Type=IR	reason=download_http_404	message=
2026-07-02 22:18:04	cid=13	cas=120-82-1	modality=uvvis	url=https://webbook.nist.gov/cgi/cbook.cgi?JCAMP=C120821&Index=1&Type=UVVis	reason=download_http_404	message=
2026-07-02 22:18:05	cid=13	cas=120-82-1	modality=uvvis	url=https://webbook.nist.gov/cgi/cbook.cgi?JCAMP=C120821&Index=2&Type=UVVis	reason=download_http_404	message=
2026-07-02 22:18:05	cid=13	cas=120-82-1	modality=uvvis	url=https://webbook.nist.gov/cgi/cbook.cgi?JCAMP=C120821&Index=3&Type=UVVis	reason=download_http_404	message=
2026-07-02 22:18:05	cid=13	cas=120-82-1	modality=uvvis	url=https://webbook.nist.gov/cgi/cbook.cgi?JCAMP=C120821&Index=4&Type=UVVis	reason=download_http_404	message=
2026-07-02 22:18:06	cid=13	cas=120-82-1	modality=uvvis	url=https://webbook.nist.gov/cgi/cbook.cgi?JCAMP=C120821&Index=5&Type=UVVis	reason=download_http_404	message=
2026-07-02 22:18:11	cid=13	cas=120-82-1	modality=uvvis	url=https://webbook.nist.gov/cgi/cbook.cgi?JCAMP=C120821&Index=6&Type=UVVis	reason=download_http_404	message=
2026-07-02 22:18:11	cid=13	cas=120-82-1	modality=uvvis	url=https://webbook.nist.gov/cgi/cbook.cgi?JCAMP=C120821&Index=7&Type=UVVis	reason=download_http_404	message=
2026-07-02 22:18:11	cid=13	cas=120-82-1	modality=uvvis	url=https://webbook.nist.gov/cgi/cbook.cgi?JCAMP=C120821&Index=8&Type=UVVis	reason=download_http_404	message=
2026-07-02 22:18:12	cid=13	cas=120-82-1	modality=uvvis	url=https://webbook.nist.gov/cgi/cbook.cgi?JCAMP=C120821&Index=9&Type=UVVis	reason=download_http_404	message=
2026-07-02 22:18:13	cid=14	cas=	modality=	url=	reason=not_found	message=no_cas_in_synonyms
2026-07-02 22:18:14	cid=15	cas=	modality=	url=	reason=not_found	message=no_cas_in_synonyms
2026-07-02 22:18:15	cid=16	cas=56403-09-9	modality=	url=https://webbook.nist.gov/cgi/cbook.cgi?ID=56403-09-9&Units=SI&Mask=480	reason=no_jcamp_links	message=
2026-07-02 22:18:18	cid=17	cas=16052-12-3	modality=	url=https://webbook.nist.gov/cgi/cbook.cgi?ID=16052-12-3&Units=SI&Mask=480	reason=nist_not_found	message=
2026-07-02 22:18:19	cid=18	cas=	modality=	url=	reason=not_found	message=no_cas_in_synonyms
2026-07-02 22:18:24	cid=19	cas=303-38-8	modality=ir	url=https://webbook.nist.gov/cgi/cbook.cgi?JCAMP=C303388&Index=1&Type=IR	reason=download_http_404	message=
2026-07-02 22:18:24	cid=19	cas=303-38-8	modality=ir	url=https://webbook.nist.gov/cgi/cbook.cgi?JCAMP=C303388&Index=2&Type=IR	reason=download_http_404	message=
2026-07-02 22:18:24	cid=19	cas=303-38-8	modality=ir	url=https://webbook.nist.gov/cgi/cbook.cgi?JCAMP=C303388&Index=3&Type=IR	reason=download_http_404	message=
2026-07-02 22:18:25	cid=19	cas=303-38-8	modality=ir	url=https://webbook.nist.gov/cgi/cbook.cgi?JCAMP=C303388&Index=4&Type=IR	reason=download_http_404	message=
2026-07-02 22:18:30	cid=19	cas=303-38-8	modality=ir	url=https://webbook.nist.gov/cgi/cbook.cgi?JCAMP=C303388&Index=5&Type=IR	reason=download_http_404	message=
2026-07-02 22:18:30	cid=19	cas=303-38-8	modality=ir	url=https://webbook.nist.gov/cgi/cbook.cgi?JCAMP=C303388&Index=6&Type=IR	reason=download_http_404	message=
2026-07-02 22:18:30	cid=19	cas=303-38-8	modality=ir	url=https://webbook.nist.gov/cgi/cbook.cgi?JCAMP=C303388&Index=7&Type=IR	reason=download_http_404	message=
2026-07-02 22:18:31	cid=19	cas=303-38-8	modality=ir	url=https://webbook.nist.gov/cgi/cbook.cgi?JCAMP=C303388&Index=8&Type=IR	reason=download_http_404	message=
2026-07-02 22:18:31	cid=19	cas=303-38-8	modality=ir	url=https://webbook.nist.gov/cgi/cbook.cgi?JCAMP=C303388&Index=9&Type=IR	reason=download_http_404	message=
2026-07-02 22:18:34	cid=20	cas=3714-73-6	modality=	url=https://webbook.nist.gov/cgi/cbook.cgi?ID=3714-73-6&Units=SI&Mask=480	reason=nist_not_found	message=
2026-07-02 22:18:37	cid=21	cas=3142-65-2	modality=	url=https://webbook.nist.gov/cgi/cbook.cgi?ID=3142-65-2&Units=SI&Mask=480	reason=nist_not_found	message=
2026-07-02 22:18:39	cid=22	cas=918-44-5	modality=	url=https://webbook.nist.gov/cgi/cbook.cgi?ID=918-44-5&Units=SI&Mask=480	reason=nist_not_found	message=
2026-07-02 22:18:40	cid=23	cas=16597-58-3	modality=	url=https://webbook.nist.gov/cgi/cbook.cgi?ID=16597-58-3&Units=SI&Mask=480	reason=nist_not_found	message=
2026-07-02 22:18:41	cid=24	cas=	modality=	url=	reason=not_found	message=pubchem_synonyms_404
2026-07-02 22:18:42	cid=26	cas=	modality=	url=	reason=not_found	message=pubchem_synonyms_404
2026-07-02 22:18:43	cid=28	cas=	modality=	url=	reason=not_found	message=no_cas_in_synonyms
2026-07-02 22:18:44	cid=29	cas=	modality=	url=	reason=not_found	message=no_cas_in_synonyms
2026-07-02 22:18:47	cid=30	cas=150994-59-5	modality=	url=https://webbook.nist.gov/cgi/cbook.cgi?ID=150994-59-5&Units=SI&Mask=480	reason=nist_not_found	message=
2026-07-02 22:18:47	cid=31	cas=	modality=	url=	reason=not_found	message=no_cas_in_synonyms
2026-07-02 22:18:49	cid=32	cas=	modality=	url=	reason=not_found	message=no_cas_in_synonyms
2026-07-02 22:18:52	cid=33	cas=107-20-0	modality=	url=https://webbook.nist.gov/cgi/cbook.cgi?ID=107-20-0&Units=SI&Mask=480	reason=no_jcamp_links	message=
2026-07-02 22:18:57	cid=34	cas=107-07-3	modality=ir	url=https://webbook.nist.gov/cgi/cbook.cgi?JCAMP=C107073&Index=1&Type=IR	reason=download_http_404	message=
2026-07-02 22:18:57	cid=34	cas=107-07-3	modality=ir	url=https://webbook.nist.gov/cgi/cbook.cgi?JCAMP=C107073&Index=2&Type=IR	reason=download_http_404	message=
2026-07-02 22:18:57	cid=34	cas=107-07-3	modality=ir	url=https://webbook.nist.gov/cgi/cbook.cgi?JCAMP=C107073&Index=3&Type=IR	reason=download_http_404	message=
2026-07-02 22:18:58	cid=34	cas=107-07-3	modality=ir	url=https://webbook.nist.gov/cgi/cbook.cgi?JCAMP=C107073&Index=4&Type=IR	reason=download_http_404	message=
2026-07-02 22:19:08	cid=34	cas=107-07-3	modality=ir	url=https://webbook.nist.gov/cgi/cbook.cgi?JCAMP=C107073&Index=5&Type=IR	reason=download_http_404	message=
2026-07-02 22:19:09	cid=34	cas=107-07-3	modality=ir	url=https://webbook.nist.gov/cgi/cbook.cgi?JCAMP=C107073&Index=6&Type=IR	reason=download_http_404	message=
2026-07-02 22:19:10	cid=34	cas=107-07-3	modality=ir	url=https://webbook.nist.gov/cgi/cbook.cgi?JCAMP=C107073&Index=7&Type=IR	reason=download_http_404	message=
2026-07-02 22:19:10	cid=34	cas=107-07-3	modality=ir	url=https://webbook.nist.gov/cgi/cbook.cgi?JCAMP=C107073&Index=8&Type=IR	reason=download_http_404	message=
2026-07-02 22:19:10	cid=34	cas=107-07-3	modality=ir	url=https://webbook.nist.gov/cgi/cbook.cgi?JCAMP=C107073&Index=9&Type=IR	reason=download_http_404	message=
2026-07-02 22:19:12	cid=35	cas=	modality=	url=	reason=not_found	message=no_cas_in_synonyms
2026-07-02 22:19:13	cid=36	cas=16048-89-8	modality=	url=https://webbook.nist.gov/cgi/cbook.cgi?ID=16048-89-8&Units=SI&Mask=480	reason=nist_not_found	message=
2026-07-02 22:19:15	cid=37	cas=158647-63-3	modality=	url=https://webbook.nist.gov/cgi/cbook.cgi?ID=158647-63-3&Units=SI&Mask=480	reason=nist_not_found	message=
2026-07-02 22:19:16	cid=38	cas=470-30-4	modality=	url=https://webbook.nist.gov/cgi/cbook.cgi?ID=470-30-4&Units=SI&Mask=480	reason=nist_not_found	message=
2026-07-02 22:19:19	cid=39	cas=13031-04-4	modality=	url=https://webbook.nist.gov/cgi/cbook.cgi?ID=13031-04-4&Units=SI&Mask=480	reason=nist_not_found	message=
2026-07-02 22:19:20	cid=40	cas=	modality=	url=	reason=not_found	message=no_cas_in_synonyms
2026-07-02 22:19:22	cid=41	cas=629647-81-0	modality=	url=https://webbook.nist.gov/cgi/cbook.cgi?ID=629647-81-0&Units=SI&Mask=480	reason=nist_not_found	message=
2026-07-02 22:19:24	cid=42	cas=6670-61-7	modality=	url=https://webbook.nist.gov/cgi/cbook.cgi?ID=6670-61-7&Units=SI&Mask=480	reason=nist_not_found	message=
2026-07-02 22:19:26	cid=43	cas=2889-31-8	modality=	url=https://webbook.nist.gov/cgi/cbook.cgi?ID=2889-31-8&Units=SI&Mask=480	reason=nist_not_found	message=
2026-07-02 22:19:27	cid=44	cas=	modality=	url=	reason=not_found	message=no_cas_in_synonyms
2026-07-02 22:19:28	cid=45	cas=80-69-3	modality=	url=https://webbook.nist.gov/cgi/cbook.cgi?ID=80-69-3&Units=SI&Mask=480	reason=no_jcamp_links	message=
2026-07-02 22:19:29	cid=46	cas=	modality=	url=	reason=not_found	message=no_cas_in_synonyms
2026-07-02 22:19:31	cid=47	cas=1460-34-0	modality=	url=https://webbook.nist.gov/cgi/cbook.cgi?ID=1460-34-0&Units=SI&Mask=480	reason=nist_not_found	message=
2026-07-02 22:19:33	cid=48	cas=18465-19-5	modality=	url=https://webbook.nist.gov/cgi/cbook.cgi?ID=18465-19-5&Units=SI&Mask=480	reason=nist_not_found	message=
2026-07-02 22:19:35	cid=49	cas=759-05-7	modality=	url=https://webbook.nist.gov/cgi/cbook.cgi?ID=759-05-7&Units=SI&Mask=480	reason=nist_not_found	message=
2026-07-02 22:19:38	cid=50	cas=73803-83-5	modality=	url=https://webbook.nist.gov/cgi/cbook.cgi?ID=73803-83-5&Units=SI&Mask=480	reason=nist_not_found	message=
2026-07-02 22:19:40	cid=51	cas=328-50-7	modality=	url=https://webbook.nist.gov/cgi/cbook.cgi?ID=328-50-7&Units=SI&Mask=480	reason=no_jcamp_links	message=
2026-07-02 22:19:41	cid=55	cas=	modality=	url=	reason=not_found	message=pubchem_synonyms_404
2026-07-02 22:19:42	cid=56	cas=	modality=	url=	reason=not_found	message=pubchem_synonyms_404
2026-07-02 22:19:44	cid=57	cas=42187-47-3	modality=	url=https://webbook.nist.gov/cgi/cbook.cgi?ID=42187-47-3&Units=SI&Mask=480	reason=nist_not_found	message=
2026-07-02 22:19:46	cid=58	cas=600-18-0	modality=ir	url=https://webbook.nist.gov/cgi/cbook.cgi?JCAMP=C600180&Index=1&Type=IR	reason=download_http_404	message=
2026-07-02 22:19:47	cid=58	cas=600-18-0	modality=ir	url=https://webbook.nist.gov/cgi/cbook.cgi?JCAMP=C600180&Index=2&Type=IR	reason=download_http_404	message=
2026-07-02 22:19:48	cid=58	cas=600-18-0	modality=ir	url=https://webbook.nist.gov/cgi/cbook.cgi?JCAMP=C600180&Index=3&Type=IR	reason=download_http_404	message=
2026-07-02 22:19:48	cid=58	cas=600-18-0	modality=ir	url=https://webbook.nist.gov/cgi/cbook.cgi?JCAMP=C600180&Index=4&Type=IR	reason=download_http_404	message=
2026-07-02 22:19:52	cid=58	cas=600-18-0	modality=ir	url=https://webbook.nist.gov/cgi/cbook.cgi?JCAMP=C600180&Index=5&Type=IR	reason=download_http_404	message=
2026-07-02 22:19:54	cid=58	cas=600-18-0	modality=ir	url=https://webbook.nist.gov/cgi/cbook.cgi?JCAMP=C600180&Index=6&Type=IR	reason=download_http_404	message=
2026-07-02 22:19:54	cid=58	cas=600-18-0	modality=ir	url=https://webbook.nist.gov/cgi/cbook.cgi?JCAMP=C600180&Index=7&Type=IR	reason=download_http_404	message=
2026-07-02 22:19:54	cid=58	cas=600-18-0	modality=ir	url=https://webbook.nist.gov/cgi/cbook.cgi?JCAMP=C600180&Index=8&Type=IR	reason=download_http_404	message=
2026-07-02 22:20:05	cid=58	cas=600-18-0	modality=ir	url=https://webbook.nist.gov/cgi/cbook.cgi?JCAMP=C600180&Index=9&Type=IR	reason=download_http_404	message=
2026-07-02 22:20:07	cid=59	cas=2553-59-5	modality=	url=https://webbook.nist.gov/cgi/cbook.cgi?ID=2553-59-5&Units=SI&Mask=480	reason=nist_not_found	message=
2026-07-02 22:20:08	cid=60	cas=	modality=	url=	reason=not_found	message=no_cas_in_synonyms
2026-07-02 22:20:10	cid=61	cas=138-81-8	modality=	url=https://webbook.nist.gov/cgi/cbook.cgi?ID=138-81-8&Units=SI&Mask=480	reason=nist_not_found	message=
2026-07-02 22:20:12	cid=62	cas=	modality=	url=	reason=not_found	message=no_cas_in_synonyms
2026-07-02 22:20:13	cid=63	cas=24317-81-5	modality=	url=https://webbook.nist.gov/cgi/cbook.cgi?ID=24317-81-5&Units=SI&Mask=480	reason=nist_not_found	message=
2026-07-02 22:20:15	cid=64	cas=	modality=	url=	reason=not_found	message=no_cas_in_synonyms
2026-07-02 22:20:17	cid=65	cas=824-69-1	modality=	url=https://webbook.nist.gov/cgi/cbook.cgi?ID=824-69-1&Units=SI&Mask=480	reason=no_jcamp_links	message=
2026-07-02 22:20:20	cid=66	cas=583-78-8	modality=ir	url=https://webbook.nist.gov/cgi/cbook.cgi?JCAMP=C583788&Index=2&Type=IR	reason=download_http_404	message=
2026-07-02 22:20:21	cid=66	cas=583-78-8	modality=ir	url=https://webbook.nist.gov/cgi/cbook.cgi?JCAMP=C583788&Index=3&Type=IR	reason=download_http_404	message=
2026-07-02 22:20:21	cid=66	cas=583-78-8	modality=ir	url=https://webbook.nist.gov/cgi/cbook.cgi?JCAMP=C583788&Index=4&Type=IR	reason=download_http_404	message=
2026-07-02 22:20:33	cid=66	cas=583-78-8	modality=ir	url=https://webbook.nist.gov/cgi/cbook.cgi?JCAMP=C583788&Index=5&Type=IR	reason=download_http_404	message=
2026-07-02 22:20:33	cid=66	cas=583-78-8	modality=ir	url=https://webbook.nist.gov/cgi/cbook.cgi?JCAMP=C583788&Index=6&Type=IR	reason=download_http_404	message=
2026-07-02 22:20:34	cid=66	cas=583-78-8	modality=ir	url=https://webbook.nist.gov/cgi/cbook.cgi?JCAMP=C583788&Index=7&Type=IR	reason=download_http_404	message=
2026-07-02 22:20:35	cid=66	cas=583-78-8	modality=ir	url=https://webbook.nist.gov/cgi/cbook.cgi?JCAMP=C583788&Index=8&Type=IR	reason=download_http_404	message=
2026-07-02 22:20:35	cid=66	cas=583-78-8	modality=ir	url=https://webbook.nist.gov/cgi/cbook.cgi?JCAMP=C583788&Index=9&Type=IR	reason=download_http_404	message=
2026-07-02 22:20:36	cid=67	cas=	modality=	url=	reason=not_found	message=no_cas_in_synonyms
2026-07-02 22:20:38	cid=68	cas=141816-32-2	modality=	url=https://webbook.nist.gov/cgi/cbook.cgi?ID=141816-32-2&Units=SI&Mask=480	reason=nist_not_found	message=
2026-07-02 22:20:42	cid=69	cas=7244-95-3	modality=	url=https://webbook.nist.gov/cgi/cbook.cgi?ID=7244-95-3&Units=SI&Mask=480	reason=nist_not_found	message=
2026-07-02 22:20:47	cid=70	cas=816-66-0	modality=	url=https://webbook.nist.gov/cgi/cbook.cgi?ID=816-66-0&Units=SI&Mask=480	reason=no_jcamp_links	message=
2026-07-02 22:20:49	cid=71	cas=3184-35-8	modality=	url=https://webbook.nist.gov/cgi/cbook.cgi?ID=3184-35-8&Units=SI&Mask=480	reason=no_jcamp_links	message=
2026-07-02 22:20:52	cid=72	cas=99-50-3	modality=	url=https://webbook.nist.gov/cgi/cbook.cgi?ID=99-50-3&Units=SI&Mask=480	reason=no_jcamp_links	message=
2026-07-02 22:20:53	cid=73	cas=	modality=	url=	reason=not_found	message=no_cas_in_synonyms
2026-07-02 22:20:55	cid=75	cas=352-92-1	modality=	url=https://webbook.nist.gov/cgi/cbook.cgi?ID=352-92-1&Units=SI&Mask=480	reason=nist_not_found	message=
2026-07-02 22:20:58	cid=76	cas=67034-83-7	modality=	url=https://webbook.nist.gov/cgi/cbook.cgi?ID=67034-83-7&Units=SI&Mask=480	reason=nist_not_found	message=
2026-07-02 22:20:59	cid=77	cas=3237-44-3	modality=	url=https://webbook.nist.gov/cgi/cbook.cgi?ID=3237-44-3&Units=SI&Mask=480	reason=nist_not_found	message=
2026-07-02 22:21:02	cid=78	cas=3981-36-0	modality=	url=https://webbook.nist.gov/cgi/cbook.cgi?ID=3981-36-0&Units=SI&Mask=480	reason=nist_not_found	message=
2026-07-02 22:21:08	cid=79	cas=100-54-9	modality=ir	url=https://webbook.nist.gov/cgi/cbook.cgi?JCAMP=C100549&Index=2&Type=IR	reason=download_http_404	message=
2026-07-02 22:21:09	cid=79	cas=100-54-9	modality=ir	url=https://webbook.nist.gov/cgi/cbook.cgi?JCAMP=C100549&Index=3&Type=IR	reason=download_http_404	message=
2026-07-02 22:21:13	cid=79	cas=100-54-9	modality=ir	url=https://webbook.nist.gov/cgi/cbook.cgi?JCAMP=C100549&Index=4&Type=IR	reason=download_http_404	message=
2026-07-02 22:21:18	cid=79	cas=100-54-9	modality=ir	url=https://webbook.nist.gov/cgi/cbook.cgi?JCAMP=C100549&Index=5&Type=IR	reason=download_http_404	message=
2026-07-02 22:21:18	cid=79	cas=100-54-9	modality=ir	url=https://webbook.nist.gov/cgi/cbook.cgi?JCAMP=C100549&Index=6&Type=IR	reason=download_http_404	message=
2026-07-02 22:21:19	cid=79	cas=100-54-9	modality=ir	url=https://webbook.nist.gov/cgi/cbook.cgi?JCAMP=C100549&Index=7&Type=IR	reason=download_http_404	message=
2026-07-02 22:21:19	cid=79	cas=100-54-9	modality=ir	url=https://webbook.nist.gov/cgi/cbook.cgi?JCAMP=C100549&Index=8&Type=IR	reason=download_http_404	message=
2026-07-02 22:21:20	cid=79	cas=100-54-9	modality=ir	url=https://webbook.nist.gov/cgi/cbook.cgi?JCAMP=C100549&Index=9&Type=IR	reason=download_http_404	message=
2026-07-02 22:21:25	cid=79	cas=100-54-9	modality=uvvis	url=https://webbook.nist.gov/cgi/cbook.cgi?JCAMP=C100549&Index=1&Type=UVVis	reason=download_http_404	message=
2026-07-02 22:21:25	cid=79	cas=100-54-9	modality=uvvis	url=https://webbook.nist.gov/cgi/cbook.cgi?JCAMP=C100549&Index=2&Type=UVVis	reason=download_http_404	message=
2026-07-02 22:21:25	cid=79	cas=100-54-9	modality=uvvis	url=https://webbook.nist.gov/cgi/cbook.cgi?JCAMP=C100549&Index=3&Type=UVVis	reason=download_http_404	message=
2026-07-02 22:21:26	cid=79	cas=100-54-9	modality=uvvis	url=https://webbook.nist.gov/cgi/cbook.cgi?JCAMP=C100549&Index=4&Type=UVVis	reason=download_http_404	message=
2026-07-02 22:21:26	cid=79	cas=100-54-9	modality=uvvis	url=https://webbook.nist.gov/cgi/cbook.cgi?JCAMP=C100549&Index=5&Type=UVVis	reason=download_http_404	message=
2026-07-02 22:21:37	cid=79	cas=100-54-9	modality=uvvis	url=https://webbook.nist.gov/cgi/cbook.cgi?JCAMP=C100549&Index=6&Type=UVVis	reason=download_http_404	message=
2026-07-02 22:21:37	cid=79	cas=100-54-9	modality=uvvis	url=https://webbook.nist.gov/cgi/cbook.cgi?JCAMP=C100549&Index=7&Type=UVVis	reason=download_http_404	message=
2026-07-02 22:21:37	cid=79	cas=100-54-9	modality=uvvis	url=https://webbook.nist.gov/cgi/cbook.cgi?JCAMP=C100549&Index=8&Type=UVVis	reason=download_http_404	message=
2026-07-02 22:21:38	cid=79	cas=100-54-9	modality=uvvis	url=https://webbook.nist.gov/cgi/cbook.cgi?JCAMP=C100549&Index=9&Type=UVVis	reason=download_http_404	message=
2026-07-02 22:21:40	cid=80	cas=	modality=	url=	reason=not_found	message=no_cas_in_synonyms
2026-07-02 22:21:41	cid=81	cas=	modality=	url=	reason=not_found	message=no_cas_in_synonyms
2026-07-02 22:21:43	cid=82	cas=27840-48-8	modality=	url=https://webbook.nist.gov/cgi/cbook.cgi?ID=27840-48-8&Units=SI&Mask=480	reason=nist_not_found	message=
2026-07-02 22:21:44	cid=85	cas=	modality=	url=	reason=not_found	message=no_cas_in_synonyms
2026-07-02 22:21:46	cid=86	cas=548-93-6	modality=	url=https://webbook.nist.gov/cgi/cbook.cgi?ID=548-93-6&Units=SI&Mask=480	reason=no_jcamp_links	message=
2026-07-02 22:21:49	cid=87	cas=2068-83-9	modality=	url=https://webbook.nist.gov/cgi/cbook.cgi?ID=2068-83-9&Units=SI&Mask=480	reason=nist_not_found	message=
2026-07-02 22:21:51	cid=89	cas=484-78-6	modality=	url=https://webbook.nist.gov/cgi/cbook.cgi?ID=484-78-6&Units=SI&Mask=480	reason=nist_not_found	message=
2026-07-02 22:21:55	cid=91	cas=621-54-5	modality=ir	url=https://webbook.nist.gov/cgi/cbook.cgi?JCAMP=C621545&Index=1&Type=IR	reason=download_http_404	message=
2026-07-02 22:21:55	cid=91	cas=621-54-5	modality=ir	url=https://webbook.nist.gov/cgi/cbook.cgi?JCAMP=C621545&Index=2&Type=IR	reason=download_http_404	message=
2026-07-02 22:21:56	cid=91	cas=621-54-5	modality=ir	url=https://webbook.nist.gov/cgi/cbook.cgi?JCAMP=C621545&Index=3&Type=IR	reason=download_http_404	message=
2026-07-02 22:21:56	cid=91	cas=621-54-5	modality=ir	url=https://webbook.nist.gov/cgi/cbook.cgi?JCAMP=C621545&Index=4&Type=IR	reason=download_http_404	message=
2026-07-02 22:22:00	cid=91	cas=621-54-5	modality=ir	url=https://webbook.nist.gov/cgi/cbook.cgi?JCAMP=C621545&Index=5&Type=IR	reason=download_http_404	message=
2026-07-02 22:22:01	cid=91	cas=621-54-5	modality=ir	url=https://webbook.nist.gov/cgi/cbook.cgi?JCAMP=C621545&Index=6&Type=IR	reason=download_http_404	message=
2026-07-02 22:22:05	cid=91	cas=621-54-5	modality=ir	url=https://webbook.nist.gov/cgi/cbook.cgi?JCAMP=C621545&Index=7&Type=IR	reason=download_http_404	message=
2026-07-02 22:22:06	cid=91	cas=621-54-5	modality=ir	url=https://webbook.nist.gov/cgi/cbook.cgi?JCAMP=C621545&Index=8&Type=IR	reason=download_http_404	message=
2026-07-02 22:22:06	cid=91	cas=621-54-5	modality=ir	url=https://webbook.nist.gov/cgi/cbook.cgi?JCAMP=C621545&Index=9&Type=IR	reason=download_http_404	message=
2026-07-02 22:22:07	cid=92	cas=	modality=	url=	reason=not_found	message=no_cas_in_synonyms
2026-07-02 22:22:09	cid=93	cas=689-31-6	modality=	url=https://webbook.nist.gov/cgi/cbook.cgi?ID=689-31-6&Units=SI&Mask=480	reason=no_jcamp_links	message=
2026-07-02 22:22:11	cid=95	cas=	modality=	url=	reason=not_found	message=no_cas_in_synonyms
2026-07-02 22:22:15	cid=96	cas=541-50-4	modality=	url=https://webbook.nist.gov/cgi/cbook.cgi?ID=541-50-4&Units=SI&Mask=480	reason=no_jcamp_links	message=
2026-07-02 22:22:16	cid=97	cas=	modality=	url=	reason=not_found	message=pubchem_synonyms_404
2026-07-02 22:22:17	cid=98	cas=2464-23-5	modality=	url=https://webbook.nist.gov/cgi/cbook.cgi?ID=2464-23-5&Units=SI&Mask=480	reason=nist_not_found	message=
2026-07-02 22:22:18	cid=100	cas=	modality=	url=	reason=not_found	message=pubchem_synonyms_404
2026-07-02 22:22:23	cid=101	cas=100-83-4	modality=ir	url=https://webbook.nist.gov/cgi/cbook.cgi?JCAMP=C100834&Index=1&Type=IR	reason=download_http_404	message=
2026-07-02 22:22:23	cid=101	cas=100-83-4	modality=ir	url=https://webbook.nist.gov/cgi/cbook.cgi?JCAMP=C100834&Index=2&Type=IR	reason=download_http_404	message=
2026-07-02 22:22:23	cid=101	cas=100-83-4	modality=ir	url=https://webbook.nist.gov/cgi/cbook.cgi?JCAMP=C100834&Index=3&Type=IR	reason=download_http_404	message=
2026-07-02 22:22:29	cid=101	cas=100-83-4	modality=ir	url=https://webbook.nist.gov/cgi/cbook.cgi?JCAMP=C100834&Index=4&Type=IR	reason=download_http_404	message=
2026-07-02 22:22:29	cid=101	cas=100-83-4	modality=ir	url=https://webbook.nist.gov/cgi/cbook.cgi?JCAMP=C100834&Index=5&Type=IR	reason=download_http_404	message=
2026-07-02 22:22:30	cid=101	cas=100-83-4	modality=ir	url=https://webbook.nist.gov/cgi/cbook.cgi?JCAMP=C100834&Index=6&Type=IR	reason=download_http_404	message=
2026-07-02 22:22:30	cid=101	cas=100-83-4	modality=ir	url=https://webbook.nist.gov/cgi/cbook.cgi?JCAMP=C100834&Index=7&Type=IR	reason=download_http_404	message=
2026-07-02 22:22:30	cid=101	cas=100-83-4	modality=ir	url=https://webbook.nist.gov/cgi/cbook.cgi?JCAMP=C100834&Index=8&Type=IR	reason=download_http_404	message=
2026-07-02 22:22:41	cid=101	cas=100-83-4	modality=ir	url=https://webbook.nist.gov/cgi/cbook.cgi?JCAMP=C100834&Index=9&Type=IR	reason=download_http_404	message=
2026-07-02 22:22:42	cid=101	cas=100-83-4	modality=uvvis	url=https://webbook.nist.gov/cgi/cbook.cgi?JCAMP=C100834&Index=1&Type=UVVis	reason=download_http_404	message=
2026-07-02 22:22:42	cid=101	cas=100-83-4	modality=uvvis	url=https://webbook.nist.gov/cgi/cbook.cgi?JCAMP=C100834&Index=2&Type=UVVis	reason=download_http_404	message=
2026-07-02 22:22:42	cid=101	cas=100-83-4	modality=uvvis	url=https://webbook.nist.gov/cgi/cbook.cgi?JCAMP=C100834&Index=3&Type=UVVis	reason=download_http_404	message=
2026-07-02 22:22:43	cid=101	cas=100-83-4	modality=uvvis	url=https://webbook.nist.gov/cgi/cbook.cgi?JCAMP=C100834&Index=4&Type=UVVis	reason=download_http_404	message=
2026-07-02 22:22:53	cid=101	cas=100-83-4	modality=uvvis	url=https://webbook.nist.gov/cgi/cbook.cgi?JCAMP=C100834&Index=5&Type=UVVis	reason=download_http_404	message=
2026-07-02 22:22:53	cid=101	cas=100-83-4	modality=uvvis	url=https://webbook.nist.gov/cgi/cbook.cgi?JCAMP=C100834&Index=6&Type=UVVis	reason=download_http_404	message=
2026-07-02 22:22:54	cid=101	cas=100-83-4	modality=uvvis	url=https://webbook.nist.gov/cgi/cbook.cgi?JCAMP=C100834&Index=7&Type=UVVis	reason=download_http_404	message=
2026-07-02 22:22:54	cid=101	cas=100-83-4	modality=uvvis	url=https://webbook.nist.gov/cgi/cbook.cgi?JCAMP=C100834&Index=8&Type=UVVis	reason=download_http_404	message=
2026-07-02 22:22:55	cid=101	cas=100-83-4	modality=uvvis	url=https://webbook.nist.gov/cgi/cbook.cgi?JCAMP=C100834&Index=9&Type=UVVis	reason=download_http_404	message=
2026-07-02 22:23:01	cid=102	cas=620-24-6	modality=ir	url=https://webbook.nist.gov/cgi/cbook.cgi?JCAMP=C620246&Index=1&Type=IR	reason=download_http_404	message=
2026-07-02 22:23:01	cid=102	cas=620-24-6	modality=ir	url=https://webbook.nist.gov/cgi/cbook.cgi?JCAMP=C620246&Index=2&Type=IR	reason=download_http_404	message=
2026-07-02 22:23:12	cid=102	cas=620-24-6	modality=ir	url=https://webbook.nist.gov/cgi/cbook.cgi?JCAMP=C620246&Index=3&Type=IR	reason=download_http_404	message=
2026-07-02 22:23:12	cid=102	cas=620-24-6	modality=ir	url=https://webbook.nist.gov/cgi/cbook.cgi?JCAMP=C620246&Index=4&Type=IR	reason=download_http_404	message=
2026-07-02 22:23:13	cid=102	cas=620-24-6	modality=ir	url=https://webbook.nist.gov/cgi/cbook.cgi?JCAMP=C620246&Index=5&Type=IR	reason=download_http_404	message=
2026-07-02 22:23:13	cid=102	cas=620-24-6	modality=ir	url=https://webbook.nist.gov/cgi/cbook.cgi?JCAMP=C620246&Index=6&Type=IR	reason=download_http_404	message=
2026-07-02 22:23:14	cid=102	cas=620-24-6	modality=ir	url=https://webbook.nist.gov/cgi/cbook.cgi?JCAMP=C620246&Index=7&Type=IR	reason=download_http_404	message=
2026-07-02 22:23:18	cid=102	cas=620-24-6	modality=ir	url=https://webbook.nist.gov/cgi/cbook.cgi?JCAMP=C620246&Index=8&Type=IR	reason=download_http_404	message=
2026-07-02 22:23:18	cid=102	cas=620-24-6	modality=ir	url=https://webbook.nist.gov/cgi/cbook.cgi?JCAMP=C620246&Index=9&Type=IR	reason=download_http_404	message=
2026-07-02 22:23:20	cid=104	cas=1124-49-8	modality=	url=https://webbook.nist.gov/cgi/cbook.cgi?ID=1124-49-8&Units=SI&Mask=480	reason=nist_not_found	message=
2026-07-02 22:23:22	cid=105	cas=3913-50-6	modality=	url=https://webbook.nist.gov/cgi/cbook.cgi?ID=3913-50-6&Units=SI&Mask=480	reason=nist_not_found	message=
2026-07-02 22:23:26	cid=106	cas=17885-08-4	modality=	url=https://webbook.nist.gov/cgi/cbook.cgi?ID=17885-08-4&Units=SI&Mask=480	reason=nist_not_found	message=
2026-07-02 22:23:34	cid=107	cas=501-52-0	modality=ir	url=https://webbook.nist.gov/cgi/cbook.cgi?JCAMP=C501520&Index=2&Type=IR	reason=download_http_404	message=
2026-07-02 22:23:34	cid=107	cas=501-52-0	modality=ir	url=https://webbook.nist.gov/cgi/cbook.cgi?JCAMP=C501520&Index=3&Type=IR	reason=download_http_404	message=
2026-07-02 22:23:35	cid=107	cas=501-52-0	modality=ir	url=https://webbook.nist.gov/cgi/cbook.cgi?JCAMP=C501520&Index=4&Type=IR	reason=download_http_404	message=
2026-07-02 22:23:37	cid=107	cas=501-52-0	modality=ir	url=https://webbook.nist.gov/cgi/cbook.cgi?JCAMP=C501520&Index=5&Type=IR	reason=download_http_404	message=
2026-07-02 22:23:41	cid=107	cas=501-52-0	modality=ir	url=https://webbook.nist.gov/cgi/cbook.cgi?JCAMP=C501520&Index=6&Type=IR	reason=download_http_404	message=
2026-07-02 22:23:41	cid=107	cas=501-52-0	modality=ir	url=https://webbook.nist.gov/cgi/cbook.cgi?JCAMP=C501520&Index=7&Type=IR	reason=download_http_404	message=
2026-07-02 22:23:45	cid=107	cas=501-52-0	modality=ir	url=https://webbook.nist.gov/cgi/cbook.cgi?JCAMP=C501520&Index=8&Type=IR	reason=download_http_404	message=
2026-07-02 22:23:51	cid=107	cas=501-52-0	modality=ir	url=https://webbook.nist.gov/cgi/cbook.cgi?JCAMP=C501520&Index=9&Type=IR	reason=download_http_404	message=
2026-07-02 22:23:51	cid=107	cas=501-52-0	modality=uvvis	url=https://webbook.nist.gov/cgi/cbook.cgi?JCAMP=C501520&Index=1&Type=UVVis	reason=download_http_404	message=
2026-07-02 22:23:51	cid=107	cas=501-52-0	modality=uvvis	url=https://webbook.nist.gov/cgi/cbook.cgi?JCAMP=C501520&Index=2&Type=UVVis	reason=download_http_404	message=
2026-07-02 22:23:52	cid=107	cas=501-52-0	modality=uvvis	url=https://webbook.nist.gov/cgi/cbook.cgi?JCAMP=C501520&Index=3&Type=UVVis	reason=download_http_404	message=
2026-07-02 22:23:52	cid=107	cas=501-52-0	modality=uvvis	url=https://webbook.nist.gov/cgi/cbook.cgi?JCAMP=C501520&Index=4&Type=UVVis	reason=download_http_404	message=
2026-07-02 22:23:56	cid=107	cas=501-52-0	modality=uvvis	url=https://webbook.nist.gov/cgi/cbook.cgi?JCAMP=C501520&Index=5&Type=UVVis	reason=download_http_404	message=
2026-07-02 22:23:57	cid=107	cas=501-52-0	modality=uvvis	url=https://webbook.nist.gov/cgi/cbook.cgi?JCAMP=C501520&Index=6&Type=UVVis	reason=download_http_404	message=
2026-07-02 22:23:57	cid=107	cas=501-52-0	modality=uvvis	url=https://webbook.nist.gov/cgi/cbook.cgi?JCAMP=C501520&Index=7&Type=UVVis	reason=download_http_404	message=
2026-07-02 22:23:57	cid=107	cas=501-52-0	modality=uvvis	url=https://webbook.nist.gov/cgi/cbook.cgi?JCAMP=C501520&Index=8&Type=UVVis	reason=download_http_404	message=
2026-07-02 22:23:58	cid=107	cas=501-52-0	modality=uvvis	url=https://webbook.nist.gov/cgi/cbook.cgi?JCAMP=C501520&Index=9&Type=UVVis	reason=download_http_404	message=
2026-07-02 22:24:01	cid=108	cas=501-81-5	modality=	url=https://webbook.nist.gov/cgi/cbook.cgi?ID=501-81-5&Units=SI&Mask=480	reason=nist_not_found	message=
2026-07-02 22:24:03	cid=109	cas=2381-08-0	modality=	url=https://webbook.nist.gov/cgi/cbook.cgi?ID=2381-08-0&Units=SI&Mask=480	reason=nist_not_found	message=
2026-07-02 22:24:05	cid=110	cas=88947-38-0	modality=	url=https://webbook.nist.gov/cgi/cbook.cgi?ID=88947-38-0&Units=SI&Mask=480	reason=nist_not_found	message=
2026-07-02 22:24:08	cid=111	cas=462-88-4	modality=	url=https://webbook.nist.gov/cgi/cbook.cgi?ID=462-88-4&Units=SI&Mask=480	reason=nist_not_found	message=
2026-07-02 22:24:08	cid=112	cas=	modality=	url=	reason=not_found	message=pubchem_synonyms_404
2026-07-02 22:24:10	cid=113	cas=	modality=	url=	reason=not_found	message=no_cas_in_synonyms
2026-07-02 22:24:13	cid=114	cas=17270-50-7	modality=	url=https://webbook.nist.gov/cgi/cbook.cgi?ID=17270-50-7&Units=SI&Mask=480	reason=nist_not_found	message=
2026-07-02 22:24:15	cid=115	cas=	modality=	url=	reason=not_found	message=pubchem_synonyms_404
2026-07-02 22:24:16	cid=116	cas=	modality=	url=	reason=not_found	message=no_cas_in_synonyms
2026-07-02 22:24:18	cid=117	cas=4919-04-4	modality=	url=https://webbook.nist.gov/cgi/cbook.cgi?ID=4919-04-4&Units=SI&Mask=480	reason=nist_not_found	message=
2026-07-02 22:24:20	cid=118	cas=4390-05-0	modality=	url=https://webbook.nist.gov/cgi/cbook.cgi?ID=4390-05-0&Units=SI&Mask=480	reason=nist_not_found	message=
2026-07-02 22:24:31	cid=119	cas=56-12-2	modality=ir	url=https://webbook.nist.gov/cgi/cbook.cgi?JCAMP=C56122&Index=1&Type=IR	reason=download_http_404	message=
2026-07-02 22:24:31	cid=119	cas=56-12-2	modality=ir	url=https://webbook.nist.gov/cgi/cbook.cgi?JCAMP=C56122&Index=2&Type=IR	reason=download_http_404	message=
2026-07-02 22:24:33	cid=119	cas=56-12-2	modality=ir	url=https://webbook.nist.gov/cgi/cbook.cgi?JCAMP=C56122&Index=3&Type=IR	reason=download_http_404	message=
2026-07-02 22:24:34	cid=119	cas=56-12-2	modality=ir	url=https://webbook.nist.gov/cgi/cbook.cgi?JCAMP=C56122&Index=4&Type=IR	reason=download_http_404	message=
2026-07-02 22:24:34	cid=119	cas=56-12-2	modality=ir	url=https://webbook.nist.gov/cgi/cbook.cgi?JCAMP=C56122&Index=5&Type=IR	reason=download_http_404	message=
2026-07-02 22:24:39	cid=119	cas=56-12-2	modality=ir	url=https://webbook.nist.gov/cgi/cbook.cgi?JCAMP=C56122&Index=6&Type=IR	reason=download_http_404	message=
2026-07-02 22:24:39	cid=119	cas=56-12-2	modality=ir	url=https://webbook.nist.gov/cgi/cbook.cgi?JCAMP=C56122&Index=7&Type=IR	reason=download_http_404	message=
2026-07-02 22:24:39	cid=119	cas=56-12-2	modality=ir	url=https://webbook.nist.gov/cgi/cbook.cgi?JCAMP=C56122&Index=8&Type=IR	reason=download_http_404	message=
2026-07-02 22:24:41	cid=119	cas=56-12-2	modality=ir	url=https://webbook.nist.gov/cgi/cbook.cgi?JCAMP=C56122&Index=9&Type=IR	reason=download_http_404	message=
2026-07-02 22:24:42	cid=120	cas=3374-46-7	modality=	url=https://webbook.nist.gov/cgi/cbook.cgi?ID=3374-46-7&Units=SI&Mask=480	reason=nist_not_found	message=
2026-07-02 22:24:44	cid=121	cas=	modality=	url=	reason=not_found	message=no_cas_in_synonyms
2026-07-02 22:24:45	cid=122	cas=	modality=	url=	reason=not_found	message=no_cas_in_synonyms
2026-07-02 22:24:49	cid=123	cas=4210-97-3	modality=	url=https://webbook.nist.gov/cgi/cbook.cgi?ID=4210-97-3&Units=SI&Mask=480	reason=nist_not_found	message=
2026-07-02 22:24:50	cid=124	cas=3318-73-8	modality=	url=https://webbook.nist.gov/cgi/cbook.cgi?ID=3318-73-8&Units=SI&Mask=480	reason=nist_not_found	message=
2026-07-02 22:24:54	cid=125	cas=623-05-2	modality=ir	url=https://webbook.nist.gov/cgi/cbook.cgi?JCAMP=C623052&Index=1&Type=IR	reason=download_http_404	message=
2026-07-02 22:24:55	cid=125	cas=623-05-2	modality=ir	url=https://webbook.nist.gov/cgi/cbook.cgi?JCAMP=C623052&Index=2&Type=IR	reason=download_http_404	message=
2026-07-02 22:24:56	cid=125	cas=623-05-2	modality=ir	url=https://webbook.nist.gov/cgi/cbook.cgi?JCAMP=C623052&Index=3&Type=IR	reason=download_http_404	message=
2026-07-02 22:25:00	cid=125	cas=623-05-2	modality=ir	url=https://webbook.nist.gov/cgi/cbook.cgi?JCAMP=C623052&Index=4&Type=IR	reason=download_http_404	message=
2026-07-02 22:25:01	cid=125	cas=623-05-2	modality=ir	url=https://webbook.nist.gov/cgi/cbook.cgi?JCAMP=C623052&Index=5&Type=IR	reason=download_http_404	message=
2026-07-02 22:25:01	cid=125	cas=623-05-2	modality=ir	url=https://webbook.nist.gov/cgi/cbook.cgi?JCAMP=C623052&Index=6&Type=IR	reason=download_http_404	message=
2026-07-02 22:25:01	cid=125	cas=623-05-2	modality=ir	url=https://webbook.nist.gov/cgi/cbook.cgi?JCAMP=C623052&Index=7&Type=IR	reason=download_http_404	message=
2026-07-02 22:25:02	cid=125	cas=623-05-2	modality=ir	url=https://webbook.nist.gov/cgi/cbook.cgi?JCAMP=C623052&Index=8&Type=IR	reason=download_http_404	message=
2026-07-02 22:25:06	cid=125	cas=623-05-2	modality=ir	url=https://webbook.nist.gov/cgi/cbook.cgi?JCAMP=C623052&Index=9&Type=IR	reason=download_http_404	message=
2026-07-02 22:25:07	cid=125	cas=623-05-2	modality=uvvis	url=https://webbook.nist.gov/cgi/cbook.cgi?JCAMP=C623052&Index=1&Type=UVVis	reason=download_http_404	message=
2026-07-02 22:25:07	cid=125	cas=623-05-2	modality=uvvis	url=https://webbook.nist.gov/cgi/cbook.cgi?JCAMP=C623052&Index=2&Type=UVVis	reason=download_http_404	message=
2026-07-02 22:25:08	cid=125	cas=623-05-2	modality=uvvis	url=https://webbook.nist.gov/cgi/cbook.cgi?JCAMP=C623052&Index=3&Type=UVVis	reason=download_http_404	message=
2026-07-02 22:25:18	cid=125	cas=623-05-2	modality=uvvis	url=https://webbook.nist.gov/cgi/cbook.cgi?JCAMP=C623052&Index=4&Type=UVVis	reason=download_http_404	message=
2026-07-02 22:25:18	cid=125	cas=623-05-2	modality=uvvis	url=https://webbook.nist.gov/cgi/cbook.cgi?JCAMP=C623052&Index=5&Type=UVVis	reason=download_http_404	message=
2026-07-02 22:25:19	cid=125	cas=623-05-2	modality=uvvis	url=https://webbook.nist.gov/cgi/cbook.cgi?JCAMP=C623052&Index=6&Type=UVVis	reason=download_http_404	message=
2026-07-02 22:25:19	cid=125	cas=623-05-2	modality=uvvis	url=https://webbook.nist.gov/cgi/cbook.cgi?JCAMP=C623052&Index=7&Type=UVVis	reason=download_http_404	message=
2026-07-02 22:25:20	cid=125	cas=623-05-2	modality=uvvis	url=https://webbook.nist.gov/cgi/cbook.cgi?JCAMP=C623052&Index=8&Type=UVVis	reason=download_http_404	message=
2026-07-02 22:25:30	cid=125	cas=623-05-2	modality=uvvis	url=https://webbook.nist.gov/cgi/cbook.cgi?JCAMP=C623052&Index=9&Type=UVVis	reason=download_http_404	message=
2026-07-02 22:25:38	cid=126	cas=123-08-0	modality=ir	url=https://webbook.nist.gov/cgi/cbook.cgi?JCAMP=C123080&Index=3&Type=IR	reason=download_http_404	message=
2026-07-02 22:25:38	cid=126	cas=123-08-0	modality=ir	url=https://webbook.nist.gov/cgi/cbook.cgi?JCAMP=C123080&Index=4&Type=IR	reason=download_http_404	message=
2026-07-02 22:25:42	cid=126	cas=123-08-0	modality=ir	url=https://webbook.nist.gov/cgi/cbook.cgi?JCAMP=C123080&Index=5&Type=IR	reason=download_http_404	message=
2026-07-02 22:25:44	cid=126	cas=123-08-0	modality=ir	url=https://webbook.nist.gov/cgi/cbook.cgi?JCAMP=C123080&Index=6&Type=IR	reason=download_http_404	message=
2026-07-02 22:25:44	cid=126	cas=123-08-0	modality=ir	url=https://webbook.nist.gov/cgi/cbook.cgi?JCAMP=C123080&Index=7&Type=IR	reason=download_http_404	message=
2026-07-02 22:25:45	cid=126	cas=123-08-0	modality=ir	url=https://webbook.nist.gov/cgi/cbook.cgi?JCAMP=C123080&Index=8&Type=IR	reason=download_http_404	message=
2026-07-02 22:25:50	cid=126	cas=123-08-0	modality=ir	url=https://webbook.nist.gov/cgi/cbook.cgi?JCAMP=C123080&Index=9&Type=IR	reason=download_http_404	message=
2026-07-02 22:25:50	cid=126	cas=123-08-0	modality=uvvis	url=https://webbook.nist.gov/cgi/cbook.cgi?JCAMP=C123080&Index=1&Type=UVVis	reason=download_http_404	message=
2026-07-02 22:25:50	cid=126	cas=123-08-0	modality=uvvis	url=https://webbook.nist.gov/cgi/cbook.cgi?JCAMP=C123080&Index=2&Type=UVVis	reason=download_http_404	message=
2026-07-02 22:25:51	cid=126	cas=123-08-0	modality=uvvis	url=https://webbook.nist.gov/cgi/cbook.cgi?JCAMP=C123080&Index=3&Type=UVVis	reason=download_http_404	message=
2026-07-02 22:25:51	cid=126	cas=123-08-0	modality=uvvis	url=https://webbook.nist.gov/cgi/cbook.cgi?JCAMP=C123080&Index=4&Type=UVVis	reason=download_http_404	message=
2026-07-02 22:25:56	cid=126	cas=123-08-0	modality=uvvis	url=https://webbook.nist.gov/cgi/cbook.cgi?JCAMP=C123080&Index=5&Type=UVVis	reason=download_http_404	message=
2026-07-02 22:25:56	cid=126	cas=123-08-0	modality=uvvis	url=https://webbook.nist.gov/cgi/cbook.cgi?JCAMP=C123080&Index=6&Type=UVVis	reason=download_http_404	message=
2026-07-02 22:25:56	cid=126	cas=123-08-0	modality=uvvis	url=https://webbook.nist.gov/cgi/cbook.cgi?JCAMP=C123080&Index=7&Type=UVVis	reason=download_http_404	message=
2026-07-02 22:25:57	cid=126	cas=123-08-0	modality=uvvis	url=https://webbook.nist.gov/cgi/cbook.cgi?JCAMP=C123080&Index=8&Type=UVVis	reason=download_http_404	message=
2026-07-02 22:25:58	cid=126	cas=123-08-0	modality=uvvis	url=https://webbook.nist.gov/cgi/cbook.cgi?JCAMP=C123080&Index=9&Type=UVVis	reason=download_http_404	message=
2026-07-02 22:26:04	cid=127	cas=156-38-7	modality=uvvis	url=https://webbook.nist.gov/cgi/cbook.cgi?JCAMP=C156387&Index=1&Type=UVVis	reason=download_http_404	message=
2026-07-02 22:26:04	cid=127	cas=156-38-7	modality=uvvis	url=https://webbook.nist.gov/cgi/cbook.cgi?JCAMP=C156387&Index=2&Type=UVVis	reason=download_http_404	message=
2026-07-02 22:26:09	cid=127	cas=156-38-7	modality=uvvis	url=https://webbook.nist.gov/cgi/cbook.cgi?JCAMP=C156387&Index=3&Type=UVVis	reason=download_http_404	message=
2026-07-02 22:26:13	cid=127	cas=156-38-7	modality=uvvis	url=https://webbook.nist.gov/cgi/cbook.cgi?JCAMP=C156387&Index=4&Type=UVVis	reason=download_http_404	message=
2026-07-02 22:26:13	cid=127	cas=156-38-7	modality=uvvis	url=https://webbook.nist.gov/cgi/cbook.cgi?JCAMP=C156387&Index=5&Type=UVVis	reason=download_http_404	message=
2026-07-02 22:26:18	cid=127	cas=156-38-7	modality=uvvis	url=https://webbook.nist.gov/cgi/cbook.cgi?JCAMP=C156387&Index=6&Type=UVVis	reason=download_http_404	message=
2026-07-02 22:26:19	cid=127	cas=156-38-7	modality=uvvis	url=https://webbook.nist.gov/cgi/cbook.cgi?JCAMP=C156387&Index=7&Type=UVVis	reason=download_http_404	message=
2026-07-02 22:26:19	cid=127	cas=156-38-7	modality=uvvis	url=https://webbook.nist.gov/cgi/cbook.cgi?JCAMP=C156387&Index=8&Type=UVVis	reason=download_http_404	message=
2026-07-02 22:26:20	cid=127	cas=156-38-7	modality=uvvis	url=https://webbook.nist.gov/cgi/cbook.cgi?JCAMP=C156387&Index=9&Type=UVVis	reason=download_http_404	message=
2026-07-02 22:26:21	cid=128	cas=17340-16-8	modality=	url=https://webbook.nist.gov/cgi/cbook.cgi?ID=17340-16-8&Units=SI&Mask=480	reason=nist_not_found	message=
2026-07-02 22:26:24	cid=129	cas=1119-16-0	modality=	url=https://webbook.nist.gov/cgi/cbook.cgi?ID=1119-16-0&Units=SI&Mask=480	reason=no_jcamp_links	message=
2026-07-02 22:26:26	cid=130	cas=	modality=	url=	reason=not_found	message=no_cas_in_synonyms
2026-07-02 22:26:27	cid=131	cas=	modality=	url=	reason=not_found	message=no_cas_in_synonyms
2026-07-02 22:26:28	cid=132	cas=	modality=	url=	reason=not_found	message=pubchem_synonyms_404
2026-07-02 22:26:30	cid=133	cas=64595-66-0	modality=	url=https://webbook.nist.gov/cgi/cbook.cgi?ID=64595-66-0&Units=SI&Mask=480	reason=nist_not_found	message=
2026-07-02 22:26:32	cid=134	cas=10329-41-6	modality=	url=https://webbook.nist.gov/cgi/cbook.cgi?ID=10329-41-6&Units=SI&Mask=480	reason=nist_not_found	message=
2026-07-02 22:26:40	cid=135	cas=99-96-7	modality=ir	url=https://webbook.nist.gov/cgi/cbook.cgi?JCAMP=C99967&Index=2&Type=IR	reason=download_http_404	message=
2026-07-02 22:26:40	cid=135	cas=99-96-7	modality=ir	url=https://webbook.nist.gov/cgi/cbook.cgi?JCAMP=C99967&Index=3&Type=IR	reason=download_http_404	message=
2026-07-02 22:26:40	cid=135	cas=99-96-7	modality=ir	url=https://webbook.nist.gov/cgi/cbook.cgi?JCAMP=C99967&Index=4&Type=IR	reason=download_http_404	message=
2026-07-02 22:26:45	cid=135	cas=99-96-7	modality=ir	url=https://webbook.nist.gov/cgi/cbook.cgi?JCAMP=C99967&Index=5&Type=IR	reason=download_http_404	message=
2026-07-02 22:26:46	cid=135	cas=99-96-7	modality=ir	url=https://webbook.nist.gov/cgi/cbook.cgi?JCAMP=C99967&Index=6&Type=IR	reason=download_http_404	message=
2026-07-02 22:26:47	cid=135	cas=99-96-7	modality=ir	url=https://webbook.nist.gov/cgi/cbook.cgi?JCAMP=C99967&Index=7&Type=IR	reason=download_http_404	message=
2026-07-02 22:26:47	cid=135	cas=99-96-7	modality=ir	url=https://webbook.nist.gov/cgi/cbook.cgi?JCAMP=C99967&Index=8&Type=IR	reason=download_http_404	message=
2026-07-02 22:26:48	cid=135	cas=99-96-7	modality=ir	url=https://webbook.nist.gov/cgi/cbook.cgi?JCAMP=C99967&Index=9&Type=IR	reason=download_http_404	message=
2026-07-02 22:26:52	cid=135	cas=99-96-7	modality=uvvis	url=https://webbook.nist.gov/cgi/cbook.cgi?JCAMP=C99967&Index=1&Type=UVVis	reason=download_http_404	message=
2026-07-02 22:26:53	cid=135	cas=99-96-7	modality=uvvis	url=https://webbook.nist.gov/cgi/cbook.cgi?JCAMP=C99967&Index=2&Type=UVVis	reason=download_http_404	message=
2026-07-02 22:26:54	cid=135	cas=99-96-7	modality=uvvis	url=https://webbook.nist.gov/cgi/cbook.cgi?JCAMP=C99967&Index=3&Type=UVVis	reason=download_http_404	message=
2026-07-02 22:26:54	cid=135	cas=99-96-7	modality=uvvis	url=https://webbook.nist.gov/cgi/cbook.cgi?JCAMP=C99967&Index=4&Type=UVVis	reason=download_http_404	message=
2026-07-02 22:26:54	cid=135	cas=99-96-7	modality=uvvis	url=https://webbook.nist.gov/cgi/cbook.cgi?JCAMP=C99967&Index=5&Type=UVVis	reason=download_http_404	message=
2026-07-02 22:27:06	cid=135	cas=99-96-7	modality=uvvis	url=https://webbook.nist.gov/cgi/cbook.cgi?JCAMP=C99967&Index=6&Type=UVVis	reason=download_http_404	message=
2026-07-02 22:27:06	cid=135	cas=99-96-7	modality=uvvis	url=https://webbook.nist.gov/cgi/cbook.cgi?JCAMP=C99967&Index=7&Type=UVVis	reason=download_http_404	message=
2026-07-02 22:27:06	cid=135	cas=99-96-7	modality=uvvis	url=https://webbook.nist.gov/cgi/cbook.cgi?JCAMP=C99967&Index=8&Type=UVVis	reason=download_http_404	message=
2026-07-02 22:27:07	cid=135	cas=99-96-7	modality=uvvis	url=https://webbook.nist.gov/cgi/cbook.cgi?JCAMP=C99967&Index=9&Type=UVVis	reason=download_http_404	message=
2026-07-02 22:27:08	cid=137	cas=106-60-5	modality=	url=https://webbook.nist.gov/cgi/cbook.cgi?ID=106-60-5&Units=SI&Mask=480	reason=nist_not_found	message=
2026-07-02 22:27:10	cid=138	cas=660-88-8	modality=	url=https://webbook.nist.gov/cgi/cbook.cgi?ID=660-88-8&Units=SI&Mask=480	reason=no_jcamp_links	message=
2026-07-02 22:27:11	cid=139	cas=	modality=	url=	reason=not_found	message=pubchem_synonyms_404
2026-07-02 22:27:13	cid=140	cas=	modality=	url=	reason=not_found	message=no_cas_in_synonyms
2026-07-02 22:27:14	cid=141	cas=	modality=	url=	reason=not_found	message=pubchem_synonyms_404
2026-07-02 22:27:16	cid=142	cas=72-90-2	modality=	url=https://webbook.nist.gov/cgi/cbook.cgi?ID=72-90-2&Units=SI&Mask=480	reason=nist_not_found	message=
2026-07-02 22:27:18	cid=144	cas=56-69-9	modality=	url=https://webbook.nist.gov/cgi/cbook.cgi?ID=56-69-9&Units=SI&Mask=480	reason=nist_not_found	message=
2026-07-02 22:27:20	cid=145	cas=	modality=	url=	reason=not_found	message=no_cas_in_synonyms
2026-07-02 22:27:22	cid=149	cas=2457-81-0	modality=	url=https://webbook.nist.gov/cgi/cbook.cgi?ID=2457-81-0&Units=SI&Mask=480	reason=nist_not_found	message=
2026-07-02 22:27:23	cid=150	cas=	modality=	url=	reason=not_found	message=no_cas_in_synonyms
2026-07-02 22:27:26	cid=151	cas=349-34-8	modality=	url=https://webbook.nist.gov/cgi/cbook.cgi?ID=349-34-8&Units=SI&Mask=480	reason=nist_not_found	message=
2026-07-02 22:27:27	cid=152	cas=92379-77-6	modality=	url=https://webbook.nist.gov/cgi/cbook.cgi?ID=92379-77-6&Units=SI&Mask=480	reason=nist_not_found	message=
2026-07-02 22:27:28	cid=153	cas=	modality=	url=	reason=not_found	message=no_cas_in_synonyms
2026-07-02 22:27:30	cid=154	cas=	modality=	url=	reason=not_found	message=no_cas_in_synonyms
2026-07-02 22:27:32	cid=155	cas=4919-06-6	modality=	url=https://webbook.nist.gov/cgi/cbook.cgi?ID=4919-06-6&Units=SI&Mask=480	reason=nist_not_found	message=
2026-07-02 22:27:34	cid=156	cas=10593-78-9	modality=	url=https://webbook.nist.gov/cgi/cbook.cgi?ID=10593-78-9&Units=SI&Mask=480	reason=nist_not_found	message=
2026-07-02 22:27:35	cid=157	cas=	modality=	url=	reason=not_found	message=no_cas_in_synonyms
2026-07-02 22:27:37	cid=158	cas=154170-57-7	modality=	url=https://webbook.nist.gov/cgi/cbook.cgi?ID=154170-57-7&Units=SI&Mask=480	reason=nist_not_found	message=
2026-07-02 22:27:38	cid=159	cas=63859-31-4	modality=	url=https://webbook.nist.gov/cgi/cbook.cgi?ID=63859-31-4&Units=SI&Mask=480	reason=nist_not_found	message=
2026-07-02 22:27:40	cid=160	cas=146388-90-1	modality=	url=https://webbook.nist.gov/cgi/cbook.cgi?ID=146388-90-1&Units=SI&Mask=480	reason=nist_not_found	message=
2026-07-02 22:27:41	cid=161	cas=	modality=	url=	reason=not_found	message=pubchem_synonyms_404
2026-07-02 22:27:43	cid=162	cas=3115-55-7	modality=	url=https://webbook.nist.gov/cgi/cbook.cgi?ID=3115-55-7&Units=SI&Mask=480	reason=nist_not_found	message=
2026-07-02 22:27:45	cid=164	cas=764-17-0	modality=	url=https://webbook.nist.gov/cgi/cbook.cgi?ID=764-17-0&Units=SI&Mask=480	reason=nist_not_found	message=
2026-07-02 22:27:46	cid=165	cas=	modality=	url=	reason=not_found	message=pubchem_synonyms_404
2026-07-02 22:27:48	cid=166	cas=	modality=	url=	reason=not_found	message=pubchem_synonyms_404
2026-07-02 22:27:51	cid=167	cas=	modality=	url=	reason=not_found	message=no_cas_in_synonyms
2026-07-02 22:27:52	cid=168	cas=	modality=	url=	reason=not_found	message=no_cas_in_synonyms
2026-07-02 22:27:53	cid=169	cas=73151-67-4	modality=	url=https://webbook.nist.gov/cgi/cbook.cgi?ID=73151-67-4&Units=SI&Mask=480	reason=nist_not_found	message=
2026-07-02 22:27:54	cid=172	cas=	modality=	url=	reason=not_found	message=no_cas_in_synonyms
2026-07-02 22:27:56	cid=173	cas=4707-58-8	modality=	url=https://webbook.nist.gov/cgi/cbook.cgi?ID=4707-58-8&Units=SI&Mask=480	reason=nist_not_found	message=
2026-07-02 22:28:00	cid=174	cas=107-21-1	modality=ir	url=https://webbook.nist.gov/cgi/cbook.cgi?JCAMP=C107211&Index=2&Type=IR	reason=download_http_404	message=
2026-07-02 22:28:01	cid=174	cas=107-21-1	modality=ir	url=https://webbook.nist.gov/cgi/cbook.cgi?JCAMP=C107211&Index=3&Type=IR	reason=download_http_404	message=
2026-07-02 22:28:01	cid=174	cas=107-21-1	modality=ir	url=https://webbook.nist.gov/cgi/cbook.cgi?JCAMP=C107211&Index=4&Type=IR	reason=download_http_404	message=
2026-07-02 22:28:06	cid=174	cas=107-21-1	modality=ir	url=https://webbook.nist.gov/cgi/cbook.cgi?JCAMP=C107211&Index=5&Type=IR	reason=download_http_404	message=
2026-07-02 22:28:06	cid=174	cas=107-21-1	modality=ir	url=https://webbook.nist.gov/cgi/cbook.cgi?JCAMP=C107211&Index=6&Type=IR	reason=download_http_404	message=
2026-07-02 22:28:06	cid=174	cas=107-21-1	modality=ir	url=https://webbook.nist.gov/cgi/cbook.cgi?JCAMP=C107211&Index=7&Type=IR	reason=download_http_404	message=
2026-07-02 22:28:07	cid=174	cas=107-21-1	modality=ir	url=https://webbook.nist.gov/cgi/cbook.cgi?JCAMP=C107211&Index=8&Type=IR	reason=download_http_404	message=
2026-07-02 22:28:07	cid=174	cas=107-21-1	modality=ir	url=https://webbook.nist.gov/cgi/cbook.cgi?JCAMP=C107211&Index=9&Type=IR	reason=download_http_404	message=
2026-07-02 22:28:10	cid=175	cas=71-50-1	modality=	url=https://webbook.nist.gov/cgi/cbook.cgi?ID=71-50-1&Units=SI&Mask=480	reason=no_jcamp_links	message=
2026-07-02 22:28:13	cid=176	cas=64-19-7	modality=ir	url=https://webbook.nist.gov/cgi/cbook.cgi?JCAMP=C1186523&Index=0&Type=IR	reason=download_http_404	message=
2026-07-02 22:28:13	cid=176	cas=64-19-7	modality=ir	url=https://webbook.nist.gov/cgi/cbook.cgi?JCAMP=C1186523&Index=1&Type=IR	reason=download_http_404	message=
2026-07-02 22:28:13	cid=176	cas=64-19-7	modality=ir	url=https://webbook.nist.gov/cgi/cbook.cgi?JCAMP=C1186523&Index=2&Type=IR	reason=download_http_404	message=
2026-07-02 22:28:14	cid=176	cas=64-19-7	modality=ir	url=https://webbook.nist.gov/cgi/cbook.cgi?JCAMP=C1186523&Index=3&Type=IR	reason=download_http_404	message=
2026-07-02 22:28:18	cid=176	cas=64-19-7	modality=ir	url=https://webbook.nist.gov/cgi/cbook.cgi?JCAMP=C1186523&Index=4&Type=IR	reason=download_http_404	message=
2026-07-02 22:28:19	cid=176	cas=64-19-7	modality=ir	url=https://webbook.nist.gov/cgi/cbook.cgi?JCAMP=C1186523&Index=5&Type=IR	reason=download_http_404	message=
2026-07-02 22:28:19	cid=176	cas=64-19-7	modality=ir	url=https://webbook.nist.gov/cgi/cbook.cgi?JCAMP=C1186523&Index=6&Type=IR	reason=download_http_404	message=
2026-07-02 22:28:20	cid=176	cas=64-19-7	modality=ir	url=https://webbook.nist.gov/cgi/cbook.cgi?JCAMP=C1186523&Index=7&Type=IR	reason=download_http_404	message=
2026-07-02 22:28:20	cid=176	cas=64-19-7	modality=ir	url=https://webbook.nist.gov/cgi/cbook.cgi?JCAMP=C1186523&Index=8&Type=IR	reason=download_http_404	message=
2026-07-02 22:28:25	cid=176	cas=64-19-7	modality=ir	url=https://webbook.nist.gov/cgi/cbook.cgi?JCAMP=C1186523&Index=9&Type=IR	reason=download_http_404	message=
2026-07-02 22:28:26	cid=176	cas=64-19-7	modality=uvvis	url=https://webbook.nist.gov/cgi/cbook.cgi?JCAMP=C1186523&Index=0&Type=UVVis	reason=download_http_404	message=
2026-07-02 22:28:26	cid=176	cas=64-19-7	modality=uvvis	url=https://webbook.nist.gov/cgi/cbook.cgi?JCAMP=C1186523&Index=1&Type=UVVis	reason=download_http_404	message=
2026-07-02 22:28:26	cid=176	cas=64-19-7	modality=uvvis	url=https://webbook.nist.gov/cgi/cbook.cgi?JCAMP=C1186523&Index=2&Type=UVVis	reason=download_http_404	message=
2026-07-02 22:28:27	cid=176	cas=64-19-7	modality=uvvis	url=https://webbook.nist.gov/cgi/cbook.cgi?JCAMP=C1186523&Index=3&Type=UVVis	reason=download_http_404	message=
2026-07-02 22:28:37	cid=176	cas=64-19-7	modality=uvvis	url=https://webbook.nist.gov/cgi/cbook.cgi?JCAMP=C1186523&Index=4&Type=UVVis	reason=download_http_404	message=
2026-07-02 22:28:37	cid=176	cas=64-19-7	modality=uvvis	url=https://webbook.nist.gov/cgi/cbook.cgi?JCAMP=C1186523&Index=5&Type=UVVis	reason=download_http_404	message=
2026-07-02 22:28:38	cid=176	cas=64-19-7	modality=uvvis	url=https://webbook.nist.gov/cgi/cbook.cgi?JCAMP=C1186523&Index=6&Type=UVVis	reason=download_http_404	message=
2026-07-02 22:28:38	cid=176	cas=64-19-7	modality=uvvis	url=https://webbook.nist.gov/cgi/cbook.cgi?JCAMP=C1186523&Index=7&Type=UVVis	reason=download_http_404	message=
2026-07-02 22:28:38	cid=176	cas=64-19-7	modality=uvvis	url=https://webbook.nist.gov/cgi/cbook.cgi?JCAMP=C1186523&Index=8&Type=UVVis	reason=download_http_404	message=
2026-07-02 22:28:49	cid=176	cas=64-19-7	modality=uvvis	url=https://webbook.nist.gov/cgi/cbook.cgi?JCAMP=C1186523&Index=9&Type=UVVis	reason=download_http_404	message=
2026-07-02 22:28:59	cid=177	cas=75-07-0	modality=ir	url=https://webbook.nist.gov/cgi/cbook.cgi?JCAMP=C75070&Index=3&Type=IR	reason=download_http_404	message=
2026-07-02 22:28:59	cid=177	cas=75-07-0	modality=ir	url=https://webbook.nist.gov/cgi/cbook.cgi?JCAMP=C75070&Index=4&Type=IR	reason=download_http_404	message=
2026-07-02 22:29:00	cid=177	cas=75-07-0	modality=ir	url=https://webbook.nist.gov/cgi/cbook.cgi?JCAMP=C75070&Index=5&Type=IR	reason=download_http_404	message=
2026-07-02 22:29:00	cid=177	cas=75-07-0	modality=ir	url=https://webbook.nist.gov/cgi/cbook.cgi?JCAMP=C75070&Index=6&Type=IR	reason=download_http_404	message=
2026-07-02 22:29:05	cid=177	cas=75-07-0	modality=ir	url=https://webbook.nist.gov/cgi/cbook.cgi?JCAMP=C75070&Index=7&Type=IR	reason=download_http_404	message=
2026-07-02 22:29:05	cid=177	cas=75-07-0	modality=ir	url=https://webbook.nist.gov/cgi/cbook.cgi?JCAMP=C75070&Index=8&Type=IR	reason=download_http_404	message=
2026-07-02 22:29:05	cid=177	cas=75-07-0	modality=ir	url=https://webbook.nist.gov/cgi/cbook.cgi?JCAMP=C75070&Index=9&Type=IR	reason=download_http_404	message=
2026-07-02 22:29:06	cid=177	cas=75-07-0	modality=uvvis	url=https://webbook.nist.gov/cgi/cbook.cgi?JCAMP=C75070&Index=1&Type=UVVis	reason=download_http_404	message=
2026-07-02 22:29:10	cid=177	cas=75-07-0	modality=uvvis	url=https://webbook.nist.gov/cgi/cbook.cgi?JCAMP=C75070&Index=2&Type=UVVis	reason=download_http_404	message=
2026-07-02 22:29:10	cid=177	cas=75-07-0	modality=uvvis	url=https://webbook.nist.gov/cgi/cbook.cgi?JCAMP=C75070&Index=3&Type=UVVis	reason=download_http_404	message=
2026-07-02 22:29:11	cid=177	cas=75-07-0	modality=uvvis	url=https://webbook.nist.gov/cgi/cbook.cgi?JCAMP=C75070&Index=4&Type=UVVis	reason=download_http_404	message=
2026-07-02 22:29:12	cid=177	cas=75-07-0	modality=uvvis	url=https://webbook.nist.gov/cgi/cbook.cgi?JCAMP=C75070&Index=5&Type=UVVis	reason=download_http_404	message=
2026-07-02 22:29:12	cid=177	cas=75-07-0	modality=uvvis	url=https://webbook.nist.gov/cgi/cbook.cgi?JCAMP=C75070&Index=6&Type=UVVis	reason=download_http_404	message=
2026-07-02 22:29:16	cid=177	cas=75-07-0	modality=uvvis	url=https://webbook.nist.gov/cgi/cbook.cgi?JCAMP=C75070&Index=7&Type=UVVis	reason=download_http_404	message=
2026-07-02 22:29:18	cid=177	cas=75-07-0	modality=uvvis	url=https://webbook.nist.gov/cgi/cbook.cgi?JCAMP=C75070&Index=8&Type=UVVis	reason=download_http_404	message=
2026-07-02 22:29:19	cid=177	cas=75-07-0	modality=uvvis	url=https://webbook.nist.gov/cgi/cbook.cgi?JCAMP=C75070&Index=9&Type=UVVis	reason=download_http_404	message=
2026-07-02 22:29:26	cid=178	cas=60-35-5	modality=ir	url=https://webbook.nist.gov/cgi/cbook.cgi?JCAMP=C60355&Index=3&Type=IR	reason=download_http_404	message=
2026-07-02 22:29:27	cid=178	cas=60-35-5	modality=ir	url=https://webbook.nist.gov/cgi/cbook.cgi?JCAMP=C60355&Index=4&Type=IR	reason=download_http_404	message=
2026-07-02 22:29:27	cid=178	cas=60-35-5	modality=ir	url=https://webbook.nist.gov/cgi/cbook.cgi?JCAMP=C60355&Index=5&Type=IR	reason=download_http_404	message=
2026-07-02 22:29:37	cid=178	cas=60-35-5	modality=ir	url=https://webbook.nist.gov/cgi/cbook.cgi?JCAMP=C60355&Index=6&Type=IR	reason=download_http_404	message=
2026-07-02 22:29:38	cid=178	cas=60-35-5	modality=ir	url=https://webbook.nist.gov/cgi/cbook.cgi?JCAMP=C60355&Index=7&Type=IR	reason=download_http_404	message=
2026-07-02 22:29:38	cid=178	cas=60-35-5	modality=ir	url=https://webbook.nist.gov/cgi/cbook.cgi?JCAMP=C60355&Index=8&Type=IR	reason=download_http_404	message=
2026-07-02 22:29:38	cid=178	cas=60-35-5	modality=ir	url=https://webbook.nist.gov/cgi/cbook.cgi?JCAMP=C60355&Index=9&Type=IR	reason=download_http_404	message=
2026-07-02 22:29:46	cid=179	cas=513-86-0	modality=ir	url=https://webbook.nist.gov/cgi/cbook.cgi?JCAMP=C52217024&Index=0&Type=IR	reason=download_http_404	message=
2026-07-02 22:29:46	cid=179	cas=513-86-0	modality=ir	url=https://webbook.nist.gov/cgi/cbook.cgi?JCAMP=C52217024&Index=1&Type=IR	reason=download_http_404	message=
2026-07-02 22:29:47	cid=179	cas=513-86-0	modality=ir	url=https://webbook.nist.gov/cgi/cbook.cgi?JCAMP=C52217024&Index=2&Type=IR	reason=download_http_404	message=
2026-07-02 22:29:47	cid=179	cas=513-86-0	modality=ir	url=https://webbook.nist.gov/cgi/cbook.cgi?JCAMP=C52217024&Index=3&Type=IR	reason=download_http_404	message=
2026-07-02 22:29:48	cid=179	cas=513-86-0	modality=ir	url=https://webbook.nist.gov/cgi/cbook.cgi?JCAMP=C52217024&Index=4&Type=IR	reason=download_http_404	message=
2026-07-02 22:29:52	cid=179	cas=513-86-0	modality=ir	url=https://webbook.nist.gov/cgi/cbook.cgi?JCAMP=C52217024&Index=5&Type=IR	reason=download_http_404	message=
2026-07-02 22:29:52	cid=179	cas=513-86-0	modality=ir	url=https://webbook.nist.gov/cgi/cbook.cgi?JCAMP=C52217024&Index=6&Type=IR	reason=download_http_404	message=
2026-07-02 22:29:56	cid=179	cas=513-86-0	modality=ir	url=https://webbook.nist.gov/cgi/cbook.cgi?JCAMP=C52217024&Index=7&Type=IR	reason=download_http_404	message=
2026-07-02 22:29:57	cid=179	cas=513-86-0	modality=ir	url=https://webbook.nist.gov/cgi/cbook.cgi?JCAMP=C52217024&Index=8&Type=IR	reason=download_http_404	message=
2026-07-02 22:29:58	cid=179	cas=513-86-0	modality=ir	url=https://webbook.nist.gov/cgi/cbook.cgi?JCAMP=C52217024&Index=9&Type=IR	reason=download_http_404	message=
2026-07-02 22:30:03	cid=180	cas=67-64-1	modality=ir	url=https://webbook.nist.gov/cgi/cbook.cgi?JCAMP=C666524&Index=0&Type=IR	reason=download_http_404	message=
2026-07-02 22:30:03	cid=180	cas=67-64-1	modality=ir	url=https://webbook.nist.gov/cgi/cbook.cgi?JCAMP=C666524&Index=1&Type=IR	reason=download_http_404	message=
2026-07-02 22:30:04	cid=180	cas=67-64-1	modality=ir	url=https://webbook.nist.gov/cgi/cbook.cgi?JCAMP=C666524&Index=2&Type=IR	reason=download_http_404	message=
2026-07-02 22:30:05	cid=180	cas=67-64-1	modality=ir	url=https://webbook.nist.gov/cgi/cbook.cgi?JCAMP=C666524&Index=3&Type=IR	reason=download_http_404	message=
2026-07-02 22:30:10	cid=180	cas=67-64-1	modality=ir	url=https://webbook.nist.gov/cgi/cbook.cgi?JCAMP=C666524&Index=4&Type=IR	reason=download_http_404	message=
2026-07-02 22:30:10	cid=180	cas=67-64-1	modality=ir	url=https://webbook.nist.gov/cgi/cbook.cgi?JCAMP=C666524&Index=5&Type=IR	reason=download_http_404	message=
2026-07-02 22:30:10	cid=180	cas=67-64-1	modality=ir	url=https://webbook.nist.gov/cgi/cbook.cgi?JCAMP=C666524&Index=6&Type=IR	reason=download_http_404	message=
2026-07-02 22:30:11	cid=180	cas=67-64-1	modality=ir	url=https://webbook.nist.gov/cgi/cbook.cgi?JCAMP=C666524&Index=7&Type=IR	reason=download_http_404	message=
2026-07-02 22:30:11	cid=180	cas=67-64-1	modality=ir	url=https://webbook.nist.gov/cgi/cbook.cgi?JCAMP=C666524&Index=8&Type=IR	reason=download_http_404	message=
2026-07-02 22:30:16	cid=180	cas=67-64-1	modality=ir	url=https://webbook.nist.gov/cgi/cbook.cgi?JCAMP=C666524&Index=9&Type=IR	reason=download_http_404	message=
2026-07-02 22:30:16	cid=180	cas=67-64-1	modality=uvvis	url=https://webbook.nist.gov/cgi/cbook.cgi?JCAMP=C666524&Index=0&Type=UVVis	reason=download_http_404	message=
2026-07-02 22:30:17	cid=180	cas=67-64-1	modality=uvvis	url=https://webbook.nist.gov/cgi/cbook.cgi?JCAMP=C666524&Index=1&Type=UVVis	reason=download_http_404	message=
2026-07-02 22:30:17	cid=180	cas=67-64-1	modality=uvvis	url=https://webbook.nist.gov/cgi/cbook.cgi?JCAMP=C666524&Index=2&Type=UVVis	reason=download_http_404	message=
2026-07-02 22:30:18	cid=180	cas=67-64-1	modality=uvvis	url=https://webbook.nist.gov/cgi/cbook.cgi?JCAMP=C666524&Index=3&Type=UVVis	reason=download_http_404	message=
2026-07-02 22:30:22	cid=180	cas=67-64-1	modality=uvvis	url=https://webbook.nist.gov/cgi/cbook.cgi?JCAMP=C666524&Index=4&Type=UVVis	reason=download_http_404	message=
2026-07-02 22:30:24	cid=180	cas=67-64-1	modality=uvvis	url=https://webbook.nist.gov/cgi/cbook.cgi?JCAMP=C666524&Index=5&Type=UVVis	reason=download_http_404	message=
2026-07-02 22:30:25	cid=180	cas=67-64-1	modality=uvvis	url=https://webbook.nist.gov/cgi/cbook.cgi?JCAMP=C666524&Index=6&Type=UVVis	reason=download_http_404	message=
2026-07-02 22:30:26	cid=180	cas=67-64-1	modality=uvvis	url=https://webbook.nist.gov/cgi/cbook.cgi?JCAMP=C666524&Index=7&Type=UVVis	reason=download_http_404	message=
2026-07-02 22:30:26	cid=180	cas=67-64-1	modality=uvvis	url=https://webbook.nist.gov/cgi/cbook.cgi?JCAMP=C666524&Index=8&Type=UVVis	reason=download_http_404	message=
2026-07-02 22:30:30	cid=180	cas=67-64-1	modality=uvvis	url=https://webbook.nist.gov/cgi/cbook.cgi?JCAMP=C666524&Index=9&Type=UVVis	reason=download_http_404	message=
2026-07-02 22:30:31	cid=184	cas=	modality=	url=	reason=not_found	message=no_cas_in_synonyms
2026-07-02 22:30:33	cid=185	cas=5817-08-3	modality=	url=https://webbook.nist.gov/cgi/cbook.cgi?ID=5817-08-3&Units=SI&Mask=480	reason=nist_not_found	message=
2026-07-02 22:30:35	cid=186	cas=590-54-5	modality=	url=https://webbook.nist.gov/cgi/cbook.cgi?ID=590-54-5&Units=SI&Mask=480	reason=nist_not_found	message=
2026-07-02 22:30:38	cid=187	cas=51-84-3	modality=	url=https://webbook.nist.gov/cgi/cbook.cgi?ID=51-84-3&Units=SI&Mask=480	reason=nist_not_found	message=
2026-07-02 22:30:39	cid=188	cas=	modality=	url=	reason=not_found	message=pubchem_synonyms_404
2026-07-02 22:30:43	cid=189	cas=4985-36-8	modality=	url=https://webbook.nist.gov/cgi/cbook.cgi?ID=4985-36-8&Units=SI&Mask=480	reason=nist_not_found	message=
2026-07-02 22:30:54	cid=190	cas=73-24-5	modality=ir	url=https://webbook.nist.gov/cgi/cbook.cgi?JCAMP=C73245&Index=3&Type=IR	reason=download_http_404	message=
2026-07-02 22:30:55	cid=190	cas=73-24-5	modality=ir	url=https://webbook.nist.gov/cgi/cbook.cgi?JCAMP=C73245&Index=4&Type=IR	reason=download_http_404	message=
2026-07-02 22:30:55	cid=190	cas=73-24-5	modality=ir	url=https://webbook.nist.gov/cgi/cbook.cgi?JCAMP=C73245&Index=5&Type=IR	reason=download_http_404	message=
2026-07-02 22:30:55	cid=190	cas=73-24-5	modality=ir	url=https://webbook.nist.gov/cgi/cbook.cgi?JCAMP=C73245&Index=6&Type=IR	reason=download_http_404	message=
2026-07-02 22:31:00	cid=190	cas=73-24-5	modality=ir	url=https://webbook.nist.gov/cgi/cbook.cgi?JCAMP=C73245&Index=7&Type=IR	reason=download_http_404	message=
2026-07-02 22:31:01	cid=190	cas=73-24-5	modality=ir	url=https://webbook.nist.gov/cgi/cbook.cgi?JCAMP=C73245&Index=8&Type=IR	reason=download_http_404	message=
2026-07-02 22:31:01	cid=190	cas=73-24-5	modality=ir	url=https://webbook.nist.gov/cgi/cbook.cgi?JCAMP=C73245&Index=9&Type=IR	reason=download_http_404	message=
2026-07-02 22:31:03	cid=191	cas=3228-71-5	modality=	url=https://webbook.nist.gov/cgi/cbook.cgi?ID=3228-71-5&Units=SI&Mask=480	reason=nist_not_found	message=
2026-07-02 22:31:04	cid=192	cas=	modality=	url=	reason=not_found	message=no_cas_in_synonyms
2026-07-02 22:31:06	cid=193	cas=53276-26-9	modality=	url=https://webbook.nist.gov/cgi/cbook.cgi?ID=53276-26-9&Units=SI&Mask=480	reason=nist_not_found	message=
2026-07-02 22:31:06	cid=195	cas=	modality=	url=	reason=not_found	message=no_cas_in_synonyms
2026-07-02 22:31:12	cid=196	cas=124-04-9	modality=ir	url=https://webbook.nist.gov/cgi/cbook.cgi?JCAMP=C124049&Index=2&Type=IR	reason=download_http_404	message=
2026-07-02 22:31:12	cid=196	cas=124-04-9	modality=ir	url=https://webbook.nist.gov/cgi/cbook.cgi?JCAMP=C124049&Index=3&Type=IR	reason=download_http_404	message=
2026-07-02 22:31:13	cid=196	cas=124-04-9	modality=ir	url=https://webbook.nist.gov/cgi/cbook.cgi?JCAMP=C124049&Index=4&Type=IR	reason=download_http_404	message=
2026-07-02 22:31:17	cid=196	cas=124-04-9	modality=ir	url=https://webbook.nist.gov/cgi/cbook.cgi?JCAMP=C124049&Index=5&Type=IR	reason=download_http_404	message=
2026-07-02 22:31:18	cid=196	cas=124-04-9	modality=ir	url=https://webbook.nist.gov/cgi/cbook.cgi?JCAMP=C124049&Index=6&Type=IR	reason=download_http_404	message=
2026-07-02 22:31:18	cid=196	cas=124-04-9	modality=ir	url=https://webbook.nist.gov/cgi/cbook.cgi?JCAMP=C124049&Index=7&Type=IR	reason=download_http_404	message=
2026-07-02 22:31:18	cid=196	cas=124-04-9	modality=ir	url=https://webbook.nist.gov/cgi/cbook.cgi?JCAMP=C124049&Index=8&Type=IR	reason=download_http_404	message=
2026-07-02 22:31:29	cid=196	cas=124-04-9	modality=ir	url=https://webbook.nist.gov/cgi/cbook.cgi?JCAMP=C124049&Index=9&Type=IR	reason=download_http_404	message=
2026-07-02 22:31:31	cid=197	cas=2092-65-1	modality=	url=https://webbook.nist.gov/cgi/cbook.cgi?ID=2092-65-1&Units=SI&Mask=480	reason=nist_not_found	message=
2026-07-02 22:31:32	cid=198	cas=	modality=	url=	reason=not_found	message=no_cas_in_synonyms
2026-07-02 22:31:36	cid=199	cas=306-60-5	modality=	url=https://webbook.nist.gov/cgi/cbook.cgi?ID=306-60-5&Units=SI&Mask=480	reason=nist_not_found	message=
2026-07-02 22:31:39	cid=200	cas=132069-10-4	modality=	url=https://webbook.nist.gov/cgi/cbook.cgi?ID=132069-10-4&Units=SI&Mask=480	reason=nist_not_found	message=
2026-07-02 22:31:40	cid=201	cas=	modality=	url=	reason=not_found	message=pubchem_synonyms_404
2026-07-02 22:31:40	cid=202	cas=	modality=	url=	reason=not_found	message=no_cas_in_synonyms
2026-07-02 22:31:43	cid=203	cas=99-16-1	modality=	url=https://webbook.nist.gov/cgi/cbook.cgi?ID=99-16-1&Units=SI&Mask=480	reason=nist_not_found	message=
2026-07-02 22:31:49	cid=204	cas=97-59-6	modality=ir	url=https://webbook.nist.gov/cgi/cbook.cgi?JCAMP=C97596&Index=1&Type=IR	reason=download_http_404	message=
2026-07-02 22:31:50	cid=204	cas=97-59-6	modality=ir	url=https://webbook.nist.gov/cgi/cbook.cgi?JCAMP=C97596&Index=2&Type=IR	reason=download_http_404	message=
2026-07-02 22:31:50	cid=204	cas=97-59-6	modality=ir	url=https://webbook.nist.gov/cgi/cbook.cgi?JCAMP=C97596&Index=3&Type=IR	reason=download_http_404	message=
2026-07-02 22:31:50	cid=204	cas=97-59-6	modality=ir	url=https://webbook.nist.gov/cgi/cbook.cgi?JCAMP=C97596&Index=4&Type=IR	reason=download_http_404	message=
2026-07-02 22:31:55	cid=204	cas=97-59-6	modality=ir	url=https://webbook.nist.gov/cgi/cbook.cgi?JCAMP=C97596&Index=5&Type=IR	reason=download_http_404	message=
2026-07-02 22:31:55	cid=204	cas=97-59-6	modality=ir	url=https://webbook.nist.gov/cgi/cbook.cgi?JCAMP=C97596&Index=6&Type=IR	reason=download_http_404	message=
2026-07-02 22:31:56	cid=204	cas=97-59-6	modality=ir	url=https://webbook.nist.gov/cgi/cbook.cgi?JCAMP=C97596&Index=7&Type=IR	reason=download_http_404	message=
2026-07-02 22:31:56	cid=204	cas=97-59-6	modality=ir	url=https://webbook.nist.gov/cgi/cbook.cgi?JCAMP=C97596&Index=8&Type=IR	reason=download_http_404	message=
2026-07-02 22:31:57	cid=204	cas=97-59-6	modality=ir	url=https://webbook.nist.gov/cgi/cbook.cgi?JCAMP=C97596&Index=9&Type=IR	reason=download_http_404	message=
2026-07-02 22:32:05	cid=205	cas=80-68-2	modality=uvvis	url=https://webbook.nist.gov/cgi/cbook.cgi?JCAMP=C24830942&Index=0&Type=UVVis	reason=download_http_404	message=
2026-07-02 22:32:06	cid=205	cas=80-68-2	modality=uvvis	url=https://webbook.nist.gov/cgi/cbook.cgi?JCAMP=C24830942&Index=1&Type=UVVis	reason=download_http_404	message=
2026-07-02 22:32:06	cid=205	cas=80-68-2	modality=uvvis	url=https://webbook.nist.gov/cgi/cbook.cgi?JCAMP=C24830942&Index=2&Type=UVVis	reason=download_http_404	message=
2026-07-02 22:32:07	cid=205	cas=80-68-2	modality=uvvis	url=https://webbook.nist.gov/cgi/cbook.cgi?JCAMP=C24830942&Index=3&Type=UVVis	reason=download_http_404	message=
2026-07-02 22:32:11	cid=205	cas=80-68-2	modality=uvvis	url=https://webbook.nist.gov/cgi/cbook.cgi?JCAMP=C24830942&Index=4&Type=UVVis	reason=download_http_404	message=
2026-07-02 22:32:12	cid=205	cas=80-68-2	modality=uvvis	url=https://webbook.nist.gov/cgi/cbook.cgi?JCAMP=C24830942&Index=5&Type=UVVis	reason=download_http_404	message=
2026-07-02 22:32:12	cid=205	cas=80-68-2	modality=uvvis	url=https://webbook.nist.gov/cgi/cbook.cgi?JCAMP=C24830942&Index=6&Type=UVVis	reason=download_http_404	message=
2026-07-02 22:32:12	cid=205	cas=80-68-2	modality=uvvis	url=https://webbook.nist.gov/cgi/cbook.cgi?JCAMP=C24830942&Index=7&Type=UVVis	reason=download_http_404	message=
2026-07-02 22:32:17	cid=205	cas=80-68-2	modality=uvvis	url=https://webbook.nist.gov/cgi/cbook.cgi?JCAMP=C24830942&Index=8&Type=UVVis	reason=download_http_404	message=
2026-07-02 22:32:17	cid=205	cas=80-68-2	modality=uvvis	url=https://webbook.nist.gov/cgi/cbook.cgi?JCAMP=C24830942&Index=9&Type=UVVis	reason=download_http_404	message=
2026-07-02 22:32:19	cid=206	cas=45009-62-9	modality=	url=https://webbook.nist.gov/cgi/cbook.cgi?ID=45009-62-9&Units=SI&Mask=480	reason=nist_not_found	message=
2026-07-02 22:32:20	cid=207	cas=2125941-25-3	modality=	url=https://webbook.nist.gov/cgi/cbook.cgi?ID=2125941-25-3&Units=SI&Mask=480	reason=nist_not_found	message=
2026-07-02 22:32:23	cid=208	cas=2071722-98-8	modality=	url=https://webbook.nist.gov/cgi/cbook.cgi?ID=2071722-98-8&Units=SI&Mask=480	reason=nist_not_found	message=
2026-07-02 22:32:24	cid=210	cas=	modality=	url=	reason=not_found	message=no_cas_in_synonyms
2026-07-02 22:32:25	cid=211	cas=13082-84-3	modality=	url=https://webbook.nist.gov/cgi/cbook.cgi?ID=13082-84-3&Units=SI&Mask=480	reason=nist_not_found	message=
2026-07-02 22:32:26	cid=212	cas=	modality=	url=	reason=not_found	message=pubchem_synonyms_404
2026-07-02 22:32:27	cid=213	cas=	modality=	url=	reason=not_found	message=no_cas_in_synonyms
2026-07-02 22:32:29	cid=214	cas=	modality=	url=	reason=not_found	message=no_cas_in_synonyms
2026-07-02 22:32:30	cid=215	cas=298-08-8	modality=	url=https://webbook.nist.gov/cgi/cbook.cgi?ID=298-08-8&Units=SI&Mask=480	reason=nist_not_found	message=
2026-07-02 22:32:32	cid=216	cas=945-94-8	modality=	url=https://webbook.nist.gov/cgi/cbook.cgi?ID=945-94-8&Units=SI&Mask=480	reason=nist_not_found	message=
2026-07-02 22:32:33	cid=217	cas=	modality=	url=	reason=not_found	message=no_cas_in_synonyms
2026-07-02 22:32:35	cid=219	cas=6531-42-6	modality=	url=https://webbook.nist.gov/cgi/cbook.cgi?ID=6531-42-6&Units=SI&Mask=480	reason=nist_not_found	message=
2026-07-02 22:32:37	cid=220	cas=3735-01-1	modality=	url=https://webbook.nist.gov/cgi/cbook.cgi?ID=3735-01-1&Units=SI&Mask=480	reason=no_jcamp_links	message=
2026-07-02 22:32:38	cid=221	cas=	modality=	url=	reason=not_found	message=no_cas_in_synonyms
2026-07-02 22:32:40	cid=224	cas=31077-38-0	modality=	url=https://webbook.nist.gov/cgi/cbook.cgi?ID=31077-38-0&Units=SI&Mask=480	reason=nist_not_found	message=
2026-07-02 22:32:40	cid=225	cas=	modality=	url=	reason=not_found	message=no_cas_in_synonyms
2026-07-02 22:32:42	cid=226	cas=	modality=	url=	reason=not_found	message=no_cas_in_synonyms
2026-07-02 22:32:45	cid=227	cas=118-92-3	modality=ir	url=https://webbook.nist.gov/cgi/cbook.cgi?JCAMP=C118923&Index=1&Type=IR	reason=download_http_404	message=
2026-07-02 22:32:47	cid=227	cas=118-92-3	modality=ir	url=https://webbook.nist.gov/cgi/cbook.cgi?JCAMP=C118923&Index=2&Type=IR	reason=download_http_404	message=
2026-07-02 22:32:47	cid=227	cas=118-92-3	modality=ir	url=https://webbook.nist.gov/cgi/cbook.cgi?JCAMP=C118923&Index=3&Type=IR	reason=download_http_404	message=
2026-07-02 22:32:51	cid=227	cas=118-92-3	modality=ir	url=https://webbook.nist.gov/cgi/cbook.cgi?JCAMP=C118923&Index=4&Type=IR	reason=download_http_404	message=
2026-07-02 22:32:52	cid=227	cas=118-92-3	modality=ir	url=https://webbook.nist.gov/cgi/cbook.cgi?JCAMP=C118923&Index=5&Type=IR	reason=download_http_404	message=
2026-07-02 22:32:52	cid=227	cas=118-92-3	modality=ir	url=https://webbook.nist.gov/cgi/cbook.cgi?JCAMP=C118923&Index=6&Type=IR	reason=download_http_404	message=
2026-07-02 22:33:03	cid=227	cas=118-92-3	modality=ir	url=https://webbook.nist.gov/cgi/cbook.cgi?JCAMP=C118923&Index=7&Type=IR	reason=download_http_404	message=
2026-07-02 22:33:04	cid=227	cas=118-92-3	modality=ir	url=https://webbook.nist.gov/cgi/cbook.cgi?JCAMP=C118923&Index=8&Type=IR	reason=download_http_404	message=
2026-07-02 22:33:04	cid=227	cas=118-92-3	modality=ir	url=https://webbook.nist.gov/cgi/cbook.cgi?JCAMP=C118923&Index=9&Type=IR	reason=download_http_404	message=
2026-07-02 22:33:04	cid=227	cas=118-92-3	modality=uvvis	url=https://webbook.nist.gov/cgi/cbook.cgi?JCAMP=C118923&Index=1&Type=UVVis	reason=download_http_404	message=
2026-07-02 22:33:05	cid=227	cas=118-92-3	modality=uvvis	url=https://webbook.nist.gov/cgi/cbook.cgi?JCAMP=C118923&Index=2&Type=UVVis	reason=download_http_404	message=
2026-07-02 22:33:15	cid=227	cas=118-92-3	modality=uvvis	url=https://webbook.nist.gov/cgi/cbook.cgi?JCAMP=C118923&Index=3&Type=UVVis	reason=download_http_404	message=
2026-07-02 22:33:16	cid=227	cas=118-92-3	modality=uvvis	url=https://webbook.nist.gov/cgi/cbook.cgi?JCAMP=C118923&Index=4&Type=UVVis	reason=download_http_404	message=
2026-07-02 22:33:18	cid=227	cas=118-92-3	modality=uvvis	url=https://webbook.nist.gov/cgi/cbook.cgi?JCAMP=C118923&Index=5&Type=UVVis	reason=download_http_404	message=
2026-07-02 22:33:18	cid=227	cas=118-92-3	modality=uvvis	url=https://webbook.nist.gov/cgi/cbook.cgi?JCAMP=C118923&Index=6&Type=UVVis	reason=download_http_404	message=
2026-07-02 22:33:19	cid=227	cas=118-92-3	modality=uvvis	url=https://webbook.nist.gov/cgi/cbook.cgi?JCAMP=C118923&Index=7&Type=UVVis	reason=download_http_404	message=
2026-07-02 22:33:24	cid=227	cas=118-92-3	modality=uvvis	url=https://webbook.nist.gov/cgi/cbook.cgi?JCAMP=C118923&Index=8&Type=UVVis	reason=download_http_404	message=
2026-07-02 22:33:24	cid=227	cas=118-92-3	modality=uvvis	url=https://webbook.nist.gov/cgi/cbook.cgi?JCAMP=C118923&Index=9&Type=UVVis	reason=download_http_404	message=
2026-07-02 22:33:25	cid=228	cas=	modality=	url=	reason=not_found	message=no_cas_in_synonyms
2026-07-02 22:33:26	cid=229	cas=1132639-46-3	modality=	url=https://webbook.nist.gov/cgi/cbook.cgi?ID=1132639-46-3&Units=SI&Mask=480	reason=nist_not_found	message=
2026-07-02 22:33:28	cid=230	cas=	modality=	url=	reason=not_found	message=no_cas_in_synonyms
2026-07-02 22:33:29	cid=231	cas=1287387-84-1	modality=	url=https://webbook.nist.gov/cgi/cbook.cgi?ID=1287387-84-1&Units=SI&Mask=480	reason=nist_not_found	message=
2026-07-02 22:33:31	cid=232	cas=7200-25-1	modality=	url=https://webbook.nist.gov/cgi/cbook.cgi?ID=7200-25-1&Units=SI&Mask=480	reason=nist_not_found	message=
2026-07-02 22:33:34	cid=236	cas=3130-87-8	modality=	url=https://webbook.nist.gov/cgi/cbook.cgi?ID=3130-87-8&Units=SI&Mask=480	reason=nist_not_found	message=
2026-07-02 22:33:36	cid=237	cas=83-89-6	modality=	url=https://webbook.nist.gov/cgi/cbook.cgi?ID=83-89-6&Units=SI&Mask=480	reason=nist_not_found	message=
2026-07-02 22:33:38	cid=238	cas=11016-17-4	modality=	url=https://webbook.nist.gov/cgi/cbook.cgi?ID=11016-17-4&Units=SI&Mask=480	reason=nist_not_found	message=
2026-07-02 22:33:40	cid=239	cas=107-95-9	modality=	url=https://webbook.nist.gov/cgi/cbook.cgi?ID=107-95-9&Units=SI&Mask=480	reason=no_jcamp_links	message=
2026-07-02 22:33:48	cid=240	cas=100-52-7	modality=ir	url=https://webbook.nist.gov/cgi/cbook.cgi?JCAMP=C100527&Index=3&Type=IR	reason=download_http_404	message=
2026-07-02 22:33:48	cid=240	cas=100-52-7	modality=ir	url=https://webbook.nist.gov/cgi/cbook.cgi?JCAMP=C100527&Index=4&Type=IR	reason=download_http_404	message=
2026-07-02 22:33:49	cid=240	cas=100-52-7	modality=ir	url=https://webbook.nist.gov/cgi/cbook.cgi?JCAMP=C100527&Index=5&Type=IR	reason=download_http_404	message=
2026-07-02 22:33:49	cid=240	cas=100-52-7	modality=ir	url=https://webbook.nist.gov/cgi/cbook.cgi?JCAMP=C100527&Index=6&Type=IR	reason=download_http_404	message=
2026-07-02 22:33:54	cid=240	cas=100-52-7	modality=ir	url=https://webbook.nist.gov/cgi/cbook.cgi?JCAMP=C100527&Index=7&Type=IR	reason=download_http_404	message=
2026-07-02 22:33:54	cid=240	cas=100-52-7	modality=ir	url=https://webbook.nist.gov/cgi/cbook.cgi?JCAMP=C100527&Index=8&Type=IR	reason=download_http_404	message=
2026-07-02 22:33:55	cid=240	cas=100-52-7	modality=ir	url=https://webbook.nist.gov/cgi/cbook.cgi?JCAMP=C100527&Index=9&Type=IR	reason=download_http_404	message=
2026-07-02 22:33:55	cid=240	cas=100-52-7	modality=uvvis	url=https://webbook.nist.gov/cgi/cbook.cgi?JCAMP=C100527&Index=1&Type=UVVis	reason=download_http_404	message=
2026-07-02 22:33:55	cid=240	cas=100-52-7	modality=uvvis	url=https://webbook.nist.gov/cgi/cbook.cgi?JCAMP=C100527&Index=2&Type=UVVis	reason=download_http_404	message=
2026-07-02 22:34:06	cid=240	cas=100-52-7	modality=uvvis	url=https://webbook.nist.gov/cgi/cbook.cgi?JCAMP=C100527&Index=3&Type=UVVis	reason=download_http_404	message=
2026-07-02 22:34:06	cid=240	cas=100-52-7	modality=uvvis	url=https://webbook.nist.gov/cgi/cbook.cgi?JCAMP=C100527&Index=4&Type=UVVis	reason=download_http_404	message=
2026-07-02 22:34:07	cid=240	cas=100-52-7	modality=uvvis	url=https://webbook.nist.gov/cgi/cbook.cgi?JCAMP=C100527&Index=5&Type=UVVis	reason=download_http_404	message=
2026-07-02 22:34:07	cid=240	cas=100-52-7	modality=uvvis	url=https://webbook.nist.gov/cgi/cbook.cgi?JCAMP=C100527&Index=6&Type=UVVis	reason=download_http_404	message=
2026-07-02 22:34:07	cid=240	cas=100-52-7	modality=uvvis	url=https://webbook.nist.gov/cgi/cbook.cgi?JCAMP=C100527&Index=7&Type=UVVis	reason=download_http_404	message=
2026-07-02 22:34:18	cid=240	cas=100-52-7	modality=uvvis	url=https://webbook.nist.gov/cgi/cbook.cgi?JCAMP=C100527&Index=8&Type=UVVis	reason=download_http_404	message=
2026-07-02 22:34:19	cid=240	cas=100-52-7	modality=uvvis	url=https://webbook.nist.gov/cgi/cbook.cgi?JCAMP=C100527&Index=9&Type=UVVis	reason=download_http_404	message=
2026-07-02 22:34:23	cid=241	cas=71-43-2	modality=ir	url=https://webbook.nist.gov/cgi/cbook.cgi?JCAMP=C1076433&Index=1&Type=IR	reason=download_http_404	message=
2026-07-02 22:34:23	cid=241	cas=71-43-2	modality=ir	url=https://webbook.nist.gov/cgi/cbook.cgi?JCAMP=C1076433&Index=2&Type=IR	reason=download_http_404	message=
2026-07-02 22:34:24	cid=241	cas=71-43-2	modality=ir	url=https://webbook.nist.gov/cgi/cbook.cgi?JCAMP=C1076433&Index=3&Type=IR	reason=download_http_404	message=
2026-07-02 22:34:28	cid=241	cas=71-43-2	modality=ir	url=https://webbook.nist.gov/cgi/cbook.cgi?JCAMP=C1076433&Index=4&Type=IR	reason=download_http_404	message=
2026-07-02 22:34:29	cid=241	cas=71-43-2	modality=ir	url=https://webbook.nist.gov/cgi/cbook.cgi?JCAMP=C1076433&Index=5&Type=IR	reason=download_http_404	message=
2026-07-02 22:34:30	cid=241	cas=71-43-2	modality=ir	url=https://webbook.nist.gov/cgi/cbook.cgi?JCAMP=C1076433&Index=6&Type=IR	reason=download_http_404	message=
2026-07-02 22:34:30	cid=241	cas=71-43-2	modality=ir	url=https://webbook.nist.gov/cgi/cbook.cgi?JCAMP=C1076433&Index=7&Type=IR	reason=download_http_404	message=
2026-07-02 22:34:30	cid=241	cas=71-43-2	modality=ir	url=https://webbook.nist.gov/cgi/cbook.cgi?JCAMP=C1076433&Index=8&Type=IR	reason=download_http_404	message=
2026-07-02 22:34:35	cid=241	cas=71-43-2	modality=ir	url=https://webbook.nist.gov/cgi/cbook.cgi?JCAMP=C1076433&Index=9&Type=IR	reason=download_http_404	message=
2026-07-02 22:34:36	cid=241	cas=71-43-2	modality=uvvis	url=https://webbook.nist.gov/cgi/cbook.cgi?JCAMP=C1076433&Index=0&Type=UVVis	reason=download_http_404	message=
2026-07-02 22:34:36	cid=241	cas=71-43-2	modality=uvvis	url=https://webbook.nist.gov/cgi/cbook.cgi?JCAMP=C1076433&Index=1&Type=UVVis	reason=download_http_404	message=
2026-07-02 22:34:37	cid=241	cas=71-43-2	modality=uvvis	url=https://webbook.nist.gov/cgi/cbook.cgi?JCAMP=C1076433&Index=2&Type=UVVis	reason=download_http_404	message=
2026-07-02 22:34:38	cid=241	cas=71-43-2	modality=uvvis	url=https://webbook.nist.gov/cgi/cbook.cgi?JCAMP=C1076433&Index=3&Type=UVVis	reason=download_http_404	message=
2026-07-02 22:34:43	cid=241	cas=71-43-2	modality=uvvis	url=https://webbook.nist.gov/cgi/cbook.cgi?JCAMP=C1076433&Index=4&Type=UVVis	reason=download_http_404	message=
2026-07-02 22:34:43	cid=241	cas=71-43-2	modality=uvvis	url=https://webbook.nist.gov/cgi/cbook.cgi?JCAMP=C1076433&Index=5&Type=UVVis	reason=download_http_404	message=
2026-07-02 22:34:44	cid=241	cas=71-43-2	modality=uvvis	url=https://webbook.nist.gov/cgi/cbook.cgi?JCAMP=C1076433&Index=6&Type=UVVis	reason=download_http_404	message=
2026-07-02 22:34:44	cid=241	cas=71-43-2	modality=uvvis	url=https://webbook.nist.gov/cgi/cbook.cgi?JCAMP=C1076433&Index=7&Type=UVVis	reason=download_http_404	message=
2026-07-02 22:34:44	cid=241	cas=71-43-2	modality=uvvis	url=https://webbook.nist.gov/cgi/cbook.cgi?JCAMP=C1076433&Index=8&Type=UVVis	reason=download_http_404	message=
2026-07-02 22:34:55	cid=241	cas=71-43-2	modality=uvvis	url=https://webbook.nist.gov/cgi/cbook.cgi?JCAMP=C1076433&Index=9&Type=UVVis	reason=download_http_404	message=
2026-07-02 22:34:58	cid=242	cas=766-76-7	modality=	url=https://webbook.nist.gov/cgi/cbook.cgi?ID=766-76-7&Units=SI&Mask=480	reason=no_jcamp_links	message=
2026-07-02 22:35:23	cid=243	cas=65-85-0	modality=ir	url=https://webbook.nist.gov/cgi/cbook.cgi?JCAMP=C65850&Index=6&Type=IR	reason=download_http_404	message=
2026-07-02 22:35:24	cid=243	cas=65-85-0	modality=ir	url=https://webbook.nist.gov/cgi/cbook.cgi?JCAMP=C65850&Index=7&Type=IR	reason=download_http_404	message=
2026-07-02 22:35:24	cid=243	cas=65-85-0	modality=ir	url=https://webbook.nist.gov/cgi/cbook.cgi?JCAMP=C65850&Index=8&Type=IR	reason=download_http_404	message=
2026-07-02 22:35:25	cid=243	cas=65-85-0	modality=ir	url=https://webbook.nist.gov/cgi/cbook.cgi?JCAMP=C65850&Index=9&Type=IR	reason=download_http_404	message=
2026-07-02 22:35:25	cid=243	cas=65-85-0	modality=uvvis	url=https://webbook.nist.gov/cgi/cbook.cgi?JCAMP=C65850&Index=1&Type=UVVis	reason=download_http_404	message=
2026-07-02 22:35:29	cid=243	cas=65-85-0	modality=uvvis	url=https://webbook.nist.gov/cgi/cbook.cgi?JCAMP=C65850&Index=2&Type=UVVis	reason=download_http_404	message=
2026-07-02 22:35:30	cid=243	cas=65-85-0	modality=uvvis	url=https://webbook.nist.gov/cgi/cbook.cgi?JCAMP=C65850&Index=3&Type=UVVis	reason=download_http_404	message=
2026-07-02 22:35:34	cid=243	cas=65-85-0	modality=uvvis	url=https://webbook.nist.gov/cgi/cbook.cgi?JCAMP=C65850&Index=4&Type=UVVis	reason=download_http_404	message=
2026-07-02 22:35:35	cid=243	cas=65-85-0	modality=uvvis	url=https://webbook.nist.gov/cgi/cbook.cgi?JCAMP=C65850&Index=5&Type=UVVis	reason=download_http_404	message=
2026-07-02 22:35:35	cid=243	cas=65-85-0	modality=uvvis	url=https://webbook.nist.gov/cgi/cbook.cgi?JCAMP=C65850&Index=6&Type=UVVis	reason=download_http_404	message=
2026-07-02 22:35:36	cid=243	cas=65-85-0	modality=uvvis	url=https://webbook.nist.gov/cgi/cbook.cgi?JCAMP=C65850&Index=7&Type=UVVis	reason=download_http_404	message=
2026-07-02 22:35:36	cid=243	cas=65-85-0	modality=uvvis	url=https://webbook.nist.gov/cgi/cbook.cgi?JCAMP=C65850&Index=8&Type=UVVis	reason=download_http_404	message=
2026-07-02 22:35:41	cid=243	cas=65-85-0	modality=uvvis	url=https://webbook.nist.gov/cgi/cbook.cgi?JCAMP=C65850&Index=9&Type=UVVis	reason=download_http_404	message=
2026-07-02 22:35:51	cid=244	cas=100-51-6	modality=ir	url=https://webbook.nist.gov/cgi/cbook.cgi?JCAMP=C100516&Index=2&Type=IR	reason=download_http_404	message=
2026-07-02 22:35:52	cid=244	cas=100-51-6	modality=ir	url=https://webbook.nist.gov/cgi/cbook.cgi?JCAMP=C100516&Index=3&Type=IR	reason=download_http_404	message=
2026-07-02 22:35:53	cid=244	cas=100-51-6	modality=ir	url=https://webbook.nist.gov/cgi/cbook.cgi?JCAMP=C100516&Index=4&Type=IR	reason=download_http_404	message=
2026-07-02 22:35:53	cid=244	cas=100-51-6	modality=ir	url=https://webbook.nist.gov/cgi/cbook.cgi?JCAMP=C100516&Index=5&Type=IR	reason=download_http_404	message=
2026-07-02 22:35:53	cid=244	cas=100-51-6	modality=ir	url=https://webbook.nist.gov/cgi/cbook.cgi?JCAMP=C100516&Index=6&Type=IR	reason=download_http_404	message=
2026-07-02 22:35:58	cid=244	cas=100-51-6	modality=ir	url=https://webbook.nist.gov/cgi/cbook.cgi?JCAMP=C100516&Index=7&Type=IR	reason=download_http_404	message=
2026-07-02 22:36:02	cid=244	cas=100-51-6	modality=ir	url=https://webbook.nist.gov/cgi/cbook.cgi?JCAMP=C100516&Index=8&Type=IR	reason=download_http_404	message=
2026-07-02 22:36:03	cid=244	cas=100-51-6	modality=ir	url=https://webbook.nist.gov/cgi/cbook.cgi?JCAMP=C100516&Index=9&Type=IR	reason=download_http_404	message=
2026-07-02 22:36:05	cid=245	cas=82535-18-0	modality=	url=https://webbook.nist.gov/cgi/cbook.cgi?ID=82535-18-0&Units=SI&Mask=480	reason=nist_not_found	message=
2026-07-02 22:36:06	cid=246	cas=	modality=	url=	reason=not_found	message=no_cas_in_synonyms
2026-07-02 22:36:08	cid=247	cas=107-43-7	modality=	url=https://webbook.nist.gov/cgi/cbook.cgi?ID=107-43-7&Units=SI&Mask=480	reason=no_jcamp_links	message=
2026-07-02 22:36:10	cid=248	cas=6640-00-2	modality=	url=https://webbook.nist.gov/cgi/cbook.cgi?ID=6640-00-2&Units=SI&Mask=480	reason=nist_not_found	message=
2026-07-02 22:36:12	cid=249	cas=7418-61-3	modality=	url=https://webbook.nist.gov/cgi/cbook.cgi?ID=7418-61-3&Units=SI&Mask=480	reason=nist_not_found	message=
2026-07-02 22:36:12	cid=250	cas=	modality=	url=	reason=not_found	message=no_cas_in_synonyms
2026-07-02 22:36:14	cid=251	cas=114-25-0	modality=	url=https://webbook.nist.gov/cgi/cbook.cgi?ID=114-25-0&Units=SI&Mask=480	reason=nist_not_found	message=
2026-07-02 22:36:16	cid=253	cas=57378-70-8	modality=	url=https://webbook.nist.gov/cgi/cbook.cgi?ID=57378-70-8&Units=SI&Mask=480	reason=nist_not_found	message=
2026-07-02 22:36:18	cid=254	cas=1133-63-7	modality=	url=https://webbook.nist.gov/cgi/cbook.cgi?ID=1133-63-7&Units=SI&Mask=480	reason=nist_not_found	message=
2026-07-02 22:36:23	cid=255	cas=645-15-8	modality=ir	url=https://webbook.nist.gov/cgi/cbook.cgi?JCAMP=C645158&Index=1&Type=IR	reason=download_http_404	message=
2026-07-02 22:36:24	cid=255	cas=645-15-8	modality=ir	url=https://webbook.nist.gov/cgi/cbook.cgi?JCAMP=C645158&Index=2&Type=IR	reason=download_http_404	message=
2026-07-02 22:36:24	cid=255	cas=645-15-8	modality=ir	url=https://webbook.nist.gov/cgi/cbook.cgi?JCAMP=C645158&Index=3&Type=IR	reason=download_http_404	message=
2026-07-02 22:36:25	cid=255	cas=645-15-8	modality=ir	url=https://webbook.nist.gov/cgi/cbook.cgi?JCAMP=C645158&Index=4&Type=IR	reason=download_http_404	message=
2026-07-02 22:36:29	cid=255	cas=645-15-8	modality=ir	url=https://webbook.nist.gov/cgi/cbook.cgi?JCAMP=C645158&Index=5&Type=IR	reason=download_http_404	message=
2026-07-02 22:36:33	cid=255	cas=645-15-8	modality=ir	url=https://webbook.nist.gov/cgi/cbook.cgi?JCAMP=C645158&Index=6&Type=IR	reason=download_http_404	message=
2026-07-02 22:36:34	cid=255	cas=645-15-8	modality=ir	url=https://webbook.nist.gov/cgi/cbook.cgi?JCAMP=C645158&Index=7&Type=IR	reason=download_http_404	message=
2026-07-02 22:36:34	cid=255	cas=645-15-8	modality=ir	url=https://webbook.nist.gov/cgi/cbook.cgi?JCAMP=C645158&Index=8&Type=IR	reason=download_http_404	message=
2026-07-02 22:36:35	cid=255	cas=645-15-8	modality=ir	url=https://webbook.nist.gov/cgi/cbook.cgi?JCAMP=C645158&Index=9&Type=IR	reason=download_http_404	message=
2026-07-02 22:36:36	cid=257	cas=	modality=	url=	reason=not_found	message=pubchem_synonyms_404
2026-07-02 22:36:36	cid=258	cas=	modality=	url=	reason=not_found	message=no_cas_in_synonyms
2026-07-02 22:36:41	cid=261	cas=123-72-8	modality=ir	url=https://webbook.nist.gov/cgi/cbook.cgi?JCAMP=C123728&Index=1&Type=IR	reason=download_http_404	message=
2026-07-02 22:36:41	cid=261	cas=123-72-8	modality=ir	url=https://webbook.nist.gov/cgi/cbook.cgi?JCAMP=C123728&Index=2&Type=IR	reason=download_http_404	message=
2026-07-02 22:36:43	cid=261	cas=123-72-8	modality=ir	url=https://webbook.nist.gov/cgi/cbook.cgi?JCAMP=C123728&Index=3&Type=IR	reason=download_http_404	message=
2026-07-02 22:36:47	cid=261	cas=123-72-8	modality=ir	url=https://webbook.nist.gov/cgi/cbook.cgi?JCAMP=C123728&Index=4&Type=IR	reason=download_http_404	message=
2026-07-02 22:36:47	cid=261	cas=123-72-8	modality=ir	url=https://webbook.nist.gov/cgi/cbook.cgi?JCAMP=C123728&Index=5&Type=IR	reason=download_http_404	message=
2026-07-02 22:36:48	cid=261	cas=123-72-8	modality=ir	url=https://webbook.nist.gov/cgi/cbook.cgi?JCAMP=C123728&Index=6&Type=IR	reason=download_http_404	message=
2026-07-02 22:36:48	cid=261	cas=123-72-8	modality=ir	url=https://webbook.nist.gov/cgi/cbook.cgi?JCAMP=C123728&Index=7&Type=IR	reason=download_http_404	message=
2026-07-02 22:36:52	cid=261	cas=123-72-8	modality=ir	url=https://webbook.nist.gov/cgi/cbook.cgi?JCAMP=C123728&Index=8&Type=IR	reason=download_http_404	message=
2026-07-02 22:36:53	cid=261	cas=123-72-8	modality=ir	url=https://webbook.nist.gov/cgi/cbook.cgi?JCAMP=C123728&Index=9&Type=IR	reason=download_http_404	message=
2026-07-02 22:36:53	cid=261	cas=123-72-8	modality=uvvis	url=https://webbook.nist.gov/cgi/cbook.cgi?JCAMP=C123728&Index=1&Type=UVVis	reason=download_http_404	message=
2026-07-02 22:36:54	cid=261	cas=123-72-8	modality=uvvis	url=https://webbook.nist.gov/cgi/cbook.cgi?JCAMP=C123728&Index=2&Type=UVVis	reason=download_http_404	message=
2026-07-02 22:36:58	cid=261	cas=123-72-8	modality=uvvis	url=https://webbook.nist.gov/cgi/cbook.cgi?JCAMP=C123728&Index=3&Type=UVVis	reason=download_http_404	message=
2026-07-02 22:36:58	cid=261	cas=123-72-8	modality=uvvis	url=https://webbook.nist.gov/cgi/cbook.cgi?JCAMP=C123728&Index=4&Type=UVVis	reason=download_http_404	message=
2026-07-02 22:36:59	cid=261	cas=123-72-8	modality=uvvis	url=https://webbook.nist.gov/cgi/cbook.cgi?JCAMP=C123728&Index=5&Type=UVVis	reason=download_http_404	message=
2026-07-02 22:36:59	cid=261	cas=123-72-8	modality=uvvis	url=https://webbook.nist.gov/cgi/cbook.cgi?JCAMP=C123728&Index=6&Type=UVVis	reason=download_http_404	message=
2026-07-02 22:36:59	cid=261	cas=123-72-8	modality=uvvis	url=https://webbook.nist.gov/cgi/cbook.cgi?JCAMP=C123728&Index=7&Type=UVVis	reason=download_http_404	message=
2026-07-02 22:37:04	cid=261	cas=123-72-8	modality=uvvis	url=https://webbook.nist.gov/cgi/cbook.cgi?JCAMP=C123728&Index=8&Type=UVVis	reason=download_http_404	message=
2026-07-02 22:37:05	cid=261	cas=123-72-8	modality=uvvis	url=https://webbook.nist.gov/cgi/cbook.cgi?JCAMP=C123728&Index=9&Type=UVVis	reason=download_http_404	message=
2026-07-02 22:37:08	cid=262	cas=513-85-9	modality=ir	url=https://webbook.nist.gov/cgi/cbook.cgi?JCAMP=C6982258&Index=0&Type=IR	reason=download_http_404	message=
2026-07-02 22:37:08	cid=262	cas=513-85-9	modality=ir	url=https://webbook.nist.gov/cgi/cbook.cgi?JCAMP=C6982258&Index=1&Type=IR	reason=download_http_404	message=
2026-07-02 22:37:09	cid=262	cas=513-85-9	modality=ir	url=https://webbook.nist.gov/cgi/cbook.cgi?JCAMP=C6982258&Index=2&Type=IR	reason=download_http_404	message=
2026-07-02 22:37:12	cid=262	cas=513-85-9	modality=ir	url=https://webbook.nist.gov/cgi/cbook.cgi?JCAMP=C6982258&Index=3&Type=IR	reason=download_http_404	message=
2026-07-02 22:37:15	cid=262	cas=513-85-9	modality=ir	url=https://webbook.nist.gov/cgi/cbook.cgi?JCAMP=C6982258&Index=4&Type=IR	reason=download_http_404	message=
2026-07-02 22:37:15	cid=262	cas=513-85-9	modality=ir	url=https://webbook.nist.gov/cgi/cbook.cgi?JCAMP=C6982258&Index=5&Type=IR	reason=download_http_404	message=
2026-07-02 22:37:16	cid=262	cas=513-85-9	modality=ir	url=https://webbook.nist.gov/cgi/cbook.cgi?JCAMP=C6982258&Index=6&Type=IR	reason=download_http_404	message=
2026-07-02 22:37:17	cid=262	cas=513-85-9	modality=ir	url=https://webbook.nist.gov/cgi/cbook.cgi?JCAMP=C6982258&Index=7&Type=IR	reason=download_http_404	message=
2026-07-02 22:37:22	cid=262	cas=513-85-9	modality=ir	url=https://webbook.nist.gov/cgi/cbook.cgi?JCAMP=C6982258&Index=8&Type=IR	reason=download_http_404	message=
2026-07-02 22:37:23	cid=262	cas=513-85-9	modality=ir	url=https://webbook.nist.gov/cgi/cbook.cgi?JCAMP=C6982258&Index=9&Type=IR	reason=download_http_404	message=
2026-07-02 22:37:23	cid=262	cas=513-85-9	modality=	url=https://webbook.nist.gov/cgi/cbook.cgi?ID=513-85-9&Units=SI&Mask=480	reason=all_jcamp_downloads_failed	message=ir:download_http_404;ir:download_http_404;ir:download_http_404;ir:download_http_404;ir:download_http_404;ir:download_http_404;ir:download_http_404;ir:download_http_404;ir:download_http_404;ir:download_http_404
2026-07-02 22:38:08	cid=264	cas=107-92-6	modality=ir	url=https://webbook.nist.gov/cgi/cbook.cgi?JCAMP=C107926&Index=2&Type=IR	reason=download_http_404	message=
2026-07-02 22:38:09	cid=264	cas=107-92-6	modality=ir	url=https://webbook.nist.gov/cgi/cbook.cgi?JCAMP=C107926&Index=3&Type=IR	reason=download_http_404	message=
2026-07-02 22:38:09	cid=264	cas=107-92-6	modality=ir	url=https://webbook.nist.gov/cgi/cbook.cgi?JCAMP=C107926&Index=4&Type=IR	reason=download_http_404	message=
2026-07-02 22:38:13	cid=264	cas=107-92-6	modality=ir	url=https://webbook.nist.gov/cgi/cbook.cgi?JCAMP=C107926&Index=5&Type=IR	reason=download_http_404	message=
2026-07-02 22:38:14	cid=264	cas=107-92-6	modality=ir	url=https://webbook.nist.gov/cgi/cbook.cgi?JCAMP=C107926&Index=6&Type=IR	reason=download_http_404	message=
2026-07-02 22:38:14	cid=264	cas=107-92-6	modality=ir	url=https://webbook.nist.gov/cgi/cbook.cgi?JCAMP=C107926&Index=7&Type=IR	reason=download_http_404	message=
2026-07-02 22:38:15	cid=264	cas=107-92-6	modality=ir	url=https://webbook.nist.gov/cgi/cbook.cgi?JCAMP=C107926&Index=8&Type=IR	reason=download_http_404	message=
2026-07-02 22:38:25	cid=264	cas=107-92-6	modality=ir	url=https://webbook.nist.gov/cgi/cbook.cgi?JCAMP=C107926&Index=9&Type=IR	reason=download_http_404	message=
2026-07-02 22:38:27	cid=266	cas=4378-06-7	modality=	url=https://webbook.nist.gov/cgi/cbook.cgi?ID=4378-06-7&Units=SI&Mask=480	reason=nist_not_found	message=
2026-07-02 22:38:36	cid=273	cas=462-94-2	modality=ir	url=https://webbook.nist.gov/cgi/cbook.cgi?JCAMP=C462942&Index=1&Type=IR	reason=download_http_404	message=
2026-07-02 22:38:37	cid=273	cas=462-94-2	modality=ir	url=https://webbook.nist.gov/cgi/cbook.cgi?JCAMP=C462942&Index=2&Type=IR	reason=download_http_404	message=
2026-07-02 22:38:37	cid=273	cas=462-94-2	modality=ir	url=https://webbook.nist.gov/cgi/cbook.cgi?JCAMP=C462942&Index=3&Type=IR	reason=download_http_404	message=
2026-07-02 22:38:38	cid=273	cas=462-94-2	modality=ir	url=https://webbook.nist.gov/cgi/cbook.cgi?JCAMP=C462942&Index=4&Type=IR	reason=download_http_404	message=
2026-07-02 22:38:38	cid=273	cas=462-94-2	modality=ir	url=https://webbook.nist.gov/cgi/cbook.cgi?JCAMP=C462942&Index=5&Type=IR	reason=download_http_404	message=
2026-07-02 22:38:42	cid=273	cas=462-94-2	modality=ir	url=https://webbook.nist.gov/cgi/cbook.cgi?JCAMP=C462942&Index=6&Type=IR	reason=download_http_404	message=
2026-07-02 22:38:43	cid=273	cas=462-94-2	modality=ir	url=https://webbook.nist.gov/cgi/cbook.cgi?JCAMP=C462942&Index=7&Type=IR	reason=download_http_404	message=
2026-07-02 22:38:43	cid=273	cas=462-94-2	modality=ir	url=https://webbook.nist.gov/cgi/cbook.cgi?JCAMP=C462942&Index=8&Type=IR	reason=download_http_404	message=
2026-07-02 22:38:44	cid=273	cas=462-94-2	modality=ir	url=https://webbook.nist.gov/cgi/cbook.cgi?JCAMP=C462942&Index=9&Type=IR	reason=download_http_404	message=
2026-07-02 22:38:45	cid=274	cas=85187-54-8	modality=	url=https://webbook.nist.gov/cgi/cbook.cgi?ID=85187-54-8&Units=SI&Mask=480	reason=nist_not_found	message=
2026-07-02 22:38:47	cid=275	cas=13269-28-8	modality=	url=https://webbook.nist.gov/cgi/cbook.cgi?ID=13269-28-8&Units=SI&Mask=480	reason=nist_not_found	message=
2026-07-02 22:38:49	cid=276	cas=302-11-4	modality=	url=https://webbook.nist.gov/cgi/cbook.cgi?ID=302-11-4&Units=SI&Mask=480	reason=nist_not_found	message=
2026-07-02 22:38:51	cid=277	cas=463-77-4	modality=	url=https://webbook.nist.gov/cgi/cbook.cgi?ID=463-77-4&Units=SI&Mask=480	reason=nist_not_found	message=
2026-07-02 22:38:53	cid=278	cas=590-55-6	modality=	url=https://webbook.nist.gov/cgi/cbook.cgi?ID=590-55-6&Units=SI&Mask=480	reason=nist_not_found	message=
2026-07-02 22:38:55	cid=279	cas=923-37-5	modality=	url=https://webbook.nist.gov/cgi/cbook.cgi?ID=923-37-5&Units=SI&Mask=480	reason=nist_not_found	message=
2026-07-02 22:39:03	cid=280	cas=124-38-9	modality=ir	url=https://webbook.nist.gov/cgi/cbook.cgi?JCAMP=C124389&Index=2&Type=IR	reason=download_http_404	message=
2026-07-02 22:39:03	cid=280	cas=124-38-9	modality=ir	url=https://webbook.nist.gov/cgi/cbook.cgi?JCAMP=C124389&Index=3&Type=IR	reason=download_http_404	message=
2026-07-02 22:39:03	cid=280	cas=124-38-9	modality=ir	url=https://webbook.nist.gov/cgi/cbook.cgi?JCAMP=C124389&Index=4&Type=IR	reason=download_http_404	message=
2026-07-02 22:39:04	cid=280	cas=124-38-9	modality=ir	url=https://webbook.nist.gov/cgi/cbook.cgi?JCAMP=C124389&Index=5&Type=IR	reason=download_http_404	message=
2026-07-02 22:39:05	cid=280	cas=124-38-9	modality=ir	url=https://webbook.nist.gov/cgi/cbook.cgi?JCAMP=C124389&Index=6&Type=IR	reason=download_http_404	message=
2026-07-02 22:39:09	cid=280	cas=124-38-9	modality=ir	url=https://webbook.nist.gov/cgi/cbook.cgi?JCAMP=C124389&Index=7&Type=IR	reason=download_http_404	message=
2026-07-02 22:39:09	cid=280	cas=124-38-9	modality=ir	url=https://webbook.nist.gov/cgi/cbook.cgi?JCAMP=C124389&Index=8&Type=IR	reason=download_http_404	message=
2026-07-02 22:39:13	cid=280	cas=124-38-9	modality=ir	url=https://webbook.nist.gov/cgi/cbook.cgi?JCAMP=C124389&Index=9&Type=IR	reason=download_http_404	message=
2026-07-02 22:39:20	cid=281	cas=630-08-0	modality=ir	url=https://webbook.nist.gov/cgi/cbook.cgi?JCAMP=C630080&Index=2&Type=IR	reason=download_http_404	message=
2026-07-02 22:39:21	cid=281	cas=630-08-0	modality=ir	url=https://webbook.nist.gov/cgi/cbook.cgi?JCAMP=C630080&Index=3&Type=IR	reason=download_http_404	message=
2026-07-02 22:39:21	cid=281	cas=630-08-0	modality=ir	url=https://webbook.nist.gov/cgi/cbook.cgi?JCAMP=C630080&Index=4&Type=IR	reason=download_http_404	message=
2026-07-02 22:39:22	cid=281	cas=630-08-0	modality=ir	url=https://webbook.nist.gov/cgi/cbook.cgi?JCAMP=C630080&Index=5&Type=IR	reason=download_http_404	message=
2026-07-02 22:39:22	cid=281	cas=630-08-0	modality=ir	url=https://webbook.nist.gov/cgi/cbook.cgi?JCAMP=C630080&Index=6&Type=IR	reason=download_http_404	message=
2026-07-02 22:39:32	cid=281	cas=630-08-0	modality=ir	url=https://webbook.nist.gov/cgi/cbook.cgi?JCAMP=C630080&Index=7&Type=IR	reason=download_http_404	message=
2026-07-02 22:39:33	cid=281	cas=630-08-0	modality=ir	url=https://webbook.nist.gov/cgi/cbook.cgi?JCAMP=C630080&Index=8&Type=IR	reason=download_http_404	message=
2026-07-02 22:39:33	cid=281	cas=630-08-0	modality=ir	url=https://webbook.nist.gov/cgi/cbook.cgi?JCAMP=C630080&Index=9&Type=IR	reason=download_http_404	message=
2026-07-02 22:39:34	cid=282	cas=	modality=	url=	reason=not_found	message=no_cas_in_synonyms
2026-07-02 22:39:36	cid=283	cas=71-47-6	modality=	url=https://webbook.nist.gov/cgi/cbook.cgi?ID=71-47-6&Units=SI&Mask=480	reason=no_jcamp_links	message=
2026-07-02 22:39:41	cid=284	cas=64-18-6	modality=ir	url=https://webbook.nist.gov/cgi/cbook.cgi?JCAMP=C64186&Index=2&Type=IR	reason=download_http_404	message=
2026-07-02 22:39:42	cid=284	cas=64-18-6	modality=ir	url=https://webbook.nist.gov/cgi/cbook.cgi?JCAMP=C64186&Index=3&Type=IR	reason=download_http_404	message=
2026-07-02 22:39:42	cid=284	cas=64-18-6	modality=ir	url=https://webbook.nist.gov/cgi/cbook.cgi?JCAMP=C64186&Index=4&Type=IR	reason=download_http_404	message=
2026-07-02 22:39:53	cid=284	cas=64-18-6	modality=ir	url=https://webbook.nist.gov/cgi/cbook.cgi?JCAMP=C64186&Index=5&Type=IR	reason=download_http_404	message=
2026-07-02 22:39:54	cid=284	cas=64-18-6	modality=ir	url=https://webbook.nist.gov/cgi/cbook.cgi?JCAMP=C64186&Index=6&Type=IR	reason=download_http_404	message=
2026-07-02 22:39:55	cid=284	cas=64-18-6	modality=ir	url=https://webbook.nist.gov/cgi/cbook.cgi?JCAMP=C64186&Index=7&Type=IR	reason=download_http_404	message=
2026-07-02 22:39:55	cid=284	cas=64-18-6	modality=ir	url=https://webbook.nist.gov/cgi/cbook.cgi?JCAMP=C64186&Index=8&Type=IR	reason=download_http_404	message=
2026-07-02 22:39:55	cid=284	cas=64-18-6	modality=ir	url=https://webbook.nist.gov/cgi/cbook.cgi?JCAMP=C64186&Index=9&Type=IR	reason=download_http_404	message=
2026-07-02 22:39:56	cid=285	cas=	modality=	url=	reason=not_found	message=no_cas_in_synonyms
2026-07-02 22:39:59	cid=286	cas=645-88-5	modality=	url=https://webbook.nist.gov/cgi/cbook.cgi?ID=645-88-5&Units=SI&Mask=480	reason=nist_not_found	message=
2026-07-02 22:40:00	cid=287	cas=	modality=	url=	reason=not_found	message=pubchem_synonyms_404
2026-07-02 22:40:02	cid=288	cas=406-76-8	modality=	url=https://webbook.nist.gov/cgi/cbook.cgi?ID=406-76-8&Units=SI&Mask=480	reason=nist_not_found	message=
2026-07-02 22:40:11	cid=289	cas=120-80-9	modality=ir	url=https://webbook.nist.gov/cgi/cbook.cgi?JCAMP=C120809&Index=1&Type=IR	reason=download_http_404	message=
2026-07-02 22:40:11	cid=289	cas=120-80-9	modality=ir	url=https://webbook.nist.gov/cgi/cbook.cgi?JCAMP=C120809&Index=2&Type=IR	reason=download_http_404	message=
2026-07-02 22:40:12	cid=289	cas=120-80-9	modality=ir	url=https://webbook.nist.gov/cgi/cbook.cgi?JCAMP=C120809&Index=3&Type=IR	reason=download_http_404	message=
2026-07-02 22:40:12	cid=289	cas=120-80-9	modality=ir	url=https://webbook.nist.gov/cgi/cbook.cgi?JCAMP=C120809&Index=4&Type=IR	reason=download_http_404	message=
2026-07-02 22:40:23	cid=289	cas=120-80-9	modality=ir	url=https://webbook.nist.gov/cgi/cbook.cgi?JCAMP=C120809&Index=5&Type=IR	reason=download_http_404	message=
2026-07-02 22:40:24	cid=289	cas=120-80-9	modality=ir	url=https://webbook.nist.gov/cgi/cbook.cgi?JCAMP=C120809&Index=6&Type=IR	reason=download_http_404	message=
2026-07-02 22:40:24	cid=289	cas=120-80-9	modality=ir	url=https://webbook.nist.gov/cgi/cbook.cgi?JCAMP=C120809&Index=7&Type=IR	reason=download_http_404	message=
2026-07-02 22:40:24	cid=289	cas=120-80-9	modality=ir	url=https://webbook.nist.gov/cgi/cbook.cgi?JCAMP=C120809&Index=8&Type=IR	reason=download_http_404	message=
2026-07-02 22:40:25	cid=289	cas=120-80-9	modality=ir	url=https://webbook.nist.gov/cgi/cbook.cgi?JCAMP=C120809&Index=9&Type=IR	reason=download_http_404	message=
2026-07-02 22:40:36	cid=289	cas=120-80-9	modality=uvvis	url=https://webbook.nist.gov/cgi/cbook.cgi?JCAMP=C120809&Index=1&Type=UVVis	reason=download_http_404	message=
2026-07-02 22:40:36	cid=289	cas=120-80-9	modality=uvvis	url=https://webbook.nist.gov/cgi/cbook.cgi?JCAMP=C120809&Index=2&Type=UVVis	reason=download_http_404	message=
2026-07-02 22:40:36	cid=289	cas=120-80-9	modality=uvvis	url=https://webbook.nist.gov/cgi/cbook.cgi?JCAMP=C120809&Index=3&Type=UVVis	reason=download_http_404	message=
2026-07-02 22:40:37	cid=289	cas=120-80-9	modality=uvvis	url=https://webbook.nist.gov/cgi/cbook.cgi?JCAMP=C120809&Index=4&Type=UVVis	reason=download_http_404	message=
2026-07-02 22:40:37	cid=289	cas=120-80-9	modality=uvvis	url=https://webbook.nist.gov/cgi/cbook.cgi?JCAMP=C120809&Index=5&Type=UVVis	reason=download_http_404	message=
2026-07-02 22:40:47	cid=289	cas=120-80-9	modality=uvvis	url=https://webbook.nist.gov/cgi/cbook.cgi?JCAMP=C120809&Index=6&Type=UVVis	reason=download_http_404	message=
2026-07-02 22:40:48	cid=289	cas=120-80-9	modality=uvvis	url=https://webbook.nist.gov/cgi/cbook.cgi?JCAMP=C120809&Index=7&Type=UVVis	reason=download_http_404	message=
2026-07-02 22:40:49	cid=289	cas=120-80-9	modality=uvvis	url=https://webbook.nist.gov/cgi/cbook.cgi?JCAMP=C120809&Index=8&Type=UVVis	reason=download_http_404	message=
2026-07-02 22:40:50	cid=289	cas=120-80-9	modality=uvvis	url=https://webbook.nist.gov/cgi/cbook.cgi?JCAMP=C120809&Index=9&Type=UVVis	reason=download_http_404	message=
2026-07-02 22:40:51	cid=290	cas=	modality=	url=	reason=not_found	message=no_cas_in_synonyms
2026-07-02 22:40:51	cid=291	cas=	modality=	url=	reason=not_found	message=no_cas_in_synonyms
2026-07-02 22:40:52	cid=292	cas=	modality=	url=	reason=not_found	message=pubchem_synonyms_404
2026-07-02 22:40:53	cid=293	cas=	modality=	url=	reason=not_found	message=pubchem_synonyms_404
2026-07-02 22:40:56	cid=294	cas=13360-52-6	modality=	url=https://webbook.nist.gov/cgi/cbook.cgi?ID=13360-52-6&Units=SI&Mask=480	reason=nist_not_found	message=
2026-07-02 22:41:00	cid=296	cas=6236-08-4	modality=	url=https://webbook.nist.gov/cgi/cbook.cgi?ID=6236-08-4&Units=SI&Mask=480	reason=nist_not_found	message=
2026-07-02 22:41:02	cid=298	cas=579-51-1	modality=	url=https://webbook.nist.gov/cgi/cbook.cgi?ID=579-51-1&Units=SI&Mask=480	reason=nist_not_found	message=
2026-07-02 22:41:06	cid=299	cas=143-50-0	modality=ir	url=https://webbook.nist.gov/cgi/cbook.cgi?JCAMP=C143500&Index=1&Type=IR	reason=download_http_404	message=
2026-07-02 22:41:07	cid=299	cas=143-50-0	modality=ir	url=https://webbook.nist.gov/cgi/cbook.cgi?JCAMP=C143500&Index=2&Type=IR	reason=download_http_404	message=
2026-07-02 22:41:07	cid=299	cas=143-50-0	modality=ir	url=https://webbook.nist.gov/cgi/cbook.cgi?JCAMP=C143500&Index=3&Type=IR	reason=download_http_404	message=
2026-07-02 22:41:08	cid=299	cas=143-50-0	modality=ir	url=https://webbook.nist.gov/cgi/cbook.cgi?JCAMP=C143500&Index=4&Type=IR	reason=download_http_404	message=
2026-07-02 22:41:12	cid=299	cas=143-50-0	modality=ir	url=https://webbook.nist.gov/cgi/cbook.cgi?JCAMP=C143500&Index=5&Type=IR	reason=download_http_404	message=
2026-07-02 22:41:12	cid=299	cas=143-50-0	modality=ir	url=https://webbook.nist.gov/cgi/cbook.cgi?JCAMP=C143500&Index=6&Type=IR	reason=download_http_404	message=
2026-07-02 22:41:13	cid=299	cas=143-50-0	modality=ir	url=https://webbook.nist.gov/cgi/cbook.cgi?JCAMP=C143500&Index=7&Type=IR	reason=download_http_404	message=
2026-07-02 22:41:23	cid=299	cas=143-50-0	modality=ir	url=https://webbook.nist.gov/cgi/cbook.cgi?JCAMP=C143500&Index=8&Type=IR	reason=download_http_404	message=
2026-07-02 22:41:24	cid=299	cas=143-50-0	modality=ir	url=https://webbook.nist.gov/cgi/cbook.cgi?JCAMP=C143500&Index=9&Type=IR	reason=download_http_404	message=
2026-07-02 22:41:29	cid=300	cas=79-11-8	modality=ir	url=https://webbook.nist.gov/cgi/cbook.cgi?JCAMP=C79118&Index=2&Type=IR	reason=download_http_404	message=
2026-07-02 22:41:29	cid=300	cas=79-11-8	modality=ir	url=https://webbook.nist.gov/cgi/cbook.cgi?JCAMP=C79118&Index=3&Type=IR	reason=download_http_404	message=
2026-07-02 22:41:34	cid=300	cas=79-11-8	modality=ir	url=https://webbook.nist.gov/cgi/cbook.cgi?JCAMP=C79118&Index=4&Type=IR	reason=download_http_404	message=
2026-07-02 22:41:34	cid=300	cas=79-11-8	modality=ir	url=https://webbook.nist.gov/cgi/cbook.cgi?JCAMP=C79118&Index=5&Type=IR	reason=download_http_404	message=
2026-07-02 22:41:34	cid=300	cas=79-11-8	modality=ir	url=https://webbook.nist.gov/cgi/cbook.cgi?JCAMP=C79118&Index=6&Type=IR	reason=download_http_404	message=
2026-07-02 22:41:35	cid=300	cas=79-11-8	modality=ir	url=https://webbook.nist.gov/cgi/cbook.cgi?JCAMP=C79118&Index=7&Type=IR	reason=download_http_404	message=
2026-07-02 22:41:36	cid=300	cas=79-11-8	modality=ir	url=https://webbook.nist.gov/cgi/cbook.cgi?JCAMP=C79118&Index=8&Type=IR	reason=download_http_404	message=
2026-07-02 22:41:40	cid=300	cas=79-11-8	modality=ir	url=https://webbook.nist.gov/cgi/cbook.cgi?JCAMP=C79118&Index=9&Type=IR	reason=download_http_404	message=
2026-07-02 22:41:40	cid=300	cas=79-11-8	modality=uvvis	url=https://webbook.nist.gov/cgi/cbook.cgi?JCAMP=C79118&Index=1&Type=UVVis	reason=download_http_404	message=
2026-07-02 22:41:46	cid=300	cas=79-11-8	modality=uvvis	url=https://webbook.nist.gov/cgi/cbook.cgi?JCAMP=C79118&Index=2&Type=UVVis	reason=download_http_404	message=
2026-07-02 22:41:47	cid=300	cas=79-11-8	modality=uvvis	url=https://webbook.nist.gov/cgi/cbook.cgi?JCAMP=C79118&Index=3&Type=UVVis	reason=download_http_404	message=
2026-07-02 22:41:47	cid=300	cas=79-11-8	modality=uvvis	url=https://webbook.nist.gov/cgi/cbook.cgi?JCAMP=C79118&Index=4&Type=UVVis	reason=download_http_404	message=
2026-07-02 22:41:47	cid=300	cas=79-11-8	modality=uvvis	url=https://webbook.nist.gov/cgi/cbook.cgi?JCAMP=C79118&Index=5&Type=UVVis	reason=download_http_404	message=
2026-07-02 22:41:48	cid=300	cas=79-11-8	modality=uvvis	url=https://webbook.nist.gov/cgi/cbook.cgi?JCAMP=C79118&Index=6&Type=UVVis	reason=download_http_404	message=
2026-07-02 22:41:58	cid=300	cas=79-11-8	modality=uvvis	url=https://webbook.nist.gov/cgi/cbook.cgi?JCAMP=C79118&Index=7&Type=UVVis	reason=download_http_404	message=
2026-07-02 22:41:59	cid=300	cas=79-11-8	modality=uvvis	url=https://webbook.nist.gov/cgi/cbook.cgi?JCAMP=C79118&Index=8&Type=UVVis	reason=download_http_404	message=
2026-07-02 22:41:59	cid=300	cas=79-11-8	modality=uvvis	url=https://webbook.nist.gov/cgi/cbook.cgi?JCAMP=C79118&Index=9&Type=UVVis	reason=download_http_404	message=
2026-07-02 22:42:00	cid=301	cas=615-67-8	modality=	url=https://webbook.nist.gov/cgi/cbook.cgi?ID=615-67-8&Units=SI&Mask=480	reason=no_jcamp_links	message=
2026-07-02 22:42:01	cid=302	cas=	modality=	url=	reason=not_found	message=no_cas_in_synonyms
2026-07-02 22:42:02	cid=303	cas=	modality=	url=	reason=not_found	message=no_cas_in_synonyms
2026-07-02 22:42:04	cid=304	cas=334974-05-9	modality=	url=https://webbook.nist.gov/cgi/cbook.cgi?ID=334974-05-9&Units=SI&Mask=480	reason=nist_not_found	message=
2026-07-02 22:42:05	cid=305	cas=62-49-7	modality=	url=https://webbook.nist.gov/cgi/cbook.cgi?ID=62-49-7&Units=SI&Mask=480	reason=nist_not_found	message=
2026-07-02 22:42:06	cid=306	cas=	modality=	url=	reason=not_found	message=no_cas_in_synonyms
2026-07-02 22:42:07	cid=307	cas=	modality=	url=	reason=not_found	message=no_cas_in_synonyms
2026-07-02 22:42:08	cid=308	cas=	modality=	url=	reason=not_found	message=no_cas_in_synonyms
2026-07-02 22:42:10	cid=309	cas=499-12-7	modality=	url=https://webbook.nist.gov/cgi/cbook.cgi?ID=499-12-7&Units=SI&Mask=480	reason=nist_not_found	message=
2026-07-02 22:42:11	cid=310	cas=	modality=	url=	reason=not_found	message=no_cas_in_synonyms
2026-07-02 22:42:14	cid=311	cas=77-92-9	modality=ir	url=https://webbook.nist.gov/cgi/cbook.cgi?JCAMP=C77929&Index=1&Type=IR	reason=download_http_404	message=
2026-07-02 22:42:15	cid=311	cas=77-92-9	modality=ir	url=https://webbook.nist.gov/cgi/cbook.cgi?JCAMP=C77929&Index=2&Type=IR	reason=download_http_404	message=
2026-07-02 22:42:16	cid=311	cas=77-92-9	modality=ir	url=https://webbook.nist.gov/cgi/cbook.cgi?JCAMP=C77929&Index=3&Type=IR	reason=download_http_404	message=
2026-07-02 22:42:20	cid=311	cas=77-92-9	modality=ir	url=https://webbook.nist.gov/cgi/cbook.cgi?JCAMP=C77929&Index=4&Type=IR	reason=download_http_404	message=
2026-07-02 22:42:20	cid=311	cas=77-92-9	modality=ir	url=https://webbook.nist.gov/cgi/cbook.cgi?JCAMP=C77929&Index=5&Type=IR	reason=download_http_404	message=
2026-07-02 22:42:21	cid=311	cas=77-92-9	modality=ir	url=https://webbook.nist.gov/cgi/cbook.cgi?JCAMP=C77929&Index=6&Type=IR	reason=download_http_404	message=
2026-07-02 22:42:22	cid=311	cas=77-92-9	modality=ir	url=https://webbook.nist.gov/cgi/cbook.cgi?JCAMP=C77929&Index=7&Type=IR	reason=download_http_404	message=
2026-07-02 22:42:28	cid=311	cas=77-92-9	modality=ir	url=https://webbook.nist.gov/cgi/cbook.cgi?JCAMP=C77929&Index=8&Type=IR	reason=download_http_404	message=
2026-07-02 22:42:28	cid=311	cas=77-92-9	modality=ir	url=https://webbook.nist.gov/cgi/cbook.cgi?JCAMP=C77929&Index=9&Type=IR	reason=download_http_404	message=
2026-07-02 22:42:28	cid=311	cas=77-92-9	modality=uvvis	url=https://webbook.nist.gov/cgi/cbook.cgi?JCAMP=C77929&Index=1&Type=UVVis	reason=download_http_404	message=
2026-07-02 22:42:29	cid=311	cas=77-92-9	modality=uvvis	url=https://webbook.nist.gov/cgi/cbook.cgi?JCAMP=C77929&Index=2&Type=UVVis	reason=download_http_404	message=
2026-07-02 22:42:31	cid=311	cas=77-92-9	modality=uvvis	url=https://webbook.nist.gov/cgi/cbook.cgi?JCAMP=C77929&Index=3&Type=UVVis	reason=download_http_404	message=
2026-07-02 22:42:35	cid=311	cas=77-92-9	modality=uvvis	url=https://webbook.nist.gov/cgi/cbook.cgi?JCAMP=C77929&Index=4&Type=UVVis	reason=download_http_404	message=
2026-07-02 22:42:36	cid=311	cas=77-92-9	modality=uvvis	url=https://webbook.nist.gov/cgi/cbook.cgi?JCAMP=C77929&Index=5&Type=UVVis	reason=download_http_404	message=
2026-07-02 22:42:36	cid=311	cas=77-92-9	modality=uvvis	url=https://webbook.nist.gov/cgi/cbook.cgi?JCAMP=C77929&Index=6&Type=UVVis	reason=download_http_404	message=
2026-07-02 22:42:37	cid=311	cas=77-92-9	modality=uvvis	url=https://webbook.nist.gov/cgi/cbook.cgi?JCAMP=C77929&Index=7&Type=UVVis	reason=download_http_404	message=
2026-07-02 22:42:37	cid=311	cas=77-92-9	modality=uvvis	url=https://webbook.nist.gov/cgi/cbook.cgi?JCAMP=C77929&Index=8&Type=UVVis	reason=download_http_404	message=
2026-07-02 22:42:42	cid=311	cas=77-92-9	modality=uvvis	url=https://webbook.nist.gov/cgi/cbook.cgi?JCAMP=C77929&Index=9&Type=UVVis	reason=download_http_404	message=
2026-07-02 22:42:45	cid=314	cas=686299-78-5	modality=	url=https://webbook.nist.gov/cgi/cbook.cgi?ID=686299-78-5&Units=SI&Mask=480	reason=nist_not_found	message=
2026-07-02 22:42:47	cid=315	cas=	modality=	url=	reason=not_found	message=pubchem_synonyms_404
2026-07-02 22:42:48	cid=316	cas=	modality=	url=	reason=not_found	message=no_cas_in_synonyms
2026-07-02 22:42:51	cid=317	cas=31416-98-5	modality=	url=https://webbook.nist.gov/cgi/cbook.cgi?ID=31416-98-5&Units=SI&Mask=480	reason=nist_not_found	message=
2026-07-02 22:42:52	cid=320	cas=	modality=	url=	reason=not_found	message=no_cas_in_synonyms
2026-07-02 22:42:53	cid=321	cas=2624-63-7	modality=	url=https://webbook.nist.gov/cgi/cbook.cgi?ID=2624-63-7&Units=SI&Mask=480	reason=nist_not_found	message=
2026-07-02 22:42:55	cid=322	cas=7400-08-0	modality=	url=https://webbook.nist.gov/cgi/cbook.cgi?ID=7400-08-0&Units=SI&Mask=480	reason=no_jcamp_links	message=
2026-07-02 22:42:58	cid=323	cas=91-64-5	modality=ir	url=https://webbook.nist.gov/cgi/cbook.cgi?JCAMP=C91645&Index=1&Type=IR	reason=download_http_404	message=
2026-07-02 22:42:59	cid=323	cas=91-64-5	modality=ir	url=https://webbook.nist.gov/cgi/cbook.cgi?JCAMP=C91645&Index=2&Type=IR	reason=download_http_404	message=
2026-07-02 22:43:00	cid=323	cas=91-64-5	modality=ir	url=https://webbook.nist.gov/cgi/cbook.cgi?JCAMP=C91645&Index=3&Type=IR	reason=download_http_404	message=
2026-07-02 22:43:04	cid=323	cas=91-64-5	modality=ir	url=https://webbook.nist.gov/cgi/cbook.cgi?JCAMP=C91645&Index=4&Type=IR	reason=download_http_404	message=
2026-07-02 22:43:04	cid=323	cas=91-64-5	modality=ir	url=https://webbook.nist.gov/cgi/cbook.cgi?JCAMP=C91645&Index=5&Type=IR	reason=download_http_404	message=
2026-07-02 22:43:05	cid=323	cas=91-64-5	modality=ir	url=https://webbook.nist.gov/cgi/cbook.cgi?JCAMP=C91645&Index=6&Type=IR	reason=download_http_404	message=
2026-07-02 22:43:06	cid=323	cas=91-64-5	modality=ir	url=https://webbook.nist.gov/cgi/cbook.cgi?JCAMP=C91645&Index=7&Type=IR	reason=download_http_404	message=
2026-07-02 22:43:06	cid=323	cas=91-64-5	modality=ir	url=https://webbook.nist.gov/cgi/cbook.cgi?JCAMP=C91645&Index=8&Type=IR	reason=download_http_404	message=
2026-07-02 22:43:10	cid=323	cas=91-64-5	modality=ir	url=https://webbook.nist.gov/cgi/cbook.cgi?JCAMP=C91645&Index=9&Type=IR	reason=download_http_404	message=
2026-07-02 22:43:10	cid=323	cas=91-64-5	modality=uvvis	url=https://webbook.nist.gov/cgi/cbook.cgi?JCAMP=C91645&Index=1&Type=UVVis	reason=download_http_404	message=
2026-07-02 22:43:15	cid=323	cas=91-64-5	modality=uvvis	url=https://webbook.nist.gov/cgi/cbook.cgi?JCAMP=C91645&Index=2&Type=UVVis	reason=download_http_404	message=
2026-07-02 22:43:19	cid=323	cas=91-64-5	modality=uvvis	url=https://webbook.nist.gov/cgi/cbook.cgi?JCAMP=C91645&Index=3&Type=UVVis	reason=download_http_404	message=
2026-07-02 22:43:19	cid=323	cas=91-64-5	modality=uvvis	url=https://webbook.nist.gov/cgi/cbook.cgi?JCAMP=C91645&Index=4&Type=UVVis	reason=download_http_404	message=
2026-07-02 22:43:23	cid=323	cas=91-64-5	modality=uvvis	url=https://webbook.nist.gov/cgi/cbook.cgi?JCAMP=C91645&Index=5&Type=UVVis	reason=download_http_404	message=
2026-07-02 22:43:28	cid=323	cas=91-64-5	modality=uvvis	url=https://webbook.nist.gov/cgi/cbook.cgi?JCAMP=C91645&Index=6&Type=UVVis	reason=download_http_404	message=
2026-07-02 22:43:29	cid=323	cas=91-64-5	modality=uvvis	url=https://webbook.nist.gov/cgi/cbook.cgi?JCAMP=C91645&Index=7&Type=UVVis	reason=download_http_404	message=
2026-07-02 22:43:29	cid=323	cas=91-64-5	modality=uvvis	url=https://webbook.nist.gov/cgi/cbook.cgi?JCAMP=C91645&Index=8&Type=UVVis	reason=download_http_404	message=
2026-07-02 22:43:30	cid=323	cas=91-64-5	modality=uvvis	url=https://webbook.nist.gov/cgi/cbook.cgi?JCAMP=C91645&Index=9&Type=UVVis	reason=download_http_404	message=
2026-07-02 22:43:34	cid=325	cas=536-60-7	modality=ir	url=https://webbook.nist.gov/cgi/cbook.cgi?JCAMP=C536607&Index=1&Type=IR	reason=download_http_404	message=
2026-07-02 22:43:34	cid=325	cas=536-60-7	modality=ir	url=https://webbook.nist.gov/cgi/cbook.cgi?JCAMP=C536607&Index=2&Type=IR	reason=download_http_404	message=
2026-07-02 22:43:35	cid=325	cas=536-60-7	modality=ir	url=https://webbook.nist.gov/cgi/cbook.cgi?JCAMP=C536607&Index=3&Type=IR	reason=download_http_404	message=
2026-07-02 22:43:35	cid=325	cas=536-60-7	modality=ir	url=https://webbook.nist.gov/cgi/cbook.cgi?JCAMP=C536607&Index=4&Type=IR	reason=download_http_404	message=
2026-07-02 22:43:45	cid=325	cas=536-60-7	modality=ir	url=https://webbook.nist.gov/cgi/cbook.cgi?JCAMP=C536607&Index=5&Type=IR	reason=download_http_404	message=
2026-07-02 22:43:46	cid=325	cas=536-60-7	modality=ir	url=https://webbook.nist.gov/cgi/cbook.cgi?JCAMP=C536607&Index=6&Type=IR	reason=download_http_404	message=
2026-07-02 22:43:47	cid=325	cas=536-60-7	modality=ir	url=https://webbook.nist.gov/cgi/cbook.cgi?JCAMP=C536607&Index=7&Type=IR	reason=download_http_404	message=
2026-07-02 22:43:48	cid=325	cas=536-60-7	modality=ir	url=https://webbook.nist.gov/cgi/cbook.cgi?JCAMP=C536607&Index=8&Type=IR	reason=download_http_404	message=
2026-07-02 22:43:48	cid=325	cas=536-60-7	modality=ir	url=https://webbook.nist.gov/cgi/cbook.cgi?JCAMP=C536607&Index=9&Type=IR	reason=download_http_404	message=
2026-07-02 22:43:49	cid=1	cas=14992-62-2	modality=	url=https://webbook.nist.gov/cgi/cbook.cgi?ID=14992-62-2&Units=SI&Mask=480	reason=nist_not_found	message=
2026-07-02 22:43:50	cid=2	cas=7559-18-4	modality=	url=https://webbook.nist.gov/cgi/cbook.cgi?ID=7559-18-4&Units=SI&Mask=480	reason=nist_not_found	message=
2026-07-02 22:43:50	cid=3	cas=	modality=	url=	reason=not_found	message=no_cas_in_synonyms
2026-07-02 22:43:52	cid=4	cas=78-96-6	modality=ir	url=https://webbook.nist.gov/cgi/cbook.cgi?JCAMP=C2799168&Index=0&Type=IR	reason=download_http_404	message=
2026-07-02 22:43:52	cid=4	cas=78-96-6	modality=ir	url=https://webbook.nist.gov/cgi/cbook.cgi?JCAMP=C2799168&Index=1&Type=IR	reason=download_http_404	message=
2026-07-02 22:44:02	cid=326	cas=122-03-2	modality=ir	url=https://webbook.nist.gov/cgi/cbook.cgi?JCAMP=C122032&Index=2&Type=IR	reason=download_http_404	message=
2026-07-02 22:44:03	cid=326	cas=122-03-2	modality=ir	url=https://webbook.nist.gov/cgi/cbook.cgi?JCAMP=C122032&Index=3&Type=IR	reason=download_http_404	message=
2026-07-02 22:44:03	cid=4	cas=78-96-6	modality=ir	url=https://webbook.nist.gov/cgi/cbook.cgi?JCAMP=C2799168&Index=2&Type=IR	reason=download_http_404	message=
2026-07-02 22:44:08	cid=4	cas=78-96-6	modality=ir	url=https://webbook.nist.gov/cgi/cbook.cgi?JCAMP=C2799168&Index=3&Type=IR	reason=download_http_404	message=
2026-07-02 22:44:09	cid=4	cas=78-96-6	modality=ir	url=https://webbook.nist.gov/cgi/cbook.cgi?JCAMP=C2799168&Index=4&Type=IR	reason=download_http_404	message=
2026-07-02 22:44:09	cid=4	cas=78-96-6	modality=ir	url=https://webbook.nist.gov/cgi/cbook.cgi?JCAMP=C2799168&Index=5&Type=IR	reason=download_http_404	message=
2026-07-02 22:44:14	cid=326	cas=122-03-2	modality=ir	url=https://webbook.nist.gov/cgi/cbook.cgi?JCAMP=C122032&Index=4&Type=IR	reason=download_http_404	message=
2026-07-02 22:44:15	cid=326	cas=122-03-2	modality=ir	url=https://webbook.nist.gov/cgi/cbook.cgi?JCAMP=C122032&Index=5&Type=IR	reason=download_http_404	message=
2026-07-02 22:44:15	cid=326	cas=122-03-2	modality=ir	url=https://webbook.nist.gov/cgi/cbook.cgi?JCAMP=C122032&Index=6&Type=IR	reason=download_http_404	message=
2026-07-02 22:44:17	cid=326	cas=122-03-2	modality=ir	url=https://webbook.nist.gov/cgi/cbook.cgi?JCAMP=C122032&Index=7&Type=IR	reason=download_http_404	message=
2026-07-02 22:44:20	cid=4	cas=78-96-6	modality=ir	url=https://webbook.nist.gov/cgi/cbook.cgi?JCAMP=C2799168&Index=6&Type=IR	reason=download_http_404	message=
2026-07-02 22:44:21	cid=4	cas=78-96-6	modality=ir	url=https://webbook.nist.gov/cgi/cbook.cgi?JCAMP=C2799168&Index=7&Type=IR	reason=download_http_404	message=
2026-07-02 22:44:21	cid=4	cas=78-96-6	modality=ir	url=https://webbook.nist.gov/cgi/cbook.cgi?JCAMP=C2799168&Index=8&Type=IR	reason=download_http_404	message=
2026-07-02 22:44:28	cid=326	cas=122-03-2	modality=ir	url=https://webbook.nist.gov/cgi/cbook.cgi?JCAMP=C122032&Index=8&Type=IR	reason=download_http_404	message=
2026-07-02 22:44:28	cid=326	cas=122-03-2	modality=ir	url=https://webbook.nist.gov/cgi/cbook.cgi?JCAMP=C122032&Index=9&Type=IR	reason=download_http_404	message=
2026-07-02 22:44:30	cid=328	cas=1198-84-1	modality=	url=https://webbook.nist.gov/cgi/cbook.cgi?ID=1198-84-1&Units=SI&Mask=480	reason=nist_not_found	message=
2026-07-02 22:44:32	cid=329	cas=86316-83-8	modality=	url=https://webbook.nist.gov/cgi/cbook.cgi?ID=86316-83-8&Units=SI&Mask=480	reason=nist_not_found	message=
2026-07-02 22:44:32	cid=4	cas=78-96-6	modality=ir	url=https://webbook.nist.gov/cgi/cbook.cgi?JCAMP=C2799168&Index=9&Type=IR	reason=download_http_404	message=
2026-07-02 22:44:32	cid=4	cas=78-96-6	modality=	url=https://webbook.nist.gov/cgi/cbook.cgi?ID=78-96-6&Units=SI&Mask=480	reason=all_jcamp_downloads_failed	message=ir:download_http_404;ir:download_http_404;ir:download_http_404;ir:download_http_404;ir:download_http_404;ir:download_http_404;ir:download_http_404;ir:download_http_404;ir:download_http_404;ir:download_http_404
2026-07-02 22:44:33	cid=5	cas=205189-34-0	modality=	url=https://webbook.nist.gov/cgi/cbook.cgi?ID=205189-34-0&Units=SI&Mask=480	reason=nist_not_found	message=
2026-07-02 22:44:34	cid=330	cas=	modality=	url=	reason=not_found	message=no_cas_in_synonyms
2026-07-02 22:44:35	cid=6	cas=97-00-7	modality=ir	url=https://webbook.nist.gov/cgi/cbook.cgi?JCAMP=C97007&Index=2&Type=IR	reason=download_http_404	message=
2026-07-02 22:44:36	cid=6	cas=97-00-7	modality=ir	url=https://webbook.nist.gov/cgi/cbook.cgi?JCAMP=C97007&Index=3&Type=IR	reason=download_http_404	message=
2026-07-02 22:44:36	cid=331	cas=17027-83-7	modality=	url=https://webbook.nist.gov/cgi/cbook.cgi?ID=17027-83-7&Units=SI&Mask=480	reason=nist_not_found	message=
2026-07-02 22:44:36	cid=6	cas=97-00-7	modality=ir	url=https://webbook.nist.gov/cgi/cbook.cgi?JCAMP=C97007&Index=4&Type=IR	reason=download_http_404	message=
2026-07-02 22:44:37	cid=6	cas=97-00-7	modality=ir	url=https://webbook.nist.gov/cgi/cbook.cgi?JCAMP=C97007&Index=5&Type=IR	reason=download_http_404	message=
2026-07-02 22:44:37	cid=6	cas=97-00-7	modality=ir	url=https://webbook.nist.gov/cgi/cbook.cgi?JCAMP=C97007&Index=6&Type=IR	reason=download_http_404	message=
2026-07-02 22:44:44	cid=332	cas=7786-61-0	modality=ir	url=https://webbook.nist.gov/cgi/cbook.cgi?JCAMP=C7786610&Index=1&Type=IR	reason=download_http_404	message=
2026-07-02 22:44:45	cid=332	cas=7786-61-0	modality=ir	url=https://webbook.nist.gov/cgi/cbook.cgi?JCAMP=C7786610&Index=2&Type=IR	reason=download_http_404	message=
2026-07-02 22:44:45	cid=332	cas=7786-61-0	modality=ir	url=https://webbook.nist.gov/cgi/cbook.cgi?JCAMP=C7786610&Index=3&Type=IR	reason=download_http_404	message=
2026-07-02 22:44:56	cid=332	cas=7786-61-0	modality=ir	url=https://webbook.nist.gov/cgi/cbook.cgi?JCAMP=C7786610&Index=4&Type=IR	reason=download_http_404	message=
2026-07-02 22:44:56	cid=332	cas=7786-61-0	modality=ir	url=https://webbook.nist.gov/cgi/cbook.cgi?JCAMP=C7786610&Index=5&Type=IR	reason=download_http_404	message=
2026-07-02 22:44:56	cid=332	cas=7786-61-0	modality=ir	url=https://webbook.nist.gov/cgi/cbook.cgi?JCAMP=C7786610&Index=6&Type=IR	reason=download_http_404	message=
2026-07-02 22:45:00	cid=332	cas=7786-61-0	modality=ir	url=https://webbook.nist.gov/cgi/cbook.cgi?JCAMP=C7786610&Index=7&Type=IR	reason=download_http_404	message=
2026-07-02 22:45:01	cid=6	cas=97-00-7	modality=ir	url=https://webbook.nist.gov/cgi/cbook.cgi?JCAMP=C97007&Index=7&Type=IR	reason=download_http_404	message=
2026-07-02 22:45:12	cid=332	cas=7786-61-0	modality=ir	url=https://webbook.nist.gov/cgi/cbook.cgi?JCAMP=C7786610&Index=8&Type=IR	reason=download_http_404	message=
2026-07-02 22:45:12	cid=332	cas=7786-61-0	modality=ir	url=https://webbook.nist.gov/cgi/cbook.cgi?JCAMP=C7786610&Index=9&Type=IR	reason=download_http_404	message=
2026-07-02 22:45:13	cid=333	cas=	modality=	url=	reason=not_found	message=no_cas_in_synonyms
2026-07-02 22:45:14	cid=334	cas=	modality=	url=	reason=not_found	message=no_cas_in_synonyms
2026-07-02 22:45:26	cid=335	cas=95-48-7	modality=ir	url=https://webbook.nist.gov/cgi/cbook.cgi?JCAMP=C95487&Index=4&Type=IR	reason=download_http_404	message=
2026-07-02 22:45:27	cid=335	cas=95-48-7	modality=ir	url=https://webbook.nist.gov/cgi/cbook.cgi?JCAMP=C95487&Index=5&Type=IR	reason=download_http_404	message=
2026-07-02 22:45:28	cid=335	cas=95-48-7	modality=ir	url=https://webbook.nist.gov/cgi/cbook.cgi?JCAMP=C95487&Index=6&Type=IR	reason=download_http_404	message=
2026-07-02 22:45:29	cid=335	cas=95-48-7	modality=ir	url=https://webbook.nist.gov/cgi/cbook.cgi?JCAMP=C95487&Index=7&Type=IR	reason=download_http_404	message=
2026-07-02 22:45:29	cid=335	cas=95-48-7	modality=ir	url=https://webbook.nist.gov/cgi/cbook.cgi?JCAMP=C95487&Index=8&Type=IR	reason=download_http_404	message=
2026-07-02 22:45:33	cid=335	cas=95-48-7	modality=ir	url=https://webbook.nist.gov/cgi/cbook.cgi?JCAMP=C95487&Index=9&Type=IR	reason=download_http_404	message=
2026-07-02 22:45:34	cid=335	cas=95-48-7	modality=uvvis	url=https://webbook.nist.gov/cgi/cbook.cgi?JCAMP=C95487&Index=1&Type=UVVis	reason=download_http_404	message=
2026-07-02 22:45:38	cid=335	cas=95-48-7	modality=uvvis	url=https://webbook.nist.gov/cgi/cbook.cgi?JCAMP=C95487&Index=2&Type=UVVis	reason=download_http_404	message=
2026-07-02 22:45:42	cid=335	cas=95-48-7	modality=uvvis	url=https://webbook.nist.gov/cgi/cbook.cgi?JCAMP=C95487&Index=3&Type=UVVis	reason=download_http_404	message=
2026-07-02 22:45:42	cid=335	cas=95-48-7	modality=uvvis	url=https://webbook.nist.gov/cgi/cbook.cgi?JCAMP=C95487&Index=4&Type=UVVis	reason=download_http_404	message=
2026-07-02 22:45:47	cid=335	cas=95-48-7	modality=uvvis	url=https://webbook.nist.gov/cgi/cbook.cgi?JCAMP=C95487&Index=5&Type=UVVis	reason=download_http_404	message=
2026-07-02 22:45:51	cid=335	cas=95-48-7	modality=uvvis	url=https://webbook.nist.gov/cgi/cbook.cgi?JCAMP=C95487&Index=6&Type=UVVis	reason=download_http_404	message=
2026-07-02 22:45:52	cid=335	cas=95-48-7	modality=uvvis	url=https://webbook.nist.gov/cgi/cbook.cgi?JCAMP=C95487&Index=7&Type=UVVis	reason=download_http_404	message=
2026-07-02 22:45:53	cid=335	cas=95-48-7	modality=uvvis	url=https://webbook.nist.gov/cgi/cbook.cgi?JCAMP=C95487&Index=8&Type=UVVis	reason=download_http_404	message=
2026-07-02 22:45:53	cid=335	cas=95-48-7	modality=uvvis	url=https://webbook.nist.gov/cgi/cbook.cgi?JCAMP=C95487&Index=9&Type=UVVis	reason=download_http_404	message=
2026-07-02 22:45:55	cid=336	cas=10346-27-7	modality=	url=https://webbook.nist.gov/cgi/cbook.cgi?ID=10346-27-7&Units=SI&Mask=480	reason=nist_not_found	message=
2026-07-02 22:45:59	cid=337	cas=1380080-16-9	modality=	url=https://webbook.nist.gov/cgi/cbook.cgi?ID=1380080-16-9&Units=SI&Mask=480	reason=nist_not_found	message=
2026-07-02 22:47:44	cid=338	cas=69-72-7	modality=ir	url=https://webbook.nist.gov/cgi/cbook.cgi?JCAMP=C69727&Index=5&Type=IR	reason=download_http_404	message=
2026-07-02 22:47:44	cid=338	cas=69-72-7	modality=ir	url=https://webbook.nist.gov/cgi/cbook.cgi?JCAMP=C69727&Index=6&Type=IR	reason=download_http_404	message=
2026-07-02 22:47:54	cid=338	cas=69-72-7	modality=ir	url=https://webbook.nist.gov/cgi/cbook.cgi?JCAMP=C69727&Index=7&Type=IR	reason=download_http_404	message=
2026-07-02 22:47:55	cid=338	cas=69-72-7	modality=ir	url=https://webbook.nist.gov/cgi/cbook.cgi?JCAMP=C69727&Index=8&Type=IR	reason=download_http_404	message=
2026-07-02 22:47:55	cid=338	cas=69-72-7	modality=ir	url=https://webbook.nist.gov/cgi/cbook.cgi?JCAMP=C69727&Index=9&Type=IR	reason=download_http_404	message=
2026-07-02 22:47:55	cid=338	cas=69-72-7	modality=uvvis	url=https://webbook.nist.gov/cgi/cbook.cgi?JCAMP=C69727&Index=1&Type=UVVis	reason=download_http_404	message=
2026-07-02 22:47:56	cid=338	cas=69-72-7	modality=uvvis	url=https://webbook.nist.gov/cgi/cbook.cgi?JCAMP=C69727&Index=2&Type=UVVis	reason=download_http_404	message=
2026-07-02 22:48:06	cid=338	cas=69-72-7	modality=uvvis	url=https://webbook.nist.gov/cgi/cbook.cgi?JCAMP=C69727&Index=3&Type=UVVis	reason=download_http_404	message=
2026-07-02 22:48:08	cid=338	cas=69-72-7	modality=uvvis	url=https://webbook.nist.gov/cgi/cbook.cgi?JCAMP=C69727&Index=4&Type=UVVis	reason=download_http_404	message=
2026-07-02 22:48:08	cid=338	cas=69-72-7	modality=uvvis	url=https://webbook.nist.gov/cgi/cbook.cgi?JCAMP=C69727&Index=5&Type=UVVis	reason=download_http_404	message=
2026-07-02 22:48:08	cid=338	cas=69-72-7	modality=uvvis	url=https://webbook.nist.gov/cgi/cbook.cgi?JCAMP=C69727&Index=6&Type=UVVis	reason=download_http_404	message=
2026-07-02 22:48:09	cid=338	cas=69-72-7	modality=uvvis	url=https://webbook.nist.gov/cgi/cbook.cgi?JCAMP=C69727&Index=7&Type=UVVis	reason=download_http_404	message=
2026-07-02 22:48:19	cid=338	cas=69-72-7	modality=uvvis	url=https://webbook.nist.gov/cgi/cbook.cgi?JCAMP=C69727&Index=8&Type=UVVis	reason=download_http_404	message=
2026-07-02 22:48:20	cid=338	cas=69-72-7	modality=uvvis	url=https://webbook.nist.gov/cgi/cbook.cgi?JCAMP=C69727&Index=9&Type=UVVis	reason=download_http_404	message=
2026-07-02 22:48:44	cid=339	cas=2041-14-7	modality=	url=https://webbook.nist.gov/cgi/cbook.cgi?ID=2041-14-7&Units=SI&Mask=480	reason=nist_not_found	message=
2026-07-02 22:48:47	cid=340	cas=488-17-5	modality=ir	url=https://webbook.nist.gov/cgi/cbook.cgi?JCAMP=C488175&Index=1&Type=IR	reason=download_http_404	message=
2026-07-02 22:48:47	cid=340	cas=488-17-5	modality=ir	url=https://webbook.nist.gov/cgi/cbook.cgi?JCAMP=C488175&Index=2&Type=IR	reason=download_http_404	message=
2026-07-02 22:48:47	cid=340	cas=488-17-5	modality=ir	url=https://webbook.nist.gov/cgi/cbook.cgi?JCAMP=C488175&Index=3&Type=IR	reason=download_http_404	message=
2026-07-02 22:48:48	cid=340	cas=488-17-5	modality=ir	url=https://webbook.nist.gov/cgi/cbook.cgi?JCAMP=C488175&Index=4&Type=IR	reason=download_http_404	message=
2026-07-02 22:48:52	cid=340	cas=488-17-5	modality=ir	url=https://webbook.nist.gov/cgi/cbook.cgi?JCAMP=C488175&Index=5&Type=IR	reason=download_http_404	message=
2026-07-02 22:48:53	cid=340	cas=488-17-5	modality=ir	url=https://webbook.nist.gov/cgi/cbook.cgi?JCAMP=C488175&Index=6&Type=IR	reason=download_http_404	message=
2026-07-02 22:48:53	cid=340	cas=488-17-5	modality=ir	url=https://webbook.nist.gov/cgi/cbook.cgi?JCAMP=C488175&Index=7&Type=IR	reason=download_http_404	message=
2026-07-02 22:48:53	cid=340	cas=488-17-5	modality=ir	url=https://webbook.nist.gov/cgi/cbook.cgi?JCAMP=C488175&Index=8&Type=IR	reason=download_http_404	message=
2026-07-02 22:49:07	cid=340	cas=488-17-5	modality=ir	url=https://webbook.nist.gov/cgi/cbook.cgi?JCAMP=C488175&Index=9&Type=IR	reason=download_http_404	message=
2026-07-02 22:49:08	cid=341	cas=536-08-3	modality=	url=https://webbook.nist.gov/cgi/cbook.cgi?ID=536-08-3&Units=SI&Mask=480	reason=nist_not_found	message=
2026-07-02 22:49:14	cid=342	cas=108-39-4	modality=ir	url=https://webbook.nist.gov/cgi/cbook.cgi?JCAMP=C108394&Index=3&Type=IR	reason=download_http_404	message=
2026-07-02 22:49:18	cid=342	cas=108-39-4	modality=ir	url=https://webbook.nist.gov/cgi/cbook.cgi?JCAMP=C108394&Index=4&Type=IR	reason=download_http_404	message=
2026-07-02 22:49:20	cid=342	cas=108-39-4	modality=ir	url=https://webbook.nist.gov/cgi/cbook.cgi?JCAMP=C108394&Index=5&Type=IR	reason=download_http_404	message=
2026-07-02 22:49:20	cid=342	cas=108-39-4	modality=ir	url=https://webbook.nist.gov/cgi/cbook.cgi?JCAMP=C108394&Index=6&Type=IR	reason=download_http_404	message=
2026-07-02 22:49:20	cid=342	cas=108-39-4	modality=ir	url=https://webbook.nist.gov/cgi/cbook.cgi?JCAMP=C108394&Index=7&Type=IR	reason=download_http_404	message=
2026-07-02 22:49:21	cid=342	cas=108-39-4	modality=ir	url=https://webbook.nist.gov/cgi/cbook.cgi?JCAMP=C108394&Index=8&Type=IR	reason=download_http_404	message=
2026-07-02 22:49:26	cid=342	cas=108-39-4	modality=ir	url=https://webbook.nist.gov/cgi/cbook.cgi?JCAMP=C108394&Index=9&Type=IR	reason=download_http_404	message=
2026-07-02 22:49:26	cid=342	cas=108-39-4	modality=uvvis	url=https://webbook.nist.gov/cgi/cbook.cgi?JCAMP=C108394&Index=1&Type=UVVis	reason=download_http_404	message=
2026-07-02 22:49:27	cid=342	cas=108-39-4	modality=uvvis	url=https://webbook.nist.gov/cgi/cbook.cgi?JCAMP=C108394&Index=2&Type=UVVis	reason=download_http_404	message=
2026-07-02 22:49:27	cid=342	cas=108-39-4	modality=uvvis	url=https://webbook.nist.gov/cgi/cbook.cgi?JCAMP=C108394&Index=3&Type=UVVis	reason=download_http_404	message=
2026-07-02 22:49:28	cid=342	cas=108-39-4	modality=uvvis	url=https://webbook.nist.gov/cgi/cbook.cgi?JCAMP=C108394&Index=4&Type=UVVis	reason=download_http_404	message=
2026-07-02 22:49:32	cid=342	cas=108-39-4	modality=uvvis	url=https://webbook.nist.gov/cgi/cbook.cgi?JCAMP=C108394&Index=5&Type=UVVis	reason=download_http_404	message=
2026-07-02 22:49:33	cid=342	cas=108-39-4	modality=uvvis	url=https://webbook.nist.gov/cgi/cbook.cgi?JCAMP=C108394&Index=6&Type=UVVis	reason=download_http_404	message=
2026-07-02 22:49:33	cid=342	cas=108-39-4	modality=uvvis	url=https://webbook.nist.gov/cgi/cbook.cgi?JCAMP=C108394&Index=7&Type=UVVis	reason=download_http_404	message=
2026-07-02 22:49:44	cid=342	cas=108-39-4	modality=uvvis	url=https://webbook.nist.gov/cgi/cbook.cgi?JCAMP=C108394&Index=8&Type=UVVis	reason=download_http_404	message=
2026-07-02 22:49:44	cid=342	cas=108-39-4	modality=uvvis	url=https://webbook.nist.gov/cgi/cbook.cgi?JCAMP=C108394&Index=9&Type=UVVis	reason=download_http_404	message=
2026-07-02 22:49:45	cid=343	cas=	modality=	url=	reason=not_found	message=no_cas_in_synonyms
2026-07-02 22:49:46	cid=344	cas=	modality=	url=	reason=not_found	message=no_cas_in_synonyms
2026-07-02 22:49:48	cid=345	cas=89856-34-8	modality=	url=https://webbook.nist.gov/cgi/cbook.cgi?ID=89856-34-8&Units=SI&Mask=480	reason=nist_not_found	message=
2026-07-02 22:49:49	cid=346	cas=	modality=	url=	reason=not_found	message=no_cas_in_synonyms
2026-07-02 22:49:52	cid=347	cas=	modality=	url=	reason=not_found	message=no_cas_in_synonyms
2026-07-02 22:49:54	cid=348	cas=	modality=	url=	reason=not_found	message=pubchem_synonyms_404
2026-07-02 22:49:55	cid=349	cas=	modality=	url=	reason=not_found	message=no_cas_in_synonyms
2026-07-02 22:49:57	cid=350	cas=	modality=	url=	reason=not_found	message=no_cas_in_synonyms
2026-07-02 22:49:59	cid=351	cas=	modality=	url=	reason=not_found	message=pubchem_synonyms_404
2026-07-02 22:50:00	cid=352	cas=	modality=	url=	reason=not_found	message=pubchem_synonyms_404
2026-07-02 22:50:01	cid=353	cas=	modality=	url=	reason=not_found	message=pubchem_synonyms_404
2026-07-02 22:50:02	cid=354	cas=	modality=	url=	reason=not_found	message=no_cas_in_synonyms
2026-07-02 22:50:06	cid=355	cas=15573-67-8	modality=	url=https://webbook.nist.gov/cgi/cbook.cgi?ID=15573-67-8&Units=SI&Mask=480	reason=nist_not_found	message=
2026-07-02 22:50:09	cid=356	cas=111-65-9	modality=ir	url=https://webbook.nist.gov/cgi/cbook.cgi?JCAMP=C17252776&Index=0&Type=IR	reason=download_http_404	message=
2026-07-02 22:50:09	cid=356	cas=111-65-9	modality=ir	url=https://webbook.nist.gov/cgi/cbook.cgi?JCAMP=C17252776&Index=1&Type=IR	reason=download_http_404	message=
2026-07-02 22:50:09	cid=356	cas=111-65-9	modality=ir	url=https://webbook.nist.gov/cgi/cbook.cgi?JCAMP=C17252776&Index=2&Type=IR	reason=download_http_404	message=
2026-07-02 22:50:10	cid=356	cas=111-65-9	modality=ir	url=https://webbook.nist.gov/cgi/cbook.cgi?JCAMP=C17252776&Index=3&Type=IR	reason=download_http_404	message=
2026-07-02 22:50:10	cid=356	cas=111-65-9	modality=ir	url=https://webbook.nist.gov/cgi/cbook.cgi?JCAMP=C17252776&Index=4&Type=IR	reason=download_http_404	message=
2026-07-02 22:50:14	cid=356	cas=111-65-9	modality=ir	url=https://webbook.nist.gov/cgi/cbook.cgi?JCAMP=C17252776&Index=5&Type=IR	reason=download_http_404	message=
2026-07-02 22:50:15	cid=356	cas=111-65-9	modality=ir	url=https://webbook.nist.gov/cgi/cbook.cgi?JCAMP=C17252776&Index=6&Type=IR	reason=download_http_404	message=
2026-07-02 22:50:19	cid=356	cas=111-65-9	modality=ir	url=https://webbook.nist.gov/cgi/cbook.cgi?JCAMP=C17252776&Index=7&Type=IR	reason=download_http_404	message=
2026-07-02 22:50:23	cid=356	cas=111-65-9	modality=ir	url=https://webbook.nist.gov/cgi/cbook.cgi?JCAMP=C17252776&Index=8&Type=IR	reason=download_http_404	message=
2026-07-02 22:50:23	cid=356	cas=111-65-9	modality=ir	url=https://webbook.nist.gov/cgi/cbook.cgi?JCAMP=C17252776&Index=9&Type=IR	reason=download_http_404	message=
2026-07-02 22:50:23	cid=356	cas=111-65-9	modality=	url=https://webbook.nist.gov/cgi/cbook.cgi?ID=111-65-9&Units=SI&Mask=480	reason=all_jcamp_downloads_failed	message=ir:download_http_404;ir:download_http_404;ir:download_http_404;ir:download_http_404;ir:download_http_404;ir:download_http_404;ir:download_http_404;ir:download_http_404;ir:download_http_404;ir:download_http_404
2026-07-02 22:50:25	cid=357	cas=149665-65-6	modality=	url=https://webbook.nist.gov/cgi/cbook.cgi?ID=149665-65-6&Units=SI&Mask=480	reason=nist_not_found	message=
2026-07-02 22:50:26	cid=358	cas=19355-90-9	modality=	url=https://webbook.nist.gov/cgi/cbook.cgi?ID=19355-90-9&Units=SI&Mask=480	reason=nist_not_found	message=
2026-07-02 22:50:30	cid=359	cas=108-73-6	modality=ir	url=https://webbook.nist.gov/cgi/cbook.cgi?JCAMP=C108736&Index=2&Type=IR	reason=download_http_404	message=
2026-07-02 22:50:31	cid=359	cas=108-73-6	modality=ir	url=https://webbook.nist.gov/cgi/cbook.cgi?JCAMP=C108736&Index=3&Type=IR	reason=download_http_404	message=
2026-07-02 22:50:31	cid=359	cas=108-73-6	modality=ir	url=https://webbook.nist.gov/cgi/cbook.cgi?JCAMP=C108736&Index=4&Type=IR	reason=download_http_404	message=
2026-07-02 22:50:35	cid=359	cas=108-73-6	modality=ir	url=https://webbook.nist.gov/cgi/cbook.cgi?JCAMP=C108736&Index=5&Type=IR	reason=download_http_404	message=
2026-07-02 22:50:36	cid=359	cas=108-73-6	modality=ir	url=https://webbook.nist.gov/cgi/cbook.cgi?JCAMP=C108736&Index=6&Type=IR	reason=download_http_404	message=
2026-07-02 22:50:36	cid=359	cas=108-73-6	modality=ir	url=https://webbook.nist.gov/cgi/cbook.cgi?JCAMP=C108736&Index=7&Type=IR	reason=download_http_404	message=
2026-07-02 22:50:37	cid=359	cas=108-73-6	modality=ir	url=https://webbook.nist.gov/cgi/cbook.cgi?JCAMP=C108736&Index=8&Type=IR	reason=download_http_404	message=
2026-07-02 22:50:37	cid=359	cas=108-73-6	modality=ir	url=https://webbook.nist.gov/cgi/cbook.cgi?JCAMP=C108736&Index=9&Type=IR	reason=download_http_404	message=
2026-07-02 22:50:41	cid=360	cas=	modality=	url=	reason=not_found	message=pubchem_synonyms_404
2026-07-02 22:50:42	cid=361	cas=	modality=	url=	reason=not_found	message=no_cas_in_synonyms
2026-07-02 22:50:44	cid=362	cas=7234-04-0	modality=	url=https://webbook.nist.gov/cgi/cbook.cgi?ID=7234-04-0&Units=SI&Mask=480	reason=nist_not_found	message=
2026-07-02 22:50:46	cid=363	cas=6542-88-7	modality=	url=https://webbook.nist.gov/cgi/cbook.cgi?ID=6542-88-7&Units=SI&Mask=480	reason=nist_not_found	message=
2026-07-02 22:50:47	cid=364	cas=515-94-6	modality=	url=https://webbook.nist.gov/cgi/cbook.cgi?ID=515-94-6&Units=SI&Mask=480	reason=nist_not_found	message=
2026-07-02 22:50:51	cid=366	cas=2747-05-9	modality=ir	url=https://webbook.nist.gov/cgi/cbook.cgi?JCAMP=C2747059&Index=1&Type=IR	reason=download_http_404	message=
2026-07-02 22:50:51	cid=366	cas=2747-05-9	modality=ir	url=https://webbook.nist.gov/cgi/cbook.cgi?JCAMP=C2747059&Index=2&Type=IR	reason=download_http_404	message=
2026-07-02 22:50:51	cid=366	cas=2747-05-9	modality=ir	url=https://webbook.nist.gov/cgi/cbook.cgi?JCAMP=C2747059&Index=3&Type=IR	reason=download_http_404	message=
2026-07-02 22:50:52	cid=366	cas=2747-05-9	modality=ir	url=https://webbook.nist.gov/cgi/cbook.cgi?JCAMP=C2747059&Index=4&Type=IR	reason=download_http_404	message=
2026-07-02 22:50:56	cid=366	cas=2747-05-9	modality=ir	url=https://webbook.nist.gov/cgi/cbook.cgi?JCAMP=C2747059&Index=5&Type=IR	reason=download_http_404	message=
2026-07-02 22:50:56	cid=366	cas=2747-05-9	modality=ir	url=https://webbook.nist.gov/cgi/cbook.cgi?JCAMP=C2747059&Index=6&Type=IR	reason=download_http_404	message=
2026-07-02 22:51:00	cid=366	cas=2747-05-9	modality=ir	url=https://webbook.nist.gov/cgi/cbook.cgi?JCAMP=C2747059&Index=7&Type=IR	reason=download_http_404	message=
2026-07-02 22:51:05	cid=366	cas=2747-05-9	modality=ir	url=https://webbook.nist.gov/cgi/cbook.cgi?JCAMP=C2747059&Index=8&Type=IR	reason=download_http_404	message=
2026-07-02 22:51:05	cid=366	cas=2747-05-9	modality=ir	url=https://webbook.nist.gov/cgi/cbook.cgi?JCAMP=C2747059&Index=9&Type=IR	reason=download_http_404	message=
2026-07-02 22:51:08	cid=368	cas=4427-76-3	modality=	url=https://webbook.nist.gov/cgi/cbook.cgi?ID=4427-76-3&Units=SI&Mask=480	reason=nist_not_found	message=
2026-07-02 22:51:10	cid=370	cas=149-91-7	modality=	url=https://webbook.nist.gov/cgi/cbook.cgi?ID=149-91-7&Units=SI&Mask=480	reason=no_jcamp_links	message=
2026-07-02 22:51:13	cid=371	cas=142-45-0	modality=	url=https://webbook.nist.gov/cgi/cbook.cgi?ID=142-45-0&Units=SI&Mask=480	reason=no_jcamp_links	message=
2026-07-02 22:51:16	cid=372	cas=72698-24-9	modality=	url=https://webbook.nist.gov/cgi/cbook.cgi?ID=72698-24-9&Units=SI&Mask=480	reason=nist_not_found	message=
2026-07-02 22:51:17	cid=374	cas=	modality=	url=	reason=not_found	message=no_cas_in_synonyms
2026-07-02 22:51:18	cid=375	cas=	modality=	url=	reason=not_found	message=no_cas_in_synonyms
2026-07-02 22:51:22	cid=376	cas=109138-72-9	modality=	url=https://webbook.nist.gov/cgi/cbook.cgi?ID=109138-72-9&Units=SI&Mask=480	reason=nist_not_found	message=
2026-07-02 22:51:23	cid=377	cas=	modality=	url=	reason=not_found	message=pubchem_synonyms_404
2026-07-02 22:51:25	cid=378	cas=330-13-2	modality=	url=https://webbook.nist.gov/cgi/cbook.cgi?ID=330-13-2&Units=SI&Mask=480	reason=nist_not_found	message=
2026-07-02 22:51:42	cid=379	cas=124-07-2	modality=ir	url=https://webbook.nist.gov/cgi/cbook.cgi?JCAMP=C124072&Index=4&Type=IR	reason=download_http_404	message=
2026-07-02 22:51:42	cid=379	cas=124-07-2	modality=ir	url=https://webbook.nist.gov/cgi/cbook.cgi?JCAMP=C124072&Index=5&Type=IR	reason=download_http_404	message=
2026-07-02 22:51:43	cid=379	cas=124-07-2	modality=ir	url=https://webbook.nist.gov/cgi/cbook.cgi?JCAMP=C124072&Index=6&Type=IR	reason=download_http_404	message=
2026-07-02 22:51:43	cid=379	cas=124-07-2	modality=ir	url=https://webbook.nist.gov/cgi/cbook.cgi?JCAMP=C124072&Index=7&Type=IR	reason=download_http_404	message=
2026-07-02 22:51:43	cid=379	cas=124-07-2	modality=ir	url=https://webbook.nist.gov/cgi/cbook.cgi?JCAMP=C124072&Index=8&Type=IR	reason=download_http_404	message=
2026-07-02 22:51:53	cid=379	cas=124-07-2	modality=ir	url=https://webbook.nist.gov/cgi/cbook.cgi?JCAMP=C124072&Index=9&Type=IR	reason=download_http_404	message=
2026-07-02 22:51:55	cid=384	cas=	modality=	url=	reason=not_found	message=no_cas_in_synonyms
2026-07-02 22:52:01	cid=385	cas=111-16-0	modality=ir	url=https://webbook.nist.gov/cgi/cbook.cgi?JCAMP=C111160&Index=2&Type=IR	reason=download_http_404	message=
2026-07-02 22:52:01	cid=385	cas=111-16-0	modality=ir	url=https://webbook.nist.gov/cgi/cbook.cgi?JCAMP=C111160&Index=3&Type=IR	reason=download_http_404	message=
2026-07-02 22:52:01	cid=385	cas=111-16-0	modality=ir	url=https://webbook.nist.gov/cgi/cbook.cgi?JCAMP=C111160&Index=4&Type=IR	reason=download_http_404	message=
2026-07-02 22:52:06	cid=385	cas=111-16-0	modality=ir	url=https://webbook.nist.gov/cgi/cbook.cgi?JCAMP=C111160&Index=5&Type=IR	reason=download_http_404	message=
2026-07-02 22:52:07	cid=385	cas=111-16-0	modality=ir	url=https://webbook.nist.gov/cgi/cbook.cgi?JCAMP=C111160&Index=6&Type=IR	reason=download_http_404	message=
2026-07-02 22:52:08	cid=385	cas=111-16-0	modality=ir	url=https://webbook.nist.gov/cgi/cbook.cgi?JCAMP=C111160&Index=7&Type=IR	reason=download_http_404	message=
2026-07-02 22:52:08	cid=385	cas=111-16-0	modality=ir	url=https://webbook.nist.gov/cgi/cbook.cgi?JCAMP=C111160&Index=8&Type=IR	reason=download_http_404	message=
2026-07-02 22:52:08	cid=385	cas=111-16-0	modality=ir	url=https://webbook.nist.gov/cgi/cbook.cgi?JCAMP=C111160&Index=9&Type=IR	reason=download_http_404	message=
2026-07-02 22:52:10	cid=389	cas=616-07-9	modality=	url=https://webbook.nist.gov/cgi/cbook.cgi?ID=616-07-9&Units=SI&Mask=480	reason=no_jcamp_links	message=
2026-07-02 22:52:12	cid=390	cas=	modality=	url=	reason=not_found	message=no_cas_in_synonyms
2026-07-02 22:52:14	cid=391	cas=	modality=	url=	reason=not_found	message=pubchem_synonyms_404
2026-07-02 22:52:16	cid=392	cas=4299-56-3	modality=	url=https://webbook.nist.gov/cgi/cbook.cgi?ID=4299-56-3&Units=SI&Mask=480	reason=nist_not_found	message=
2026-07-02 22:52:17	cid=393	cas=	modality=	url=	reason=not_found	message=pubchem_synonyms_404
2026-07-02 22:52:22	cid=397	cas=879-37-8	modality=ir	url=https://webbook.nist.gov/cgi/cbook.cgi?JCAMP=C879378&Index=1&Type=IR	reason=download_http_404	message=
2026-07-02 22:52:22	cid=397	cas=879-37-8	modality=ir	url=https://webbook.nist.gov/cgi/cbook.cgi?JCAMP=C879378&Index=2&Type=IR	reason=download_http_404	message=
2026-07-02 22:52:22	cid=397	cas=879-37-8	modality=ir	url=https://webbook.nist.gov/cgi/cbook.cgi?JCAMP=C879378&Index=3&Type=IR	reason=download_http_404	message=
2026-07-02 22:52:23	cid=397	cas=879-37-8	modality=ir	url=https://webbook.nist.gov/cgi/cbook.cgi?JCAMP=C879378&Index=4&Type=IR	reason=download_http_404	message=
2026-07-02 22:52:27	cid=397	cas=879-37-8	modality=ir	url=https://webbook.nist.gov/cgi/cbook.cgi?JCAMP=C879378&Index=5&Type=IR	reason=download_http_404	message=
2026-07-02 22:52:28	cid=397	cas=879-37-8	modality=ir	url=https://webbook.nist.gov/cgi/cbook.cgi?JCAMP=C879378&Index=6&Type=IR	reason=download_http_404	message=
2026-07-02 22:52:29	cid=397	cas=879-37-8	modality=ir	url=https://webbook.nist.gov/cgi/cbook.cgi?JCAMP=C879378&Index=7&Type=IR	reason=download_http_404	message=
2026-07-02 22:52:29	cid=397	cas=879-37-8	modality=ir	url=https://webbook.nist.gov/cgi/cbook.cgi?JCAMP=C879378&Index=8&Type=IR	reason=download_http_404	message=
2026-07-02 22:52:29	cid=397	cas=879-37-8	modality=ir	url=https://webbook.nist.gov/cgi/cbook.cgi?JCAMP=C879378&Index=9&Type=IR	reason=download_http_404	message=
2026-07-02 22:52:40	cid=398	cas=79-46-9	modality=ir	url=https://webbook.nist.gov/cgi/cbook.cgi?JCAMP=C79469&Index=2&Type=IR	reason=download_http_404	message=
2026-07-02 22:52:41	cid=398	cas=79-46-9	modality=ir	url=https://webbook.nist.gov/cgi/cbook.cgi?JCAMP=C79469&Index=3&Type=IR	reason=download_http_404	message=
2026-07-02 22:52:41	cid=398	cas=79-46-9	modality=ir	url=https://webbook.nist.gov/cgi/cbook.cgi?JCAMP=C79469&Index=4&Type=IR	reason=download_http_404	message=
2026-07-02 22:52:41	cid=398	cas=79-46-9	modality=ir	url=https://webbook.nist.gov/cgi/cbook.cgi?JCAMP=C79469&Index=5&Type=IR	reason=download_http_404	message=
2026-07-02 22:52:47	cid=398	cas=79-46-9	modality=ir	url=https://webbook.nist.gov/cgi/cbook.cgi?JCAMP=C79469&Index=6&Type=IR	reason=download_http_404	message=
2026-07-02 22:52:47	cid=398	cas=79-46-9	modality=ir	url=https://webbook.nist.gov/cgi/cbook.cgi?JCAMP=C79469&Index=7&Type=IR	reason=download_http_404	message=
2026-07-02 22:52:48	cid=398	cas=79-46-9	modality=ir	url=https://webbook.nist.gov/cgi/cbook.cgi?JCAMP=C79469&Index=8&Type=IR	reason=download_http_404	message=
2026-07-02 22:52:48	cid=398	cas=79-46-9	modality=ir	url=https://webbook.nist.gov/cgi/cbook.cgi?JCAMP=C79469&Index=9&Type=IR	reason=download_http_404	message=
2026-07-02 22:52:48	cid=398	cas=79-46-9	modality=uvvis	url=https://webbook.nist.gov/cgi/cbook.cgi?JCAMP=C79469&Index=1&Type=UVVis	reason=download_http_404	message=
2026-07-02 22:52:53	cid=398	cas=79-46-9	modality=uvvis	url=https://webbook.nist.gov/cgi/cbook.cgi?JCAMP=C79469&Index=2&Type=UVVis	reason=download_http_404	message=
2026-07-02 22:52:53	cid=398	cas=79-46-9	modality=uvvis	url=https://webbook.nist.gov/cgi/cbook.cgi?JCAMP=C79469&Index=3&Type=UVVis	reason=download_http_404	message=
2026-07-02 22:52:53	cid=398	cas=79-46-9	modality=uvvis	url=https://webbook.nist.gov/cgi/cbook.cgi?JCAMP=C79469&Index=4&Type=UVVis	reason=download_http_404	message=
2026-07-02 22:52:54	cid=398	cas=79-46-9	modality=uvvis	url=https://webbook.nist.gov/cgi/cbook.cgi?JCAMP=C79469&Index=5&Type=UVVis	reason=download_http_404	message=
2026-07-02 22:53:04	cid=398	cas=79-46-9	modality=uvvis	url=https://webbook.nist.gov/cgi/cbook.cgi?JCAMP=C79469&Index=6&Type=UVVis	reason=download_http_404	message=
2026-07-02 22:53:04	cid=398	cas=79-46-9	modality=uvvis	url=https://webbook.nist.gov/cgi/cbook.cgi?JCAMP=C79469&Index=7&Type=UVVis	reason=download_http_404	message=
2026-07-02 22:53:05	cid=398	cas=79-46-9	modality=uvvis	url=https://webbook.nist.gov/cgi/cbook.cgi?JCAMP=C79469&Index=8&Type=UVVis	reason=download_http_404	message=
2026-07-02 22:53:05	cid=398	cas=79-46-9	modality=uvvis	url=https://webbook.nist.gov/cgi/cbook.cgi?JCAMP=C79469&Index=9&Type=UVVis	reason=download_http_404	message=
2026-07-02 22:53:07	cid=399	cas=109467-28-9	modality=	url=https://webbook.nist.gov/cgi/cbook.cgi?ID=109467-28-9&Units=SI&Mask=480	reason=nist_not_found	message=
2026-07-02 22:53:10	cid=400	cas=25559-38-0	modality=	url=https://webbook.nist.gov/cgi/cbook.cgi?ID=25559-38-0&Units=SI&Mask=480	reason=nist_not_found	message=
2026-07-02 22:53:12	cid=401	cas=68-39-3	modality=	url=https://webbook.nist.gov/cgi/cbook.cgi?ID=68-39-3&Units=SI&Mask=480	reason=nist_not_found	message=
2026-07-02 22:53:18	cid=403	cas=123-30-8	modality=ir	url=https://webbook.nist.gov/cgi/cbook.cgi?JCAMP=C123308&Index=2&Type=IR	reason=download_http_404	message=
2026-07-02 22:53:19	cid=403	cas=123-30-8	modality=ir	url=https://webbook.nist.gov/cgi/cbook.cgi?JCAMP=C123308&Index=3&Type=IR	reason=download_http_404	message=
2026-07-02 22:53:19	cid=403	cas=123-30-8	modality=ir	url=https://webbook.nist.gov/cgi/cbook.cgi?JCAMP=C123308&Index=4&Type=IR	reason=download_http_404	message=
2026-07-02 22:53:29	cid=403	cas=123-30-8	modality=ir	url=https://webbook.nist.gov/cgi/cbook.cgi?JCAMP=C123308&Index=5&Type=IR	reason=download_http_404	message=
2026-07-02 22:53:30	cid=403	cas=123-30-8	modality=ir	url=https://webbook.nist.gov/cgi/cbook.cgi?JCAMP=C123308&Index=6&Type=IR	reason=download_http_404	message=
2026-07-02 22:53:30	cid=403	cas=123-30-8	modality=ir	url=https://webbook.nist.gov/cgi/cbook.cgi?JCAMP=C123308&Index=7&Type=IR	reason=download_http_404	message=
2026-07-02 22:53:31	cid=403	cas=123-30-8	modality=ir	url=https://webbook.nist.gov/cgi/cbook.cgi?JCAMP=C123308&Index=8&Type=IR	reason=download_http_404	message=
2026-07-02 22:53:31	cid=403	cas=123-30-8	modality=ir	url=https://webbook.nist.gov/cgi/cbook.cgi?JCAMP=C123308&Index=9&Type=IR	reason=download_http_404	message=
2026-07-02 22:53:32	cid=404	cas=	modality=	url=	reason=not_found	message=no_cas_in_synonyms
2026-07-02 22:53:33	cid=405	cas=	modality=	url=	reason=not_found	message=no_cas_in_synonyms
2026-07-02 22:53:35	cid=408	cas=15569-85-4	modality=	url=https://webbook.nist.gov/cgi/cbook.cgi?ID=15569-85-4&Units=SI&Mask=480	reason=nist_not_found	message=
2026-07-02 22:53:37	cid=409	cas=63551-14-4	modality=	url=https://webbook.nist.gov/cgi/cbook.cgi?ID=63551-14-4&Units=SI&Mask=480	reason=nist_not_found	message=
2026-07-02 22:53:38	cid=410	cas=	modality=	url=	reason=not_found	message=no_cas_in_synonyms
2026-07-02 22:53:40	cid=411	cas=	modality=	url=	reason=not_found	message=pubchem_synonyms_404
2026-07-02 22:53:45	cid=412	cas=5746-86-1	modality=ir	url=https://webbook.nist.gov/cgi/cbook.cgi?JCAMP=C494973&Index=0&Type=IR	reason=download_http_404	message=
2026-07-02 22:53:46	cid=412	cas=5746-86-1	modality=ir	url=https://webbook.nist.gov/cgi/cbook.cgi?JCAMP=C494973&Index=1&Type=IR	reason=download_http_404	message=
2026-07-02 22:53:46	cid=412	cas=5746-86-1	modality=ir	url=https://webbook.nist.gov/cgi/cbook.cgi?JCAMP=C494973&Index=2&Type=IR	reason=download_http_404	message=
2026-07-02 22:53:46	cid=412	cas=5746-86-1	modality=ir	url=https://webbook.nist.gov/cgi/cbook.cgi?JCAMP=C494973&Index=3&Type=IR	reason=download_http_404	message=
2026-07-02 22:53:56	cid=412	cas=5746-86-1	modality=ir	url=https://webbook.nist.gov/cgi/cbook.cgi?JCAMP=C494973&Index=4&Type=IR	reason=download_http_404	message=
2026-07-02 22:53:57	cid=412	cas=5746-86-1	modality=ir	url=https://webbook.nist.gov/cgi/cbook.cgi?JCAMP=C494973&Index=5&Type=IR	reason=download_http_404	message=
2026-07-02 22:53:57	cid=412	cas=5746-86-1	modality=ir	url=https://webbook.nist.gov/cgi/cbook.cgi?JCAMP=C494973&Index=6&Type=IR	reason=download_http_404	message=
2026-07-02 22:53:57	cid=412	cas=5746-86-1	modality=ir	url=https://webbook.nist.gov/cgi/cbook.cgi?JCAMP=C494973&Index=7&Type=IR	reason=download_http_404	message=
2026-07-02 22:53:58	cid=412	cas=5746-86-1	modality=ir	url=https://webbook.nist.gov/cgi/cbook.cgi?JCAMP=C494973&Index=8&Type=IR	reason=download_http_404	message=
2026-07-02 22:54:08	cid=412	cas=5746-86-1	modality=ir	url=https://webbook.nist.gov/cgi/cbook.cgi?JCAMP=C494973&Index=9&Type=IR	reason=download_http_404	message=
2026-07-02 22:54:11	cid=413	cas=17114-40-8	modality=	url=https://webbook.nist.gov/cgi/cbook.cgi?ID=17114-40-8&Units=SI&Mask=480	reason=nist_not_found	message=
2026-07-02 22:54:13	cid=414	cas=79581-34-3	modality=	url=https://webbook.nist.gov/cgi/cbook.cgi?ID=79581-34-3&Units=SI&Mask=480	reason=nist_not_found	message=
2026-07-02 22:54:14	cid=415	cas=	modality=	url=	reason=not_found	message=no_cas_in_synonyms
2026-07-02 22:54:15	cid=416	cas=	modality=	url=	reason=not_found	message=no_cas_in_synonyms
2026-07-02 22:54:16	cid=417	cas=	modality=	url=	reason=not_found	message=no_cas_in_synonyms
2026-07-02 22:54:18	cid=418	cas=75453-80-4	modality=	url=https://webbook.nist.gov/cgi/cbook.cgi?ID=75453-80-4&Units=SI&Mask=480	reason=nist_not_found	message=
2026-07-02 22:54:20	cid=419	cas=	modality=	url=	reason=not_found	message=no_cas_in_synonyms
2026-07-02 22:54:21	cid=420	cas=6036-58-4	modality=	url=https://webbook.nist.gov/cgi/cbook.cgi?ID=6036-58-4&Units=SI&Mask=480	reason=no_jcamp_links	message=
2026-07-02 22:54:23	cid=421	cas=462-20-4	modality=	url=https://webbook.nist.gov/cgi/cbook.cgi?ID=462-20-4&Units=SI&Mask=480	reason=no_jcamp_links	message=
2026-07-02 22:54:26	cid=422	cas=53411-70-4	modality=	url=https://webbook.nist.gov/cgi/cbook.cgi?ID=53411-70-4&Units=SI&Mask=480	reason=nist_not_found	message=
2026-07-02 22:54:27	cid=423	cas=	modality=	url=	reason=not_found	message=no_cas_in_synonyms
2026-07-02 22:54:29	cid=424	cas=617-45-8	modality=	url=https://webbook.nist.gov/cgi/cbook.cgi?ID=617-45-8&Units=SI&Mask=480	reason=no_jcamp_links	message=
2026-07-02 22:54:31	cid=425	cas=	modality=	url=	reason=not_found	message=no_cas_in_synonyms
2026-07-02 22:54:32	cid=426	cas=	modality=	url=	reason=not_found	message=no_cas_in_synonyms
2026-07-02 22:54:34	cid=427	cas=	modality=	url=	reason=not_found	message=no_cas_in_synonyms
2026-07-02 22:54:36	cid=428	cas=109-76-2	modality=	url=https://webbook.nist.gov/cgi/cbook.cgi?ID=109-76-2&Units=SI&Mask=480	reason=no_jcamp_links	message=
2026-07-02 22:54:38	cid=429	cas=	modality=	url=	reason=not_found	message=no_cas_in_synonyms
2026-07-02 22:54:40	cid=430	cas=24554-05-0	modality=	url=https://webbook.nist.gov/cgi/cbook.cgi?ID=24554-05-0&Units=SI&Mask=480	reason=nist_not_found	message=
2026-07-02 22:54:42	cid=431	cas=72344-33-3	modality=	url=https://webbook.nist.gov/cgi/cbook.cgi?ID=72344-33-3&Units=SI&Mask=480	reason=nist_not_found	message=
2026-07-02 22:54:43	cid=432	cas=1824020-12-3	modality=	url=https://webbook.nist.gov/cgi/cbook.cgi?ID=1824020-12-3&Units=SI&Mask=480	reason=nist_not_found	message=
2026-07-02 22:54:45	cid=433	cas=	modality=	url=	reason=not_found	message=no_cas_in_synonyms
2026-07-02 22:54:47	cid=434	cas=2055-23-4	modality=	url=https://webbook.nist.gov/cgi/cbook.cgi?ID=2055-23-4&Units=SI&Mask=480	reason=nist_not_found	message=
2026-07-02 22:54:50	cid=435	cas=61192-49-2	modality=	url=https://webbook.nist.gov/cgi/cbook.cgi?ID=61192-49-2&Units=SI&Mask=480	reason=nist_not_found	message=
2026-07-02 22:54:52	cid=436	cas=713-05-3	modality=	url=https://webbook.nist.gov/cgi/cbook.cgi?ID=713-05-3&Units=SI&Mask=480	reason=nist_not_found	message=
2026-07-02 22:54:55	cid=437	cas=4192-31-8	modality=	url=https://webbook.nist.gov/cgi/cbook.cgi?ID=4192-31-8&Units=SI&Mask=480	reason=nist_not_found	message=
2026-07-02 22:54:57	cid=438	cas=15569-97-8	modality=	url=https://webbook.nist.gov/cgi/cbook.cgi?ID=15569-97-8&Units=SI&Mask=480	reason=nist_not_found	message=
2026-07-02 22:54:59	cid=439	cas=1005327-54-7	modality=	url=https://webbook.nist.gov/cgi/cbook.cgi?ID=1005327-54-7&Units=SI&Mask=480	reason=nist_not_found	message=
2026-07-02 22:55:00	cid=440	cas=	modality=	url=	reason=not_found	message=no_cas_in_synonyms
2026-07-02 22:55:02	cid=441	cas=300-85-6	modality=	url=https://webbook.nist.gov/cgi/cbook.cgi?ID=300-85-6&Units=SI&Mask=480	reason=no_jcamp_links	message=
2026-07-02 22:55:03	cid=442	cas=	modality=	url=	reason=not_found	message=pubchem_synonyms_404
2026-07-02 22:55:04	cid=443	cas=	modality=	url=	reason=not_found	message=no_cas_in_synonyms
2026-07-02 22:55:07	cid=444	cas=34911-55-2	modality=	url=https://webbook.nist.gov/cgi/cbook.cgi?ID=34911-55-2&Units=SI&Mask=480	reason=nist_not_found	message=
2026-07-02 22:55:09	cid=445	cas=119802-68-5	modality=	url=https://webbook.nist.gov/cgi/cbook.cgi?ID=119802-68-5&Units=SI&Mask=480	reason=nist_not_found	message=
2026-07-02 22:55:11	cid=446	cas=92264-81-8	modality=	url=https://webbook.nist.gov/cgi/cbook.cgi?ID=92264-81-8&Units=SI&Mask=480	reason=nist_not_found	message=
2026-07-02 22:55:16	cid=447	cas=535-80-8	modality=ir	url=https://webbook.nist.gov/cgi/cbook.cgi?JCAMP=C535808&Index=2&Type=IR	reason=download_http_404	message=
2026-07-02 22:55:16	cid=447	cas=535-80-8	modality=ir	url=https://webbook.nist.gov/cgi/cbook.cgi?JCAMP=C535808&Index=3&Type=IR	reason=download_http_404	message=
2026-07-02 22:55:17	cid=447	cas=535-80-8	modality=ir	url=https://webbook.nist.gov/cgi/cbook.cgi?JCAMP=C535808&Index=4&Type=IR	reason=download_http_404	message=
2026-07-02 22:55:21	cid=447	cas=535-80-8	modality=ir	url=https://webbook.nist.gov/cgi/cbook.cgi?JCAMP=C535808&Index=5&Type=IR	reason=download_http_404	message=
2026-07-02 22:55:26	cid=447	cas=535-80-8	modality=ir	url=https://webbook.nist.gov/cgi/cbook.cgi?JCAMP=C535808&Index=6&Type=IR	reason=download_http_404	message=
2026-07-02 22:55:26	cid=447	cas=535-80-8	modality=ir	url=https://webbook.nist.gov/cgi/cbook.cgi?JCAMP=C535808&Index=7&Type=IR	reason=download_http_404	message=
2026-07-02 22:55:27	cid=447	cas=535-80-8	modality=ir	url=https://webbook.nist.gov/cgi/cbook.cgi?JCAMP=C535808&Index=8&Type=IR	reason=download_http_404	message=
2026-07-02 22:55:27	cid=447	cas=535-80-8	modality=ir	url=https://webbook.nist.gov/cgi/cbook.cgi?JCAMP=C535808&Index=9&Type=IR	reason=download_http_404	message=
2026-07-02 22:55:29	cid=448	cas=57728-59-3	modality=	url=https://webbook.nist.gov/cgi/cbook.cgi?ID=57728-59-3&Units=SI&Mask=480	reason=nist_not_found	message=
2026-07-02 22:55:31	cid=449	cas=150-97-0	modality=	url=https://webbook.nist.gov/cgi/cbook.cgi?ID=150-97-0&Units=SI&Mask=480	reason=nist_not_found	message=
2026-07-02 22:55:32	cid=450	cas=5864-38-0	modality=	url=https://webbook.nist.gov/cgi/cbook.cgi?ID=5864-38-0&Units=SI&Mask=480	reason=nist_not_found	message=
2026-07-02 22:55:35	cid=452	cas=6623-68-3	modality=	url=https://webbook.nist.gov/cgi/cbook.cgi?ID=6623-68-3&Units=SI&Mask=480	reason=nist_not_found	message=
2026-07-02 22:55:36	cid=453	cas=45007-61-2	modality=	url=https://webbook.nist.gov/cgi/cbook.cgi?ID=45007-61-2&Units=SI&Mask=480	reason=nist_not_found	message=
2026-07-02 22:55:40	cid=454	cas=124-13-0	modality=ir	url=https://webbook.nist.gov/cgi/cbook.cgi?JCAMP=C124130&Index=1&Type=IR	reason=download_http_404	message=
2026-07-02 22:55:41	cid=454	cas=124-13-0	modality=ir	url=https://webbook.nist.gov/cgi/cbook.cgi?JCAMP=C124130&Index=2&Type=IR	reason=download_http_404	message=
2026-07-02 22:55:41	cid=454	cas=124-13-0	modality=ir	url=https://webbook.nist.gov/cgi/cbook.cgi?JCAMP=C124130&Index=3&Type=IR	reason=download_http_404	message=
2026-07-02 22:55:42	cid=454	cas=124-13-0	modality=ir	url=https://webbook.nist.gov/cgi/cbook.cgi?JCAMP=C124130&Index=4&Type=IR	reason=download_http_404	message=
2026-07-02 22:55:46	cid=454	cas=124-13-0	modality=ir	url=https://webbook.nist.gov/cgi/cbook.cgi?JCAMP=C124130&Index=5&Type=IR	reason=download_http_404	message=
2026-07-02 22:55:46	cid=454	cas=124-13-0	modality=ir	url=https://webbook.nist.gov/cgi/cbook.cgi?JCAMP=C124130&Index=6&Type=IR	reason=download_http_404	message=
2026-07-02 22:55:47	cid=454	cas=124-13-0	modality=ir	url=https://webbook.nist.gov/cgi/cbook.cgi?JCAMP=C124130&Index=7&Type=IR	reason=download_http_404	message=
2026-07-02 22:55:48	cid=454	cas=124-13-0	modality=ir	url=https://webbook.nist.gov/cgi/cbook.cgi?JCAMP=C124130&Index=8&Type=IR	reason=download_http_404	message=
2026-07-02 22:55:52	cid=454	cas=124-13-0	modality=ir	url=https://webbook.nist.gov/cgi/cbook.cgi?JCAMP=C124130&Index=9&Type=IR	reason=download_http_404	message=
2026-07-02 22:55:53	cid=455	cas=	modality=	url=	reason=not_found	message=no_cas_in_synonyms
2026-07-02 22:55:55	cid=456	cas=585-05-7	modality=	url=https://webbook.nist.gov/cgi/cbook.cgi?ID=585-05-7&Units=SI&Mask=480	reason=nist_not_found	message=
2026-07-02 22:55:57	cid=457	cas=3106-60-3	modality=	url=https://webbook.nist.gov/cgi/cbook.cgi?ID=3106-60-3&Units=SI&Mask=480	reason=nist_not_found	message=
2026-07-02 22:55:59	cid=458	cas=13065-25-3	modality=	url=https://webbook.nist.gov/cgi/cbook.cgi?ID=13065-25-3&Units=SI&Mask=480	reason=nist_not_found	message=
2026-07-02 22:56:08	cid=460	cas=90-05-1	modality=ir	url=https://webbook.nist.gov/cgi/cbook.cgi?JCAMP=C90051&Index=3&Type=IR	reason=download_http_404	message=
2026-07-02 22:56:08	cid=460	cas=90-05-1	modality=ir	url=https://webbook.nist.gov/cgi/cbook.cgi?JCAMP=C90051&Index=4&Type=IR	reason=download_http_404	message=
2026-07-02 22:56:08	cid=460	cas=90-05-1	modality=ir	url=https://webbook.nist.gov/cgi/cbook.cgi?JCAMP=C90051&Index=5&Type=IR	reason=download_http_404	message=
2026-07-02 22:56:08	cid=460	cas=90-05-1	modality=ir	url=https://webbook.nist.gov/cgi/cbook.cgi?JCAMP=C90051&Index=6&Type=IR	reason=download_http_404	message=
2026-07-02 22:56:19	cid=460	cas=90-05-1	modality=ir	url=https://webbook.nist.gov/cgi/cbook.cgi?JCAMP=C90051&Index=7&Type=IR	reason=download_http_404	message=
2026-07-02 22:56:19	cid=460	cas=90-05-1	modality=ir	url=https://webbook.nist.gov/cgi/cbook.cgi?JCAMP=C90051&Index=8&Type=IR	reason=download_http_404	message=
2026-07-02 22:56:20	cid=460	cas=90-05-1	modality=ir	url=https://webbook.nist.gov/cgi/cbook.cgi?JCAMP=C90051&Index=9&Type=IR	reason=download_http_404	message=
2026-07-02 22:56:21	cid=461	cas=1935-18-8	modality=	url=https://webbook.nist.gov/cgi/cbook.cgi?ID=1935-18-8&Units=SI&Mask=480	reason=nist_not_found	message=
2026-07-02 22:56:23	cid=462	cas=7085-35-0	modality=	url=https://webbook.nist.gov/cgi/cbook.cgi?ID=7085-35-0&Units=SI&Mask=480	reason=nist_not_found	message=
2026-07-02 22:56:25	cid=463	cas=	modality=	url=	reason=not_found	message=no_cas_in_synonyms
2026-07-02 22:56:32	cid=464	cas=495-69-2	modality=ir	url=https://webbook.nist.gov/cgi/cbook.cgi?JCAMP=C495692&Index=1&Type=IR	reason=download_http_404	message=
2026-07-02 22:56:32	cid=464	cas=495-69-2	modality=ir	url=https://webbook.nist.gov/cgi/cbook.cgi?JCAMP=C495692&Index=2&Type=IR	reason=download_http_404	message=
2026-07-02 22:56:32	cid=464	cas=495-69-2	modality=ir	url=https://webbook.nist.gov/cgi/cbook.cgi?JCAMP=C495692&Index=3&Type=IR	reason=download_http_404	message=
2026-07-02 22:56:33	cid=464	cas=495-69-2	modality=ir	url=https://webbook.nist.gov/cgi/cbook.cgi?JCAMP=C495692&Index=4&Type=IR	reason=download_http_404	message=
2026-07-02 22:56:34	cid=464	cas=495-69-2	modality=ir	url=https://webbook.nist.gov/cgi/cbook.cgi?JCAMP=C495692&Index=5&Type=IR	reason=download_http_404	message=
2026-07-02 22:56:38	cid=464	cas=495-69-2	modality=ir	url=https://webbook.nist.gov/cgi/cbook.cgi?JCAMP=C495692&Index=6&Type=IR	reason=download_http_404	message=
2026-07-02 22:56:38	cid=464	cas=495-69-2	modality=ir	url=https://webbook.nist.gov/cgi/cbook.cgi?JCAMP=C495692&Index=7&Type=IR	reason=download_http_404	message=
2026-07-02 22:56:42	cid=464	cas=495-69-2	modality=ir	url=https://webbook.nist.gov/cgi/cbook.cgi?JCAMP=C495692&Index=8&Type=IR	reason=download_http_404	message=
2026-07-02 22:56:46	cid=464	cas=495-69-2	modality=ir	url=https://webbook.nist.gov/cgi/cbook.cgi?JCAMP=C495692&Index=9&Type=IR	reason=download_http_404	message=
2026-07-02 22:56:47	cid=465	cas=	modality=	url=	reason=not_found	message=no_cas_in_synonyms
2026-07-02 22:56:49	cid=466	cas=6799-01-5	modality=	url=https://webbook.nist.gov/cgi/cbook.cgi?ID=6799-01-5&Units=SI&Mask=480	reason=nist_not_found	message=
2026-07-02 22:56:49	cid=467	cas=	modality=	url=	reason=not_found	message=pubchem_synonyms_404
2026-07-02 22:56:51	cid=468	cas=	modality=	url=	reason=not_found	message=no_cas_in_synonyms
2026-07-02 22:56:52	cid=469	cas=542-32-5	modality=	url=https://webbook.nist.gov/cgi/cbook.cgi?ID=542-32-5&Units=SI&Mask=480	reason=nist_not_found	message=
2026-07-02 22:56:55	cid=470	cas=305-62-4	modality=	url=https://webbook.nist.gov/cgi/cbook.cgi?ID=305-62-4&Units=SI&Mask=480	reason=nist_not_found	message=
2026-07-02 22:56:57	cid=471	cas=215257-15-1	modality=	url=https://webbook.nist.gov/cgi/cbook.cgi?ID=215257-15-1&Units=SI&Mask=480	reason=nist_not_found	message=
2026-07-02 22:57:00	cid=472	cas=90924-76-8	modality=	url=https://webbook.nist.gov/cgi/cbook.cgi?ID=90924-76-8&Units=SI&Mask=480	reason=nist_not_found	message=
2026-07-02 22:57:02	cid=473	cas=583-92-6	modality=	url=https://webbook.nist.gov/cgi/cbook.cgi?ID=583-92-6&Units=SI&Mask=480	reason=nist_not_found	message=
2026-07-02 22:57:02	cid=474	cas=	modality=	url=	reason=not_found	message=pubchem_synonyms_404
2026-07-02 22:57:03	cid=475	cas=	modality=	url=	reason=not_found	message=no_cas_in_synonyms
2026-07-02 22:57:05	cid=476	cas=1189-94-2	modality=	url=https://webbook.nist.gov/cgi/cbook.cgi?ID=1189-94-2&Units=SI&Mask=480	reason=nist_not_found	message=
2026-07-02 22:57:07	cid=477	cas=	modality=	url=	reason=not_found	message=no_cas_in_synonyms
2026-07-02 22:57:08	cid=478	cas=	modality=	url=	reason=not_found	message=no_cas_in_synonyms
2026-07-02 22:57:09	cid=479	cas=	modality=	url=	reason=not_found	message=no_cas_in_synonyms
2026-07-02 22:57:11	cid=481	cas=49594-02-7	modality=	url=https://webbook.nist.gov/cgi/cbook.cgi?ID=49594-02-7&Units=SI&Mask=480	reason=nist_not_found	message=
2026-07-02 22:57:13	cid=482	cas=25663-09-6	modality=	url=https://webbook.nist.gov/cgi/cbook.cgi?ID=25663-09-6&Units=SI&Mask=480	reason=nist_not_found	message=
2026-07-02 22:57:14	cid=483	cas=	modality=	url=	reason=not_found	message=no_cas_in_synonyms
2026-07-02 22:57:15	cid=484	cas=4919-03-3	modality=	url=https://webbook.nist.gov/cgi/cbook.cgi?ID=4919-03-3&Units=SI&Mask=480	reason=nist_not_found	message=
2026-07-02 22:57:17	cid=485	cas=4858-96-2	modality=	url=https://webbook.nist.gov/cgi/cbook.cgi?ID=4858-96-2&Units=SI&Mask=480	reason=nist_not_found	message=
2026-07-02 22:57:19	cid=486	cas=16655-25-7	modality=	url=https://webbook.nist.gov/cgi/cbook.cgi?ID=16655-25-7&Units=SI&Mask=480	reason=nist_not_found	message=
2026-07-02 22:57:21	cid=487	cas=516-05-2	modality=	url=https://webbook.nist.gov/cgi/cbook.cgi?ID=516-05-2&Units=SI&Mask=480	reason=no_jcamp_links	message=
2026-07-02 22:57:23	cid=488	cas=	modality=	url=	reason=not_found	message=no_cas_in_synonyms
2026-07-02 22:57:23	cid=489	cas=	modality=	url=	reason=not_found	message=no_cas_in_synonyms
2026-07-02 22:57:25	cid=490	cas=16051-76-6	modality=	url=https://webbook.nist.gov/cgi/cbook.cgi?ID=16051-76-6&Units=SI&Mask=480	reason=nist_not_found	message=
2026-07-02 22:57:26	cid=493	cas=	modality=	url=	reason=not_found	message=no_cas_in_synonyms
2026-07-02 22:57:27	cid=494	cas=	modality=	url=	reason=not_found	message=no_cas_in_synonyms
2026-07-02 22:57:28	cid=495	cas=	modality=	url=	reason=not_found	message=no_cas_in_synonyms
2026-07-02 22:57:30	cid=496	cas=14278-49-0	modality=	url=https://webbook.nist.gov/cgi/cbook.cgi?ID=14278-49-0&Units=SI&Mask=480	reason=nist_not_found	message=
2026-07-02 22:57:31	cid=497	cas=	modality=	url=	reason=not_found	message=no_cas_in_synonyms
2026-07-02 22:57:36	cid=499	cas=149-87-1	modality=ir	url=https://webbook.nist.gov/cgi/cbook.cgi?JCAMP=C98793&Index=0&Type=IR	reason=download_http_404	message=
2026-07-02 22:57:36	cid=499	cas=149-87-1	modality=ir	url=https://webbook.nist.gov/cgi/cbook.cgi?JCAMP=C98793&Index=1&Type=IR	reason=download_http_404	message=
2026-07-02 22:57:37	cid=499	cas=149-87-1	modality=ir	url=https://webbook.nist.gov/cgi/cbook.cgi?JCAMP=C98793&Index=2&Type=IR	reason=download_http_404	message=
2026-07-02 22:57:37	cid=499	cas=149-87-1	modality=ir	url=https://webbook.nist.gov/cgi/cbook.cgi?JCAMP=C98793&Index=3&Type=IR	reason=download_http_404	message=
2026-07-02 22:57:47	cid=499	cas=149-87-1	modality=ir	url=https://webbook.nist.gov/cgi/cbook.cgi?JCAMP=C98793&Index=4&Type=IR	reason=download_http_404	message=
2026-07-02 22:57:48	cid=499	cas=149-87-1	modality=ir	url=https://webbook.nist.gov/cgi/cbook.cgi?JCAMP=C98793&Index=5&Type=IR	reason=download_http_404	message=
2026-07-02 22:57:48	cid=499	cas=149-87-1	modality=ir	url=https://webbook.nist.gov/cgi/cbook.cgi?JCAMP=C98793&Index=6&Type=IR	reason=download_http_404	message=
2026-07-02 22:57:48	cid=499	cas=149-87-1	modality=ir	url=https://webbook.nist.gov/cgi/cbook.cgi?JCAMP=C98793&Index=7&Type=IR	reason=download_http_404	message=
2026-07-02 22:57:49	cid=499	cas=149-87-1	modality=ir	url=https://webbook.nist.gov/cgi/cbook.cgi?JCAMP=C98793&Index=8&Type=IR	reason=download_http_404	message=
2026-07-02 22:57:53	cid=499	cas=149-87-1	modality=ir	url=https://webbook.nist.gov/cgi/cbook.cgi?JCAMP=C98793&Index=9&Type=IR	reason=download_http_404	message=
2026-07-02 22:57:55	cid=500	cas=463-00-3	modality=	url=https://webbook.nist.gov/cgi/cbook.cgi?ID=463-00-3&Units=SI&Mask=480	reason=nist_not_found	message=
2026-07-02 22:57:58	cid=501	cas=850208-77-4	modality=	url=https://webbook.nist.gov/cgi/cbook.cgi?ID=850208-77-4&Units=SI&Mask=480	reason=nist_not_found	message=
2026-07-02 22:58:00	cid=502	cas=6851-51-0	modality=	url=https://webbook.nist.gov/cgi/cbook.cgi?ID=6851-51-0&Units=SI&Mask=480	reason=nist_not_found	message=
2026-07-02 22:58:02	cid=503	cas=137023-85-9	modality=	url=https://webbook.nist.gov/cgi/cbook.cgi?ID=137023-85-9&Units=SI&Mask=480	reason=nist_not_found	message=
2026-07-02 22:58:04	cid=504	cas=378750-35-7	modality=	url=https://webbook.nist.gov/cgi/cbook.cgi?ID=378750-35-7&Units=SI&Mask=480	reason=nist_not_found	message=
2026-07-02 22:58:05	cid=505	cas=	modality=	url=	reason=not_found	message=pubchem_synonyms_404
2026-07-02 22:58:06	cid=507	cas=	modality=	url=	reason=not_found	message=pubchem_synonyms_404
2026-07-02 22:58:07	cid=508	cas=	modality=	url=	reason=not_found	message=no_cas_in_synonyms
2026-07-02 22:58:11	cid=511	cas=15666-52-1	modality=	url=https://webbook.nist.gov/cgi/cbook.cgi?ID=15666-52-1&Units=SI&Mask=480	reason=nist_not_found	message=
2026-07-02 22:58:12	cid=512	cas=	modality=	url=	reason=not_found	message=no_cas_in_synonyms
2026-07-02 22:58:14	cid=513	cas=6061-95-6	modality=	url=https://webbook.nist.gov/cgi/cbook.cgi?ID=6061-95-6&Units=SI&Mask=480	reason=nist_not_found	message=
2026-07-02 22:58:15	cid=514	cas=	modality=	url=	reason=not_found	message=pubchem_synonyms_404
2026-07-02 22:58:17	cid=515	cas=6061-96-7	modality=	url=https://webbook.nist.gov/cgi/cbook.cgi?ID=6061-96-7&Units=SI&Mask=480	reason=nist_not_found	message=
2026-07-02 22:58:19	cid=516	cas=1492-08-6	modality=	url=https://webbook.nist.gov/cgi/cbook.cgi?ID=1492-08-6&Units=SI&Mask=480	reason=nist_not_found	message=
2026-07-02 22:58:20	cid=519	cas=	modality=	url=	reason=not_found	message=no_cas_in_synonyms
2026-07-02 22:58:21	cid=520	cas=	modality=	url=	reason=not_found	message=no_cas_in_synonyms
2026-07-02 22:58:23	cid=523	cas=1926-54-1	modality=	url=https://webbook.nist.gov/cgi/cbook.cgi?ID=1926-54-1&Units=SI&Mask=480	reason=nist_not_found	message=
2026-07-02 22:58:25	cid=524	cas=5651-05-8	modality=	url=https://webbook.nist.gov/cgi/cbook.cgi?ID=5651-05-8&Units=SI&Mask=480	reason=nist_not_found	message=
2026-07-02 22:58:28	cid=525	cas=6915-15-7	modality=	url=https://webbook.nist.gov/cgi/cbook.cgi?ID=6915-15-7&Units=SI&Mask=480	reason=no_jcamp_links	message=
2026-07-02 22:58:32	cid=527	cas=123-38-6	modality=ir	url=https://webbook.nist.gov/cgi/cbook.cgi?JCAMP=C123386&Index=1&Type=IR	reason=download_http_404	message=
2026-07-02 22:58:32	cid=527	cas=123-38-6	modality=ir	url=https://webbook.nist.gov/cgi/cbook.cgi?JCAMP=C123386&Index=2&Type=IR	reason=download_http_404	message=
2026-07-02 22:58:32	cid=527	cas=123-38-6	modality=ir	url=https://webbook.nist.gov/cgi/cbook.cgi?JCAMP=C123386&Index=3&Type=IR	reason=download_http_404	message=
2026-07-02 22:58:33	cid=527	cas=123-38-6	modality=ir	url=https://webbook.nist.gov/cgi/cbook.cgi?JCAMP=C123386&Index=4&Type=IR	reason=download_http_404	message=
2026-07-02 22:58:37	cid=527	cas=123-38-6	modality=ir	url=https://webbook.nist.gov/cgi/cbook.cgi?JCAMP=C123386&Index=5&Type=IR	reason=download_http_404	message=
2026-07-02 22:58:37	cid=527	cas=123-38-6	modality=ir	url=https://webbook.nist.gov/cgi/cbook.cgi?JCAMP=C123386&Index=6&Type=IR	reason=download_http_404	message=
2026-07-02 22:58:38	cid=527	cas=123-38-6	modality=ir	url=https://webbook.nist.gov/cgi/cbook.cgi?JCAMP=C123386&Index=7&Type=IR	reason=download_http_404	message=
2026-07-02 22:58:38	cid=527	cas=123-38-6	modality=ir	url=https://webbook.nist.gov/cgi/cbook.cgi?JCAMP=C123386&Index=8&Type=IR	reason=download_http_404	message=
2026-07-02 22:58:39	cid=527	cas=123-38-6	modality=ir	url=https://webbook.nist.gov/cgi/cbook.cgi?JCAMP=C123386&Index=9&Type=IR	reason=download_http_404	message=
2026-07-02 22:58:40	cid=528	cas=	modality=	url=	reason=not_found	message=no_cas_in_synonyms
2026-07-02 22:58:41	cid=529	cas=13147-57-4	modality=	url=https://webbook.nist.gov/cgi/cbook.cgi?ID=13147-57-4&Units=SI&Mask=480	reason=nist_not_found	message=
2026-07-02 22:58:43	cid=535	cas=22059-21-8	modality=	url=https://webbook.nist.gov/cgi/cbook.cgi?ID=22059-21-8&Units=SI&Mask=480	reason=nist_not_found	message=
2026-07-02 22:58:45	cid=540	cas=420-05-3	modality=	url=https://webbook.nist.gov/cgi/cbook.cgi?ID=420-05-3&Units=SI&Mask=480	reason=no_jcamp_links	message=
2026-07-02 22:58:56	cid=541	cas=555-16-8	modality=ir	url=https://webbook.nist.gov/cgi/cbook.cgi?JCAMP=C555168&Index=1&Type=IR	reason=download_http_404	message=
2026-07-02 22:58:57	cid=541	cas=555-16-8	modality=ir	url=https://webbook.nist.gov/cgi/cbook.cgi?JCAMP=C555168&Index=2&Type=IR	reason=download_http_404	message=
2026-07-02 22:58:57	cid=541	cas=555-16-8	modality=ir	url=https://webbook.nist.gov/cgi/cbook.cgi?JCAMP=C555168&Index=3&Type=IR	reason=download_http_404	message=
2026-07-02 22:58:57	cid=541	cas=555-16-8	modality=ir	url=https://webbook.nist.gov/cgi/cbook.cgi?JCAMP=C555168&Index=4&Type=IR	reason=download_http_404	message=
2026-07-02 22:59:01	cid=541	cas=555-16-8	modality=ir	url=https://webbook.nist.gov/cgi/cbook.cgi?JCAMP=C555168&Index=5&Type=IR	reason=download_http_404	message=
2026-07-02 22:59:05	cid=541	cas=555-16-8	modality=ir	url=https://webbook.nist.gov/cgi/cbook.cgi?JCAMP=C555168&Index=6&Type=IR	reason=download_http_404	message=
2026-07-02 22:59:06	cid=541	cas=555-16-8	modality=ir	url=https://webbook.nist.gov/cgi/cbook.cgi?JCAMP=C555168&Index=7&Type=IR	reason=download_http_404	message=
2026-07-02 22:59:06	cid=541	cas=555-16-8	modality=ir	url=https://webbook.nist.gov/cgi/cbook.cgi?JCAMP=C555168&Index=8&Type=IR	reason=download_http_404	message=
2026-07-02 22:59:07	cid=541	cas=555-16-8	modality=ir	url=https://webbook.nist.gov/cgi/cbook.cgi?JCAMP=C555168&Index=9&Type=IR	reason=download_http_404	message=
2026-07-02 22:59:07	cid=541	cas=555-16-8	modality=uvvis	url=https://webbook.nist.gov/cgi/cbook.cgi?JCAMP=C555168&Index=1&Type=UVVis	reason=download_http_404	message=
2026-07-02 22:59:12	cid=541	cas=555-16-8	modality=uvvis	url=https://webbook.nist.gov/cgi/cbook.cgi?JCAMP=C555168&Index=2&Type=UVVis	reason=download_http_404	message=
2026-07-02 22:59:12	cid=541	cas=555-16-8	modality=uvvis	url=https://webbook.nist.gov/cgi/cbook.cgi?JCAMP=C555168&Index=3&Type=UVVis	reason=download_http_404	message=
2026-07-02 22:59:13	cid=541	cas=555-16-8	modality=uvvis	url=https://webbook.nist.gov/cgi/cbook.cgi?JCAMP=C555168&Index=4&Type=UVVis	reason=download_http_404	message=
2026-07-02 22:59:13	cid=541	cas=555-16-8	modality=uvvis	url=https://webbook.nist.gov/cgi/cbook.cgi?JCAMP=C555168&Index=5&Type=UVVis	reason=download_http_404	message=
2026-07-02 22:59:14	cid=541	cas=555-16-8	modality=uvvis	url=https://webbook.nist.gov/cgi/cbook.cgi?JCAMP=C555168&Index=6&Type=UVVis	reason=download_http_404	message=
2026-07-02 22:59:19	cid=541	cas=555-16-8	modality=uvvis	url=https://webbook.nist.gov/cgi/cbook.cgi?JCAMP=C555168&Index=7&Type=UVVis	reason=download_http_404	message=
2026-07-02 22:59:19	cid=541	cas=555-16-8	modality=uvvis	url=https://webbook.nist.gov/cgi/cbook.cgi?JCAMP=C555168&Index=8&Type=UVVis	reason=download_http_404	message=
2026-07-02 22:59:20	cid=541	cas=555-16-8	modality=uvvis	url=https://webbook.nist.gov/cgi/cbook.cgi?JCAMP=C555168&Index=9&Type=UVVis	reason=download_http_404	message=
2026-07-02 22:59:22	cid=542	cas=6666-46-2	modality=	url=https://webbook.nist.gov/cgi/cbook.cgi?ID=6666-46-2&Units=SI&Mask=480	reason=nist_not_found	message=
2026-07-02 22:59:23	cid=543	cas=	modality=	url=	reason=not_found	message=no_cas_in_synonyms
2026-07-02 22:59:33	cid=546	cas=4408-78-0	modality=ir	url=https://webbook.nist.gov/cgi/cbook.cgi?JCAMP=C4408780&Index=1&Type=IR	reason=download_http_404	message=
2026-07-02 22:59:34	cid=546	cas=4408-78-0	modality=ir	url=https://webbook.nist.gov/cgi/cbook.cgi?JCAMP=C4408780&Index=2&Type=IR	reason=download_http_404	message=
2026-07-02 22:59:34	cid=546	cas=4408-78-0	modality=ir	url=https://webbook.nist.gov/cgi/cbook.cgi?JCAMP=C4408780&Index=3&Type=IR	reason=download_http_404	message=
2026-07-02 22:59:34	cid=546	cas=4408-78-0	modality=ir	url=https://webbook.nist.gov/cgi/cbook.cgi?JCAMP=C4408780&Index=4&Type=IR	reason=download_http_404	message=
2026-07-02 22:59:35	cid=546	cas=4408-78-0	modality=ir	url=https://webbook.nist.gov/cgi/cbook.cgi?JCAMP=C4408780&Index=5&Type=IR	reason=download_http_404	message=
2026-07-02 22:59:42	cid=546	cas=4408-78-0	modality=ir	url=https://webbook.nist.gov/cgi/cbook.cgi?JCAMP=C4408780&Index=6&Type=IR	reason=download_http_404	message=
2026-07-02 22:59:42	cid=546	cas=4408-78-0	modality=ir	url=https://webbook.nist.gov/cgi/cbook.cgi?JCAMP=C4408780&Index=7&Type=IR	reason=download_http_404	message=
2026-07-02 22:59:43	cid=546	cas=4408-78-0	modality=ir	url=https://webbook.nist.gov/cgi/cbook.cgi?JCAMP=C4408780&Index=8&Type=IR	reason=download_http_404	message=
2026-07-02 22:59:44	cid=546	cas=4408-78-0	modality=ir	url=https://webbook.nist.gov/cgi/cbook.cgi?JCAMP=C4408780&Index=9&Type=IR	reason=download_http_404	message=
2026-07-02 22:59:49	cid=547	cas=102-32-9	modality=ir	url=https://webbook.nist.gov/cgi/cbook.cgi?JCAMP=C102329&Index=1&Type=IR	reason=download_http_404	message=
2026-07-02 22:59:50	cid=547	cas=102-32-9	modality=ir	url=https://webbook.nist.gov/cgi/cbook.cgi?JCAMP=C102329&Index=2&Type=IR	reason=download_http_404	message=
2026-07-02 22:59:50	cid=547	cas=102-32-9	modality=ir	url=https://webbook.nist.gov/cgi/cbook.cgi?JCAMP=C102329&Index=3&Type=IR	reason=download_http_404	message=
2026-07-02 22:59:51	cid=547	cas=102-32-9	modality=ir	url=https://webbook.nist.gov/cgi/cbook.cgi?JCAMP=C102329&Index=4&Type=IR	reason=download_http_404	message=
2026-07-02 23:00:01	cid=547	cas=102-32-9	modality=ir	url=https://webbook.nist.gov/cgi/cbook.cgi?JCAMP=C102329&Index=5&Type=IR	reason=download_http_404	message=
2026-07-02 23:00:02	cid=547	cas=102-32-9	modality=ir	url=https://webbook.nist.gov/cgi/cbook.cgi?JCAMP=C102329&Index=6&Type=IR	reason=download_http_404	message=
2026-07-02 23:00:02	cid=547	cas=102-32-9	modality=ir	url=https://webbook.nist.gov/cgi/cbook.cgi?JCAMP=C102329&Index=7&Type=IR	reason=download_http_404	message=
2026-07-02 23:00:03	cid=547	cas=102-32-9	modality=ir	url=https://webbook.nist.gov/cgi/cbook.cgi?JCAMP=C102329&Index=8&Type=IR	reason=download_http_404	message=
2026-07-02 23:00:03	cid=547	cas=102-32-9	modality=ir	url=https://webbook.nist.gov/cgi/cbook.cgi?JCAMP=C102329&Index=9&Type=IR	reason=download_http_404	message=
2026-07-02 23:00:04	cid=548	cas=	modality=	url=	reason=not_found	message=no_cas_in_synonyms
2026-07-02 23:00:05	cid=550	cas=	modality=	url=	reason=not_found	message=no_cas_in_synonyms
2026-07-02 23:00:06	cid=551	cas=	modality=	url=	reason=not_found	message=no_cas_in_synonyms
2026-07-02 23:00:10	cid=553	cas=53795-98-5	modality=	url=https://webbook.nist.gov/cgi/cbook.cgi?ID=53795-98-5&Units=SI&Mask=480	reason=nist_not_found	message=
2026-07-02 23:00:13	cid=554	cas=32039-73-9	modality=	url=https://webbook.nist.gov/cgi/cbook.cgi?ID=32039-73-9&Units=SI&Mask=480	reason=nist_not_found	message=
2026-07-02 23:00:15	cid=555	cas=	modality=	url=	reason=not_found	message=no_cas_in_synonyms
2026-07-02 23:00:16	cid=556	cas=	modality=	url=	reason=not_found	message=pubchem_synonyms_404
2026-07-02 23:00:19	cid=557	cas=68078-09-1	modality=	url=https://webbook.nist.gov/cgi/cbook.cgi?ID=68078-09-1&Units=SI&Mask=480	reason=nist_not_found	message=
2026-07-02 23:00:22	cid=558	cas=3715-10-4	modality=	url=https://webbook.nist.gov/cgi/cbook.cgi?ID=3715-10-4&Units=SI&Mask=480	reason=nist_not_found	message=
2026-07-02 23:00:23	cid=559	cas=14049-14-0	modality=	url=https://webbook.nist.gov/cgi/cbook.cgi?ID=14049-14-0&Units=SI&Mask=480	reason=nist_not_found	message=
2026-07-02 23:00:25	cid=560	cas=	modality=	url=	reason=not_found	message=no_cas_in_synonyms
2026-07-02 23:00:27	cid=561	cas=115974-73-7	modality=	url=https://webbook.nist.gov/cgi/cbook.cgi?ID=115974-73-7&Units=SI&Mask=480	reason=nist_not_found	message=
2026-07-02 23:00:29	cid=562	cas=151169-51-6	modality=	url=https://webbook.nist.gov/cgi/cbook.cgi?ID=151169-51-6&Units=SI&Mask=480	reason=nist_not_found	message=
2026-07-02 23:00:31	cid=563	cas=646-01-5	modality=	url=https://webbook.nist.gov/cgi/cbook.cgi?ID=646-01-5&Units=SI&Mask=480	reason=no_jcamp_links	message=
2026-07-02 23:00:33	cid=564	cas=60-32-2	modality=	url=https://webbook.nist.gov/cgi/cbook.cgi?ID=60-32-2&Units=SI&Mask=480	reason=no_jcamp_links	message=
2026-07-02 23:00:41	cid=568	cas=132-64-9	modality=ir	url=https://webbook.nist.gov/cgi/cbook.cgi?JCAMP=C132649&Index=2&Type=IR	reason=download_http_404	message=
2026-07-02 23:00:42	cid=568	cas=132-64-9	modality=ir	url=https://webbook.nist.gov/cgi/cbook.cgi?JCAMP=C132649&Index=3&Type=IR	reason=download_http_404	message=
2026-07-02 23:00:43	cid=568	cas=132-64-9	modality=ir	url=https://webbook.nist.gov/cgi/cbook.cgi?JCAMP=C132649&Index=4&Type=IR	reason=download_http_404	message=
2026-07-02 23:00:43	cid=568	cas=132-64-9	modality=ir	url=https://webbook.nist.gov/cgi/cbook.cgi?JCAMP=C132649&Index=5&Type=IR	reason=download_http_404	message=
2026-07-02 23:00:43	cid=568	cas=132-64-9	modality=ir	url=https://webbook.nist.gov/cgi/cbook.cgi?JCAMP=C132649&Index=6&Type=IR	reason=download_http_404	message=
2026-07-02 23:00:54	cid=568	cas=132-64-9	modality=ir	url=https://webbook.nist.gov/cgi/cbook.cgi?JCAMP=C132649&Index=7&Type=IR	reason=download_http_404	message=
2026-07-02 23:00:55	cid=568	cas=132-64-9	modality=ir	url=https://webbook.nist.gov/cgi/cbook.cgi?JCAMP=C132649&Index=8&Type=IR	reason=download_http_404	message=
2026-07-02 23:00:55	cid=568	cas=132-64-9	modality=ir	url=https://webbook.nist.gov/cgi/cbook.cgi?JCAMP=C132649&Index=9&Type=IR	reason=download_http_404	message=
2026-07-02 23:00:56	cid=568	cas=132-64-9	modality=uvvis	url=https://webbook.nist.gov/cgi/cbook.cgi?JCAMP=C132649&Index=1&Type=UVVis	reason=download_http_404	message=
2026-07-02 23:00:56	cid=568	cas=132-64-9	modality=uvvis	url=https://webbook.nist.gov/cgi/cbook.cgi?JCAMP=C132649&Index=2&Type=UVVis	reason=download_http_404	message=
2026-07-02 23:01:07	cid=568	cas=132-64-9	modality=uvvis	url=https://webbook.nist.gov/cgi/cbook.cgi?JCAMP=C132649&Index=3&Type=UVVis	reason=download_http_404	message=
2026-07-02 23:01:07	cid=568	cas=132-64-9	modality=uvvis	url=https://webbook.nist.gov/cgi/cbook.cgi?JCAMP=C132649&Index=4&Type=UVVis	reason=download_http_404	message=
2026-07-02 23:01:07	cid=568	cas=132-64-9	modality=uvvis	url=https://webbook.nist.gov/cgi/cbook.cgi?JCAMP=C132649&Index=5&Type=UVVis	reason=download_http_404	message=
2026-07-02 23:01:08	cid=568	cas=132-64-9	modality=uvvis	url=https://webbook.nist.gov/cgi/cbook.cgi?JCAMP=C132649&Index=6&Type=UVVis	reason=download_http_404	message=
2026-07-02 23:01:08	cid=568	cas=132-64-9	modality=uvvis	url=https://webbook.nist.gov/cgi/cbook.cgi?JCAMP=C132649&Index=7&Type=UVVis	reason=download_http_404	message=
2026-07-02 23:01:12	cid=568	cas=132-64-9	modality=uvvis	url=https://webbook.nist.gov/cgi/cbook.cgi?JCAMP=C132649&Index=8&Type=UVVis	reason=download_http_404	message=
2026-07-02 23:01:13	cid=568	cas=132-64-9	modality=uvvis	url=https://webbook.nist.gov/cgi/cbook.cgi?JCAMP=C132649&Index=9&Type=UVVis	reason=download_http_404	message=
2026-07-02 23:01:15	cid=569	cas=91368-55-7	modality=	url=https://webbook.nist.gov/cgi/cbook.cgi?ID=91368-55-7&Units=SI&Mask=480	reason=nist_not_found	message=
2026-07-02 23:01:16	cid=570	cas=	modality=	url=	reason=not_found	message=no_cas_in_synonyms
2026-07-02 23:01:20	cid=571	cas=68041-51-0	modality=	url=https://webbook.nist.gov/cgi/cbook.cgi?ID=68041-51-0&Units=SI&Mask=480	reason=nist_not_found	message=
2026-07-02 23:01:23	cid=572	cas=66508-53-0	modality=	url=https://webbook.nist.gov/cgi/cbook.cgi?ID=66508-53-0&Units=SI&Mask=480	reason=nist_not_found	message=
2026-07-02 23:01:26	cid=573	cas=68295-84-1	modality=	url=https://webbook.nist.gov/cgi/cbook.cgi?ID=68295-84-1&Units=SI&Mask=480	reason=nist_not_found	message=
2026-07-02 23:01:27	cid=577	cas=	modality=	url=	reason=not_found	message=pubchem_synonyms_404
2026-07-02 23:01:28	cid=578	cas=	modality=	url=	reason=not_found	message=pubchem_synonyms_404
2026-07-02 23:01:30	cid=579	cas=91811-18-6	modality=	url=https://webbook.nist.gov/cgi/cbook.cgi?ID=91811-18-6&Units=SI&Mask=480	reason=nist_not_found	message=
2026-07-02 23:01:31	cid=580	cas=	modality=	url=	reason=not_found	message=no_cas_in_synonyms
2026-07-02 23:01:34	cid=581	cas=7218-04-4	modality=	url=https://webbook.nist.gov/cgi/cbook.cgi?ID=7218-04-4&Units=SI&Mask=480	reason=nist_not_found	message=
2026-07-02 23:01:36	cid=583	cas=89932-52-5	modality=	url=https://webbook.nist.gov/cgi/cbook.cgi?ID=89932-52-5&Units=SI&Mask=480	reason=nist_not_found	message=
2026-07-02 23:01:38	cid=584	cas=60951-26-0	modality=	url=https://webbook.nist.gov/cgi/cbook.cgi?ID=60951-26-0&Units=SI&Mask=480	reason=nist_not_found	message=
2026-07-02 23:01:39	cid=585	cas=90293-62-2	modality=	url=https://webbook.nist.gov/cgi/cbook.cgi?ID=90293-62-2&Units=SI&Mask=480	reason=nist_not_found	message=
2026-07-02 23:01:44	cid=586	cas=57-00-1	modality=ir	url=https://webbook.nist.gov/cgi/cbook.cgi?JCAMP=C57001&Index=1&Type=IR	reason=download_http_404	message=
2026-07-02 23:01:45	cid=586	cas=57-00-1	modality=ir	url=https://webbook.nist.gov/cgi/cbook.cgi?JCAMP=C57001&Index=2&Type=IR	reason=download_http_404	message=
2026-07-02 23:01:45	cid=586	cas=57-00-1	modality=ir	url=https://webbook.nist.gov/cgi/cbook.cgi?JCAMP=C57001&Index=3&Type=IR	reason=download_http_404	message=
2026-07-02 23:01:46	cid=586	cas=57-00-1	modality=ir	url=https://webbook.nist.gov/cgi/cbook.cgi?JCAMP=C57001&Index=4&Type=IR	reason=download_http_404	message=
2026-07-02 23:01:50	cid=586	cas=57-00-1	modality=ir	url=https://webbook.nist.gov/cgi/cbook.cgi?JCAMP=C57001&Index=5&Type=IR	reason=download_http_404	message=
2026-07-02 23:01:51	cid=586	cas=57-00-1	modality=ir	url=https://webbook.nist.gov/cgi/cbook.cgi?JCAMP=C57001&Index=6&Type=IR	reason=download_http_404	message=
2026-07-02 23:01:52	cid=586	cas=57-00-1	modality=ir	url=https://webbook.nist.gov/cgi/cbook.cgi?JCAMP=C57001&Index=7&Type=IR	reason=download_http_404	message=
2026-07-02 23:01:52	cid=586	cas=57-00-1	modality=ir	url=https://webbook.nist.gov/cgi/cbook.cgi?JCAMP=C57001&Index=8&Type=IR	reason=download_http_404	message=
2026-07-02 23:01:52	cid=586	cas=57-00-1	modality=ir	url=https://webbook.nist.gov/cgi/cbook.cgi?JCAMP=C57001&Index=9&Type=IR	reason=download_http_404	message=
2026-07-02 23:01:54	cid=587	cas=	modality=	url=	reason=not_found	message=no_cas_in_synonyms
2026-07-02 23:01:58	cid=588	cas=60-27-5	modality=uvvis	url=https://webbook.nist.gov/cgi/cbook.cgi?JCAMP=C60275&Index=1&Type=UVVis	reason=download_http_404	message=
2026-07-02 23:01:58	cid=588	cas=60-27-5	modality=uvvis	url=https://webbook.nist.gov/cgi/cbook.cgi?JCAMP=C60275&Index=2&Type=UVVis	reason=download_http_404	message=
2026-07-02 23:01:59	cid=588	cas=60-27-5	modality=uvvis	url=https://webbook.nist.gov/cgi/cbook.cgi?JCAMP=C60275&Index=3&Type=UVVis	reason=download_http_404	message=
2026-07-02 23:01:59	cid=588	cas=60-27-5	modality=uvvis	url=https://webbook.nist.gov/cgi/cbook.cgi?JCAMP=C60275&Index=4&Type=UVVis	reason=download_http_404	message=
2026-07-02 23:02:10	cid=588	cas=60-27-5	modality=uvvis	url=https://webbook.nist.gov/cgi/cbook.cgi?JCAMP=C60275&Index=5&Type=UVVis	reason=download_http_404	message=
2026-07-02 23:02:10	cid=588	cas=60-27-5	modality=uvvis	url=https://webbook.nist.gov/cgi/cbook.cgi?JCAMP=C60275&Index=6&Type=UVVis	reason=download_http_404	message=
2026-07-02 23:02:11	cid=588	cas=60-27-5	modality=uvvis	url=https://webbook.nist.gov/cgi/cbook.cgi?JCAMP=C60275&Index=7&Type=UVVis	reason=download_http_404	message=
2026-07-02 23:02:11	cid=588	cas=60-27-5	modality=uvvis	url=https://webbook.nist.gov/cgi/cbook.cgi?JCAMP=C60275&Index=8&Type=UVVis	reason=download_http_404	message=
2026-07-02 23:02:12	cid=588	cas=60-27-5	modality=uvvis	url=https://webbook.nist.gov/cgi/cbook.cgi?JCAMP=C60275&Index=9&Type=UVVis	reason=download_http_404	message=
2026-07-02 23:02:13	cid=589	cas=	modality=	url=	reason=not_found	message=no_cas_in_synonyms
2026-07-02 23:02:15	cid=590	cas=19889-69-1	modality=	url=https://webbook.nist.gov/cgi/cbook.cgi?ID=19889-69-1&Units=SI&Mask=480	reason=nist_not_found	message=
2026-07-02 23:02:16	cid=593	cas=	modality=	url=	reason=not_found	message=no_cas_in_synonyms
2026-07-02 23:02:18	cid=594	cas=3374-22-9	modality=	url=https://webbook.nist.gov/cgi/cbook.cgi?ID=3374-22-9&Units=SI&Mask=480	reason=no_jcamp_links	message=
2026-07-02 23:02:21	cid=595	cas=923-32-0	modality=	url=https://webbook.nist.gov/cgi/cbook.cgi?ID=923-32-0&Units=SI&Mask=480	reason=no_jcamp_links	message=
2026-07-02 23:02:23	cid=596	cas=688007-26-3	modality=	url=https://webbook.nist.gov/cgi/cbook.cgi?ID=688007-26-3&Units=SI&Mask=480	reason=nist_not_found	message=
2026-07-02 23:02:29	cid=597	cas=71-30-7	modality=ir	url=https://webbook.nist.gov/cgi/cbook.cgi?JCAMP=C71307&Index=2&Type=IR	reason=download_http_404	message=
2026-07-02 23:02:29	cid=597	cas=71-30-7	modality=ir	url=https://webbook.nist.gov/cgi/cbook.cgi?JCAMP=C71307&Index=3&Type=IR	reason=download_http_404	message=
2026-07-02 23:02:34	cid=597	cas=71-30-7	modality=ir	url=https://webbook.nist.gov/cgi/cbook.cgi?JCAMP=C71307&Index=4&Type=IR	reason=download_http_404	message=
2026-07-02 23:02:35	cid=597	cas=71-30-7	modality=ir	url=https://webbook.nist.gov/cgi/cbook.cgi?JCAMP=C71307&Index=5&Type=IR	reason=download_http_404	message=
2026-07-02 23:02:35	cid=597	cas=71-30-7	modality=ir	url=https://webbook.nist.gov/cgi/cbook.cgi?JCAMP=C71307&Index=6&Type=IR	reason=download_http_404	message=
2026-07-02 23:02:35	cid=597	cas=71-30-7	modality=ir	url=https://webbook.nist.gov/cgi/cbook.cgi?JCAMP=C71307&Index=7&Type=IR	reason=download_http_404	message=
2026-07-02 23:02:36	cid=597	cas=71-30-7	modality=ir	url=https://webbook.nist.gov/cgi/cbook.cgi?JCAMP=C71307&Index=8&Type=IR	reason=download_http_404	message=
2026-07-02 23:02:46	cid=597	cas=71-30-7	modality=ir	url=https://webbook.nist.gov/cgi/cbook.cgi?JCAMP=C71307&Index=9&Type=IR	reason=download_http_404	message=
2026-07-02 23:02:46	cid=597	cas=71-30-7	modality=uvvis	url=https://webbook.nist.gov/cgi/cbook.cgi?JCAMP=C71307&Index=1&Type=UVVis	reason=download_http_404	message=
2026-07-02 23:02:47	cid=597	cas=71-30-7	modality=uvvis	url=https://webbook.nist.gov/cgi/cbook.cgi?JCAMP=C71307&Index=2&Type=UVVis	reason=download_http_404	message=
2026-07-02 23:02:47	cid=597	cas=71-30-7	modality=uvvis	url=https://webbook.nist.gov/cgi/cbook.cgi?JCAMP=C71307&Index=3&Type=UVVis	reason=download_http_404	message=
2026-07-02 23:02:48	cid=597	cas=71-30-7	modality=uvvis	url=https://webbook.nist.gov/cgi/cbook.cgi?JCAMP=C71307&Index=4&Type=UVVis	reason=download_http_404	message=
2026-07-02 23:02:52	cid=597	cas=71-30-7	modality=uvvis	url=https://webbook.nist.gov/cgi/cbook.cgi?JCAMP=C71307&Index=5&Type=UVVis	reason=download_http_404	message=
2026-07-02 23:02:56	cid=597	cas=71-30-7	modality=uvvis	url=https://webbook.nist.gov/cgi/cbook.cgi?JCAMP=C71307&Index=6&Type=UVVis	reason=download_http_404	message=
2026-07-02 23:02:57	cid=597	cas=71-30-7	modality=uvvis	url=https://webbook.nist.gov/cgi/cbook.cgi?JCAMP=C71307&Index=7&Type=UVVis	reason=download_http_404	message=
2026-07-02 23:02:59	cid=597	cas=71-30-7	modality=uvvis	url=https://webbook.nist.gov/cgi/cbook.cgi?JCAMP=C71307&Index=8&Type=UVVis	reason=download_http_404	message=
2026-07-02 23:02:59	cid=597	cas=71-30-7	modality=uvvis	url=https://webbook.nist.gov/cgi/cbook.cgi?JCAMP=C71307&Index=9&Type=UVVis	reason=download_http_404	message=
2026-07-02 23:03:01	cid=598	cas=3375-50-6	modality=	url=https://webbook.nist.gov/cgi/cbook.cgi?ID=3375-50-6&Units=SI&Mask=480	reason=nist_not_found	message=
2026-07-02 23:03:04	cid=599	cas=1187-99-1	modality=	url=https://webbook.nist.gov/cgi/cbook.cgi?ID=1187-99-1&Units=SI&Mask=480	reason=nist_not_found	message=
2026-07-02 23:03:05	cid=600	cas=	modality=	url=	reason=not_found	message=no_cas_in_synonyms
2026-07-02 23:03:07	cid=601	cas=2867-20-1	modality=	url=https://webbook.nist.gov/cgi/cbook.cgi?ID=2867-20-1&Units=SI&Mask=480	reason=no_jcamp_links	message=
2026-07-02 23:03:11	cid=602	cas=1222-66-8	modality=	url=https://webbook.nist.gov/cgi/cbook.cgi?ID=1222-66-8&Units=SI&Mask=480	reason=nist_not_found	message=
2026-07-02 23:03:13	cid=603	cas=1174374-30-1	modality=	url=https://webbook.nist.gov/cgi/cbook.cgi?ID=1174374-30-1&Units=SI&Mask=480	reason=nist_not_found	message=
2026-07-02 23:03:15	cid=604	cas=6622-52-2	modality=	url=https://webbook.nist.gov/cgi/cbook.cgi?ID=6622-52-2&Units=SI&Mask=480	reason=nist_not_found	message=
2026-07-02 23:03:17	cid=606	cas=27982-01-0	modality=	url=https://webbook.nist.gov/cgi/cbook.cgi?ID=27982-01-0&Units=SI&Mask=480	reason=nist_not_found	message=
2026-07-02 23:03:19	cid=607	cas=	modality=	url=	reason=not_found	message=no_cas_in_synonyms
2026-07-02 23:03:21	cid=608	cas=10238-03-6	modality=	url=https://webbook.nist.gov/cgi/cbook.cgi?ID=10238-03-6&Units=SI&Mask=480	reason=nist_not_found	message=
2026-07-02 23:03:22	cid=609	cas=	modality=	url=	reason=not_found	message=no_cas_in_synonyms
2026-07-02 23:03:24	cid=610	cas=912483-14-8	modality=	url=https://webbook.nist.gov/cgi/cbook.cgi?ID=912483-14-8&Units=SI&Mask=480	reason=nist_not_found	message=
2026-07-02 23:03:30	cid=611	cas=617-65-2	modality=ir	url=https://webbook.nist.gov/cgi/cbook.cgi?JCAMP=C56860&Index=1&Type=IR	reason=download_http_404	message=
2026-07-02 23:03:30	cid=611	cas=617-65-2	modality=ir	url=https://webbook.nist.gov/cgi/cbook.cgi?JCAMP=C56860&Index=2&Type=IR	reason=download_http_404	message=
2026-07-02 23:03:34	cid=611	cas=617-65-2	modality=ir	url=https://webbook.nist.gov/cgi/cbook.cgi?JCAMP=C56860&Index=3&Type=IR	reason=download_http_404	message=
2026-07-02 23:03:39	cid=611	cas=617-65-2	modality=ir	url=https://webbook.nist.gov/cgi/cbook.cgi?JCAMP=C56860&Index=4&Type=IR	reason=download_http_404	message=
2026-07-02 23:03:39	cid=611	cas=617-65-2	modality=ir	url=https://webbook.nist.gov/cgi/cbook.cgi?JCAMP=C56860&Index=5&Type=IR	reason=download_http_404	message=
2026-07-02 23:03:40	cid=611	cas=617-65-2	modality=ir	url=https://webbook.nist.gov/cgi/cbook.cgi?JCAMP=C56860&Index=6&Type=IR	reason=download_http_404	message=
2026-07-02 23:03:40	cid=611	cas=617-65-2	modality=ir	url=https://webbook.nist.gov/cgi/cbook.cgi?JCAMP=C56860&Index=7&Type=IR	reason=download_http_404	message=
2026-07-02 23:03:40	cid=611	cas=617-65-2	modality=ir	url=https://webbook.nist.gov/cgi/cbook.cgi?JCAMP=C56860&Index=8&Type=IR	reason=download_http_404	message=
2026-07-02 23:03:52	cid=611	cas=617-65-2	modality=ir	url=https://webbook.nist.gov/cgi/cbook.cgi?JCAMP=C56860&Index=9&Type=IR	reason=download_http_404	message=
2026-07-02 23:03:53	cid=611	cas=617-65-2	modality=uvvis	url=https://webbook.nist.gov/cgi/cbook.cgi?JCAMP=C56860&Index=1&Type=UVVis	reason=download_http_404	message=
2026-07-02 23:03:53	cid=611	cas=617-65-2	modality=uvvis	url=https://webbook.nist.gov/cgi/cbook.cgi?JCAMP=C56860&Index=2&Type=UVVis	reason=download_http_404	message=
2026-07-02 23:03:53	cid=611	cas=617-65-2	modality=uvvis	url=https://webbook.nist.gov/cgi/cbook.cgi?JCAMP=C56860&Index=3&Type=UVVis	reason=download_http_404	message=
2026-07-02 23:04:04	cid=611	cas=617-65-2	modality=uvvis	url=https://webbook.nist.gov/cgi/cbook.cgi?JCAMP=C56860&Index=4&Type=UVVis	reason=download_http_404	message=
2026-07-02 23:04:04	cid=611	cas=617-65-2	modality=uvvis	url=https://webbook.nist.gov/cgi/cbook.cgi?JCAMP=C56860&Index=5&Type=UVVis	reason=download_http_404	message=
2026-07-02 23:04:05	cid=611	cas=617-65-2	modality=uvvis	url=https://webbook.nist.gov/cgi/cbook.cgi?JCAMP=C56860&Index=6&Type=UVVis	reason=download_http_404	message=
2026-07-02 23:04:05	cid=611	cas=617-65-2	modality=uvvis	url=https://webbook.nist.gov/cgi/cbook.cgi?JCAMP=C56860&Index=7&Type=UVVis	reason=download_http_404	message=
2026-07-02 23:04:05	cid=611	cas=617-65-2	modality=uvvis	url=https://webbook.nist.gov/cgi/cbook.cgi?JCAMP=C56860&Index=8&Type=UVVis	reason=download_http_404	message=
2026-07-02 23:04:10	cid=611	cas=617-65-2	modality=uvvis	url=https://webbook.nist.gov/cgi/cbook.cgi?JCAMP=C56860&Index=9&Type=UVVis	reason=download_http_404	message=
2026-07-02 23:04:14	cid=612	cas=50-21-5	modality=ir	url=https://webbook.nist.gov/cgi/cbook.cgi?JCAMP=C598823&Index=0&Type=IR	reason=download_http_404	message=
2026-07-02 23:04:15	cid=612	cas=50-21-5	modality=ir	url=https://webbook.nist.gov/cgi/cbook.cgi?JCAMP=C598823&Index=1&Type=IR	reason=download_http_404	message=
2026-07-02 23:04:15	cid=612	cas=50-21-5	modality=ir	url=https://webbook.nist.gov/cgi/cbook.cgi?JCAMP=C598823&Index=2&Type=IR	reason=download_http_404	message=
2026-07-02 23:04:16	cid=612	cas=50-21-5	modality=ir	url=https://webbook.nist.gov/cgi/cbook.cgi?JCAMP=C598823&Index=3&Type=IR	reason=download_http_404	message=
2026-07-02 23:04:26	cid=612	cas=50-21-5	modality=ir	url=https://webbook.nist.gov/cgi/cbook.cgi?JCAMP=C598823&Index=4&Type=IR	reason=download_http_404	message=
2026-07-02 23:04:27	cid=612	cas=50-21-5	modality=ir	url=https://webbook.nist.gov/cgi/cbook.cgi?JCAMP=C598823&Index=5&Type=IR	reason=download_http_404	message=
2026-07-02 23:04:27	cid=612	cas=50-21-5	modality=ir	url=https://webbook.nist.gov/cgi/cbook.cgi?JCAMP=C598823&Index=6&Type=IR	reason=download_http_404	message=
2026-07-02 23:04:27	cid=612	cas=50-21-5	modality=ir	url=https://webbook.nist.gov/cgi/cbook.cgi?JCAMP=C598823&Index=7&Type=IR	reason=download_http_404	message=
2026-07-02 23:04:28	cid=612	cas=50-21-5	modality=ir	url=https://webbook.nist.gov/cgi/cbook.cgi?JCAMP=C598823&Index=8&Type=IR	reason=download_http_404	message=
2026-07-02 23:04:38	cid=612	cas=50-21-5	modality=ir	url=https://webbook.nist.gov/cgi/cbook.cgi?JCAMP=C598823&Index=9&Type=IR	reason=download_http_404	message=
2026-07-02 23:04:41	cid=614	cas=609-36-9	modality=	url=https://webbook.nist.gov/cgi/cbook.cgi?ID=609-36-9&Units=SI&Mask=480	reason=no_jcamp_links	message=
2026-07-02 23:04:44	cid=615	cas=63323-91-1	modality=	url=https://webbook.nist.gov/cgi/cbook.cgi?ID=63323-91-1&Units=SI&Mask=480	reason=nist_not_found	message=
2026-07-02 23:04:45	cid=616	cas=	modality=	url=	reason=not_found	message=no_cas_in_synonyms
2026-07-02 23:04:53	cid=617	cas=302-84-1	modality=ir	url=https://webbook.nist.gov/cgi/cbook.cgi?JCAMP=C312845&Index=0&Type=IR	reason=download_http_404	message=
2026-07-02 23:04:53	cid=617	cas=302-84-1	modality=ir	url=https://webbook.nist.gov/cgi/cbook.cgi?JCAMP=C312845&Index=1&Type=IR	reason=download_http_404	message=
2026-07-02 23:04:54	cid=617	cas=302-84-1	modality=ir	url=https://webbook.nist.gov/cgi/cbook.cgi?JCAMP=C312845&Index=2&Type=IR	reason=download_http_404	message=
2026-07-02 23:04:54	cid=617	cas=302-84-1	modality=ir	url=https://webbook.nist.gov/cgi/cbook.cgi?JCAMP=C312845&Index=3&Type=IR	reason=download_http_404	message=
2026-07-02 23:05:04	cid=617	cas=302-84-1	modality=ir	url=https://webbook.nist.gov/cgi/cbook.cgi?JCAMP=C312845&Index=4&Type=IR	reason=download_http_404	message=
2026-07-02 23:05:05	cid=617	cas=302-84-1	modality=ir	url=https://webbook.nist.gov/cgi/cbook.cgi?JCAMP=C312845&Index=5&Type=IR	reason=download_http_404	message=
2026-07-02 23:05:05	cid=617	cas=302-84-1	modality=ir	url=https://webbook.nist.gov/cgi/cbook.cgi?JCAMP=C312845&Index=6&Type=IR	reason=download_http_404	message=
2026-07-02 23:05:06	cid=617	cas=302-84-1	modality=ir	url=https://webbook.nist.gov/cgi/cbook.cgi?JCAMP=C312845&Index=7&Type=IR	reason=download_http_404	message=
2026-07-02 23:05:06	cid=617	cas=302-84-1	modality=ir	url=https://webbook.nist.gov/cgi/cbook.cgi?JCAMP=C312845&Index=8&Type=IR	reason=download_http_404	message=
2026-07-02 23:05:11	cid=617	cas=302-84-1	modality=ir	url=https://webbook.nist.gov/cgi/cbook.cgi?JCAMP=C312845&Index=9&Type=IR	reason=download_http_404	message=
2026-07-02 23:05:11	cid=617	cas=302-84-1	modality=uvvis	url=https://webbook.nist.gov/cgi/cbook.cgi?JCAMP=C312845&Index=0&Type=UVVis	reason=download_http_404	message=
2026-07-02 23:05:12	cid=617	cas=302-84-1	modality=uvvis	url=https://webbook.nist.gov/cgi/cbook.cgi?JCAMP=C312845&Index=1&Type=UVVis	reason=download_http_404	message=
2026-07-02 23:05:12	cid=617	cas=302-84-1	modality=uvvis	url=https://webbook.nist.gov/cgi/cbook.cgi?JCAMP=C312845&Index=2&Type=UVVis	reason=download_http_404	message=
2026-07-02 23:05:13	cid=617	cas=302-84-1	modality=uvvis	url=https://webbook.nist.gov/cgi/cbook.cgi?JCAMP=C312845&Index=3&Type=UVVis	reason=download_http_404	message=
2026-07-02 23:05:17	cid=617	cas=302-84-1	modality=uvvis	url=https://webbook.nist.gov/cgi/cbook.cgi?JCAMP=C312845&Index=4&Type=UVVis	reason=download_http_404	message=
2026-07-02 23:05:18	cid=617	cas=302-84-1	modality=uvvis	url=https://webbook.nist.gov/cgi/cbook.cgi?JCAMP=C312845&Index=5&Type=UVVis	reason=download_http_404	message=
2026-07-02 23:05:18	cid=617	cas=302-84-1	modality=uvvis	url=https://webbook.nist.gov/cgi/cbook.cgi?JCAMP=C312845&Index=6&Type=UVVis	reason=download_http_404	message=
2026-07-02 23:05:28	cid=617	cas=302-84-1	modality=uvvis	url=https://webbook.nist.gov/cgi/cbook.cgi?JCAMP=C312845&Index=7&Type=UVVis	reason=download_http_404	message=
2026-07-02 23:05:29	cid=617	cas=302-84-1	modality=uvvis	url=https://webbook.nist.gov/cgi/cbook.cgi?JCAMP=C312845&Index=8&Type=UVVis	reason=download_http_404	message=
2026-07-02 23:05:29	cid=617	cas=302-84-1	modality=uvvis	url=https://webbook.nist.gov/cgi/cbook.cgi?JCAMP=C312845&Index=9&Type=UVVis	reason=download_http_404	message=
2026-07-02 23:05:31	cid=618	cas=13270-18-3	modality=	url=https://webbook.nist.gov/cgi/cbook.cgi?ID=13270-18-3&Units=SI&Mask=480	reason=nist_not_found	message=
2026-07-02 23:05:33	cid=619	cas=5556-48-9	modality=	url=https://webbook.nist.gov/cgi/cbook.cgi?ID=5556-48-9&Units=SI&Mask=480	reason=nist_not_found	message=
2026-07-02 23:05:34	cid=620	cas=	modality=	url=	reason=not_found	message=no_cas_in_synonyms
2026-07-02 23:05:35	cid=621	cas=	modality=	url=	reason=not_found	message=no_cas_in_synonyms
2026-07-02 23:05:36	cid=622	cas=	modality=	url=	reason=not_found	message=no_cas_in_synonyms
2026-07-02 23:05:39	cid=623	cas=	modality=	url=	reason=not_found	message=no_cas_in_synonyms
2026-07-02 23:05:40	cid=624	cas=	modality=	url=	reason=not_found	message=no_cas_in_synonyms
2026-07-02 23:05:41	cid=625	cas=	modality=	url=	reason=not_found	message=no_cas_in_synonyms
2026-07-02 23:05:44	cid=626	cas=6477-49-2	modality=	url=https://webbook.nist.gov/cgi/cbook.cgi?ID=6477-49-2&Units=SI&Mask=480	reason=nist_not_found	message=
2026-07-02 23:05:45	cid=627	cas=	modality=	url=	reason=not_found	message=no_cas_in_synonyms
2026-07-02 23:05:46	cid=628	cas=	modality=	url=	reason=not_found	message=no_cas_in_synonyms
2026-07-02 23:05:48	cid=629	cas=	modality=	url=	reason=not_found	message=pubchem_synonyms_404
2026-07-02 23:05:49	cid=630	cas=	modality=	url=	reason=not_found	message=no_cas_in_synonyms
2026-07-02 23:05:50	cid=631	cas=16105-69-4	modality=	url=https://webbook.nist.gov/cgi/cbook.cgi?ID=16105-69-4&Units=SI&Mask=480	reason=nist_not_found	message=
2026-07-02 23:05:52	cid=632	cas=2353-17-5	modality=	url=https://webbook.nist.gov/cgi/cbook.cgi?ID=2353-17-5&Units=SI&Mask=480	reason=nist_not_found	message=
2026-07-02 23:05:54	cid=633	cas=	modality=	url=	reason=not_found	message=pubchem_synonyms_404
2026-07-02 23:05:55	cid=634	cas=	modality=	url=	reason=not_found	message=no_cas_in_synonyms
2026-07-02 23:05:56	cid=635	cas=	modality=	url=	reason=not_found	message=no_cas_in_synonyms
2026-07-02 23:05:58	cid=636	cas=14365-45-8	modality=	url=https://webbook.nist.gov/cgi/cbook.cgi?ID=14365-45-8&Units=SI&Mask=480	reason=nist_not_found	message=
2026-07-02 23:05:59	cid=637	cas=7060-91-5	modality=	url=https://webbook.nist.gov/cgi/cbook.cgi?ID=7060-91-5&Units=SI&Mask=480	reason=nist_not_found	message=
2026-07-02 23:06:01	cid=640	cas=169527-96-2	modality=	url=https://webbook.nist.gov/cgi/cbook.cgi?ID=169527-96-2&Units=SI&Mask=480	reason=nist_not_found	message=
2026-07-02 23:06:03	cid=641	cas=	modality=	url=	reason=not_found	message=no_cas_in_synonyms
2026-07-02 23:06:05	cid=642	cas=	modality=	url=	reason=not_found	message=no_cas_in_synonyms
2026-07-02 23:06:07	cid=643	cas=636-20-4	modality=	url=https://webbook.nist.gov/cgi/cbook.cgi?ID=636-20-4&Units=SI&Mask=480	reason=nist_not_found	message=
2026-07-02 23:06:09	cid=647	cas=358-72-5	modality=	url=https://webbook.nist.gov/cgi/cbook.cgi?ID=358-72-5&Units=SI&Mask=480	reason=nist_not_found	message=
2026-07-02 23:06:10	cid=648	cas=155-54-4	modality=	url=https://webbook.nist.gov/cgi/cbook.cgi?ID=155-54-4&Units=SI&Mask=480	reason=nist_not_found	message=
2026-07-02 23:06:14	cid=649	cas=504-07-4	modality=ir	url=https://webbook.nist.gov/cgi/cbook.cgi?JCAMP=C504074&Index=1&Type=IR	reason=download_http_404	message=
2026-07-02 23:06:15	cid=649	cas=504-07-4	modality=ir	url=https://webbook.nist.gov/cgi/cbook.cgi?JCAMP=C504074&Index=2&Type=IR	reason=download_http_404	message=
2026-07-02 23:06:15	cid=649	cas=504-07-4	modality=ir	url=https://webbook.nist.gov/cgi/cbook.cgi?JCAMP=C504074&Index=3&Type=IR	reason=download_http_404	message=
2026-07-02 23:06:15	cid=649	cas=504-07-4	modality=ir	url=https://webbook.nist.gov/cgi/cbook.cgi?JCAMP=C504074&Index=4&Type=IR	reason=download_http_404	message=
2026-07-02 23:06:26	cid=649	cas=504-07-4	modality=ir	url=https://webbook.nist.gov/cgi/cbook.cgi?JCAMP=C504074&Index=5&Type=IR	reason=download_http_404	message=
2026-07-02 23:06:26	cid=649	cas=504-07-4	modality=ir	url=https://webbook.nist.gov/cgi/cbook.cgi?JCAMP=C504074&Index=6&Type=IR	reason=download_http_404	message=
2026-07-02 23:06:26	cid=649	cas=504-07-4	modality=ir	url=https://webbook.nist.gov/cgi/cbook.cgi?JCAMP=C504074&Index=7&Type=IR	reason=download_http_404	message=
2026-07-02 23:06:27	cid=649	cas=504-07-4	modality=ir	url=https://webbook.nist.gov/cgi/cbook.cgi?JCAMP=C504074&Index=8&Type=IR	reason=download_http_404	message=
2026-07-02 23:06:27	cid=649	cas=504-07-4	modality=ir	url=https://webbook.nist.gov/cgi/cbook.cgi?JCAMP=C504074&Index=9&Type=IR	reason=download_http_404	message=
2026-07-02 23:06:34	cid=650	cas=431-03-8	modality=ir	url=https://webbook.nist.gov/cgi/cbook.cgi?JCAMP=C625343&Index=0&Type=IR	reason=download_http_404	message=
2026-07-02 23:06:35	cid=650	cas=431-03-8	modality=ir	url=https://webbook.nist.gov/cgi/cbook.cgi?JCAMP=C625343&Index=1&Type=IR	reason=download_http_404	message=
2026-07-02 23:06:36	cid=650	cas=431-03-8	modality=ir	url=https://webbook.nist.gov/cgi/cbook.cgi?JCAMP=C625343&Index=2&Type=IR	reason=download_http_404	message=
2026-07-02 23:06:36	cid=650	cas=431-03-8	modality=ir	url=https://webbook.nist.gov/cgi/cbook.cgi?JCAMP=C625343&Index=3&Type=IR	reason=download_http_404	message=
2026-07-02 23:06:36	cid=650	cas=431-03-8	modality=ir	url=https://webbook.nist.gov/cgi/cbook.cgi?JCAMP=C625343&Index=4&Type=IR	reason=download_http_404	message=
2026-07-02 23:06:41	cid=650	cas=431-03-8	modality=ir	url=https://webbook.nist.gov/cgi/cbook.cgi?JCAMP=C625343&Index=5&Type=IR	reason=download_http_404	message=
2026-07-02 23:06:41	cid=650	cas=431-03-8	modality=ir	url=https://webbook.nist.gov/cgi/cbook.cgi?JCAMP=C625343&Index=6&Type=IR	reason=download_http_404	message=
2026-07-02 23:06:42	cid=650	cas=431-03-8	modality=ir	url=https://webbook.nist.gov/cgi/cbook.cgi?JCAMP=C625343&Index=7&Type=IR	reason=download_http_404	message=
2026-07-02 23:06:42	cid=650	cas=431-03-8	modality=ir	url=https://webbook.nist.gov/cgi/cbook.cgi?JCAMP=C625343&Index=8&Type=IR	reason=download_http_404	message=
2026-07-02 23:06:46	cid=650	cas=431-03-8	modality=ir	url=https://webbook.nist.gov/cgi/cbook.cgi?JCAMP=C625343&Index=9&Type=IR	reason=download_http_404	message=
2026-07-02 23:06:46	cid=650	cas=431-03-8	modality=	url=https://webbook.nist.gov/cgi/cbook.cgi?ID=431-03-8&Units=SI&Mask=480	reason=all_jcamp_downloads_failed	message=ir:download_http_404;ir:download_http_404;ir:download_http_404;ir:download_http_404;ir:download_http_404;ir:download_http_404;ir:download_http_404;ir:download_http_404;ir:download_http_404;ir:download_http_404
2026-07-02 23:06:49	cid=652	cas=21738-21-6	modality=	url=https://webbook.nist.gov/cgi/cbook.cgi?ID=21738-21-6&Units=SI&Mask=480	reason=nist_not_found	message=
2026-07-02 23:06:52	cid=654	cas=598-02-7	modality=ir	url=https://webbook.nist.gov/cgi/cbook.cgi?JCAMP=C598027&Index=1&Type=IR	reason=download_http_404	message=
2026-07-02 23:06:52	cid=654	cas=598-02-7	modality=ir	url=https://webbook.nist.gov/cgi/cbook.cgi?JCAMP=C598027&Index=2&Type=IR	reason=download_http_404	message=
2026-07-02 23:06:52	cid=654	cas=598-02-7	modality=ir	url=https://webbook.nist.gov/cgi/cbook.cgi?JCAMP=C598027&Index=3&Type=IR	reason=download_http_404	message=
2026-07-02 23:06:53	cid=654	cas=598-02-7	modality=ir	url=https://webbook.nist.gov/cgi/cbook.cgi?JCAMP=C598027&Index=4&Type=IR	reason=download_http_404	message=
2026-07-02 23:06:57	cid=654	cas=598-02-7	modality=ir	url=https://webbook.nist.gov/cgi/cbook.cgi?JCAMP=C598027&Index=5&Type=IR	reason=download_http_404	message=
2026-07-02 23:06:57	cid=654	cas=598-02-7	modality=ir	url=https://webbook.nist.gov/cgi/cbook.cgi?JCAMP=C598027&Index=6&Type=IR	reason=download_http_404	message=
2026-07-02 23:06:58	cid=654	cas=598-02-7	modality=ir	url=https://webbook.nist.gov/cgi/cbook.cgi?JCAMP=C598027&Index=7&Type=IR	reason=download_http_404	message=
2026-07-02 23:06:58	cid=654	cas=598-02-7	modality=ir	url=https://webbook.nist.gov/cgi/cbook.cgi?JCAMP=C598027&Index=8&Type=IR	reason=download_http_404	message=
2026-07-02 23:06:58	cid=654	cas=598-02-7	modality=ir	url=https://webbook.nist.gov/cgi/cbook.cgi?JCAMP=C598027&Index=9&Type=IR	reason=download_http_404	message=
2026-07-02 23:07:00	cid=655	cas=2465-65-8	modality=	url=https://webbook.nist.gov/cgi/cbook.cgi?ID=2465-65-8&Units=SI&Mask=480	reason=nist_not_found	message=
2026-07-02 23:07:03	cid=656	cas=	modality=	url=	reason=not_found	message=pubchem_synonyms_404
2026-07-02 23:07:04	cid=657	cas=	modality=	url=	reason=not_found	message=pubchem_synonyms_404
2026-07-02 23:07:06	cid=658	cas=	modality=	url=	reason=not_found	message=pubchem_synonyms_404
2026-07-02 23:07:10	cid=660	cas=119-84-6	modality=ir	url=https://webbook.nist.gov/cgi/cbook.cgi?JCAMP=C119846&Index=1&Type=IR	reason=download_http_404	message=
2026-07-02 23:07:10	cid=660	cas=119-84-6	modality=ir	url=https://webbook.nist.gov/cgi/cbook.cgi?JCAMP=C119846&Index=2&Type=IR	reason=download_http_404	message=
2026-07-02 23:07:10	cid=660	cas=119-84-6	modality=ir	url=https://webbook.nist.gov/cgi/cbook.cgi?JCAMP=C119846&Index=3&Type=IR	reason=download_http_404	message=
2026-07-02 23:07:11	cid=660	cas=119-84-6	modality=ir	url=https://webbook.nist.gov/cgi/cbook.cgi?JCAMP=C119846&Index=4&Type=IR	reason=download_http_404	message=
2026-07-02 23:07:21	cid=660	cas=119-84-6	modality=ir	url=https://webbook.nist.gov/cgi/cbook.cgi?JCAMP=C119846&Index=5&Type=IR	reason=download_http_404	message=
2026-07-02 23:07:22	cid=660	cas=119-84-6	modality=ir	url=https://webbook.nist.gov/cgi/cbook.cgi?JCAMP=C119846&Index=6&Type=IR	reason=download_http_404	message=
2026-07-02 23:07:22	cid=660	cas=119-84-6	modality=ir	url=https://webbook.nist.gov/cgi/cbook.cgi?JCAMP=C119846&Index=7&Type=IR	reason=download_http_404	message=
2026-07-02 23:07:22	cid=660	cas=119-84-6	modality=ir	url=https://webbook.nist.gov/cgi/cbook.cgi?JCAMP=C119846&Index=8&Type=IR	reason=download_http_404	message=
2026-07-02 23:07:23	cid=660	cas=119-84-6	modality=ir	url=https://webbook.nist.gov/cgi/cbook.cgi?JCAMP=C119846&Index=9&Type=IR	reason=download_http_404	message=
2026-07-02 23:07:25	cid=662	cas=724434-08-6	modality=	url=https://webbook.nist.gov/cgi/cbook.cgi?ID=724434-08-6&Units=SI&Mask=480	reason=nist_not_found	message=
2026-07-02 23:07:28	cid=663	cas=3884-47-7	modality=	url=https://webbook.nist.gov/cgi/cbook.cgi?ID=3884-47-7&Units=SI&Mask=480	reason=nist_not_found	message=
2026-07-02 23:07:29	cid=668	cas=57-04-5	modality=	url=https://webbook.nist.gov/cgi/cbook.cgi?ID=57-04-5&Units=SI&Mask=480	reason=nist_not_found	message=
2026-07-02 23:07:31	cid=669	cas=114155-98-5	modality=	url=https://webbook.nist.gov/cgi/cbook.cgi?ID=114155-98-5&Units=SI&Mask=480	reason=nist_not_found	message=
2026-07-02 23:07:36	cid=670	cas=96-26-4	modality=ir	url=https://webbook.nist.gov/cgi/cbook.cgi?JCAMP=C96264&Index=1&Type=IR	reason=download_http_404	message=
2026-07-02 23:07:37	cid=670	cas=96-26-4	modality=ir	url=https://webbook.nist.gov/cgi/cbook.cgi?JCAMP=C96264&Index=2&Type=IR	reason=download_http_404	message=
2026-07-02 23:07:38	cid=670	cas=96-26-4	modality=ir	url=https://webbook.nist.gov/cgi/cbook.cgi?JCAMP=C96264&Index=3&Type=IR	reason=download_http_404	message=
2026-07-02 23:07:38	cid=670	cas=96-26-4	modality=ir	url=https://webbook.nist.gov/cgi/cbook.cgi?JCAMP=C96264&Index=4&Type=IR	reason=download_http_404	message=
2026-07-02 23:07:42	cid=670	cas=96-26-4	modality=ir	url=https://webbook.nist.gov/cgi/cbook.cgi?JCAMP=C96264&Index=5&Type=IR	reason=download_http_404	message=
2026-07-02 23:07:43	cid=670	cas=96-26-4	modality=ir	url=https://webbook.nist.gov/cgi/cbook.cgi?JCAMP=C96264&Index=6&Type=IR	reason=download_http_404	message=
2026-07-02 23:07:43	cid=670	cas=96-26-4	modality=ir	url=https://webbook.nist.gov/cgi/cbook.cgi?JCAMP=C96264&Index=7&Type=IR	reason=download_http_404	message=
2026-07-02 23:07:43	cid=670	cas=96-26-4	modality=ir	url=https://webbook.nist.gov/cgi/cbook.cgi?JCAMP=C96264&Index=8&Type=IR	reason=download_http_404	message=
2026-07-02 23:07:44	cid=670	cas=96-26-4	modality=ir	url=https://webbook.nist.gov/cgi/cbook.cgi?JCAMP=C96264&Index=9&Type=IR	reason=download_http_404	message=
2026-07-02 23:07:45	cid=671	cas=31519-22-9	modality=	url=https://webbook.nist.gov/cgi/cbook.cgi?ID=31519-22-9&Units=SI&Mask=480	reason=nist_not_found	message=
2026-07-02 23:07:47	cid=672	cas=	modality=	url=	reason=not_found	message=no_cas_in_synonyms
2026-07-02 23:07:49	cid=673	cas=1118-68-9	modality=	url=https://webbook.nist.gov/cgi/cbook.cgi?ID=1118-68-9&Units=SI&Mask=480	reason=nist_not_found	message=
2026-07-02 23:08:00	cid=674	cas=124-40-3	modality=ir	url=https://webbook.nist.gov/cgi/cbook.cgi?JCAMP=C124403&Index=3&Type=IR	reason=download_http_404	message=
2026-07-02 23:08:01	cid=674	cas=124-40-3	modality=ir	url=https://webbook.nist.gov/cgi/cbook.cgi?JCAMP=C124403&Index=4&Type=IR	reason=download_http_404	message=
2026-07-02 23:08:01	cid=674	cas=124-40-3	modality=ir	url=https://webbook.nist.gov/cgi/cbook.cgi?JCAMP=C124403&Index=5&Type=IR	reason=download_http_404	message=
2026-07-02 23:08:01	cid=674	cas=124-40-3	modality=ir	url=https://webbook.nist.gov/cgi/cbook.cgi?JCAMP=C124403&Index=6&Type=IR	reason=download_http_404	message=
2026-07-02 23:08:12	cid=674	cas=124-40-3	modality=ir	url=https://webbook.nist.gov/cgi/cbook.cgi?JCAMP=C124403&Index=7&Type=IR	reason=download_http_404	message=
2026-07-02 23:08:13	cid=674	cas=124-40-3	modality=ir	url=https://webbook.nist.gov/cgi/cbook.cgi?JCAMP=C124403&Index=8&Type=IR	reason=download_http_404	message=
2026-07-02 23:08:13	cid=674	cas=124-40-3	modality=ir	url=https://webbook.nist.gov/cgi/cbook.cgi?JCAMP=C124403&Index=9&Type=IR	reason=download_http_404	message=
2026-07-02 23:08:15	cid=675	cas=582-60-5	modality=	url=https://webbook.nist.gov/cgi/cbook.cgi?ID=582-60-5&Units=SI&Mask=480	reason=nist_not_found	message=
2026-07-02 23:08:17	cid=677	cas=1756-18-9	modality=	url=https://webbook.nist.gov/cgi/cbook.cgi?ID=1756-18-9&Units=SI&Mask=480	reason=nist_not_found	message=
2026-07-02 23:08:23	cid=679	cas=67-68-5	modality=ir	url=https://webbook.nist.gov/cgi/cbook.cgi?JCAMP=C2206271&Index=2&Type=IR	reason=download_http_404	message=
2026-07-02 23:08:23	cid=679	cas=67-68-5	modality=ir	url=https://webbook.nist.gov/cgi/cbook.cgi?JCAMP=C2206271&Index=3&Type=IR	reason=download_http_404	message=
2026-07-02 23:08:24	cid=679	cas=67-68-5	modality=ir	url=https://webbook.nist.gov/cgi/cbook.cgi?JCAMP=C2206271&Index=4&Type=IR	reason=download_http_404	message=
2026-07-02 23:08:24	cid=679	cas=67-68-5	modality=ir	url=https://webbook.nist.gov/cgi/cbook.cgi?JCAMP=C2206271&Index=5&Type=IR	reason=download_http_404	message=
2026-07-02 23:08:30	cid=679	cas=67-68-5	modality=ir	url=https://webbook.nist.gov/cgi/cbook.cgi?JCAMP=C2206271&Index=6&Type=IR	reason=download_http_404	message=
2026-07-02 23:08:30	cid=679	cas=67-68-5	modality=ir	url=https://webbook.nist.gov/cgi/cbook.cgi?JCAMP=C2206271&Index=7&Type=IR	reason=download_http_404	message=
2026-07-02 23:08:31	cid=679	cas=67-68-5	modality=ir	url=https://webbook.nist.gov/cgi/cbook.cgi?JCAMP=C2206271&Index=8&Type=IR	reason=download_http_404	message=
2026-07-02 23:08:31	cid=679	cas=67-68-5	modality=ir	url=https://webbook.nist.gov/cgi/cbook.cgi?JCAMP=C2206271&Index=9&Type=IR	reason=download_http_404	message=
2026-07-02 23:08:33	cid=680	cas=	modality=	url=	reason=not_found	message=no_cas_in_synonyms
2026-07-02 23:08:36	cid=681	cas=51-61-6	modality=	url=https://webbook.nist.gov/cgi/cbook.cgi?ID=51-61-6&Units=SI&Mask=480	reason=no_jcamp_links	message=
2026-07-02 23:08:38	cid=682	cas=4430-97-1	modality=	url=https://webbook.nist.gov/cgi/cbook.cgi?ID=4430-97-1&Units=SI&Mask=480	reason=nist_not_found	message=
2026-07-02 23:08:40	cid=683	cas=1981-49-3	modality=	url=https://webbook.nist.gov/cgi/cbook.cgi?ID=1981-49-3&Units=SI&Mask=480	reason=nist_not_found	message=
2026-07-02 23:08:41	cid=684	cas=	modality=	url=	reason=not_found	message=no_cas_in_synonyms
2026-07-02 23:08:42	cid=685	cas=	modality=	url=	reason=not_found	message=pubchem_synonyms_404
2026-07-02 23:08:43	cid=686	cas=	modality=	url=	reason=not_found	message=no_cas_in_synonyms
2026-07-02 23:08:44	cid=687	cas=	modality=	url=	reason=not_found	message=no_cas_in_synonyms
2026-07-02 23:08:45	cid=688	cas=	modality=	url=	reason=not_found	message=no_cas_in_synonyms
2026-07-02 23:08:47	cid=689	cas=	modality=	url=	reason=not_found	message=no_cas_in_synonyms
2026-07-02 23:08:49	cid=690	cas=117305-84-7	modality=	url=https://webbook.nist.gov/cgi/cbook.cgi?ID=117305-84-7&Units=SI&Mask=480	reason=nist_not_found	message=
2026-07-02 23:08:51	cid=691	cas=	modality=	url=	reason=not_found	message=no_cas_in_synonyms
2026-07-02 23:08:52	cid=692	cas=	modality=	url=	reason=not_found	message=no_cas_in_synonyms
2026-07-02 23:08:53	cid=693	cas=	modality=	url=	reason=not_found	message=no_cas_in_synonyms
2026-07-02 23:08:55	cid=694	cas=	modality=	url=	reason=not_found	message=no_cas_in_synonyms
2026-07-02 23:08:56	cid=695	cas=	modality=	url=	reason=not_found	message=pubchem_synonyms_404
2026-07-02 23:08:57	cid=696	cas=	modality=	url=	reason=not_found	message=no_cas_in_synonyms
2026-07-02 23:08:59	cid=697	cas=89418-95-1	modality=	url=https://webbook.nist.gov/cgi/cbook.cgi?ID=89418-95-1&Units=SI&Mask=480	reason=nist_not_found	message=
2026-07-02 23:09:01	cid=698	cas=1187829-63-5	modality=	url=https://webbook.nist.gov/cgi/cbook.cgi?ID=1187829-63-5&Units=SI&Mask=480	reason=nist_not_found	message=
2026-07-02 23:09:04	cid=699	cas=	modality=	url=	reason=not_found	message=no_cas_in_synonyms
2026-07-02 23:09:14	cid=700	cas=141-43-5	modality=ir	url=https://webbook.nist.gov/cgi/cbook.cgi?JCAMP=C141435&Index=2&Type=IR	reason=download_http_404	message=
2026-07-02 23:09:14	cid=700	cas=141-43-5	modality=ir	url=https://webbook.nist.gov/cgi/cbook.cgi?JCAMP=C141435&Index=3&Type=IR	reason=download_http_404	message=
2026-07-02 23:09:15	cid=700	cas=141-43-5	modality=ir	url=https://webbook.nist.gov/cgi/cbook.cgi?JCAMP=C141435&Index=4&Type=IR	reason=download_http_404	message=
2026-07-02 23:09:16	cid=700	cas=141-43-5	modality=ir	url=https://webbook.nist.gov/cgi/cbook.cgi?JCAMP=C141435&Index=5&Type=IR	reason=download_http_404	message=
2026-07-02 23:09:16	cid=700	cas=141-43-5	modality=ir	url=https://webbook.nist.gov/cgi/cbook.cgi?JCAMP=C141435&Index=6&Type=IR	reason=download_http_404	message=
2026-07-02 23:09:20	cid=700	cas=141-43-5	modality=ir	url=https://webbook.nist.gov/cgi/cbook.cgi?JCAMP=C141435&Index=7&Type=IR	reason=download_http_404	message=
2026-07-02 23:09:25	cid=700	cas=141-43-5	modality=ir	url=https://webbook.nist.gov/cgi/cbook.cgi?JCAMP=C141435&Index=8&Type=IR	reason=download_http_404	message=
2026-07-02 23:09:25	cid=700	cas=141-43-5	modality=ir	url=https://webbook.nist.gov/cgi/cbook.cgi?JCAMP=C141435&Index=9&Type=IR	reason=download_http_404	message=
2026-07-02 23:09:27	cid=701	cas=609-14-3	modality=	url=https://webbook.nist.gov/cgi/cbook.cgi?ID=609-14-3&Units=SI&Mask=480	reason=no_jcamp_links	message=
2026-07-02 23:09:31	cid=702	cas=64-17-5	modality=ir	url=https://webbook.nist.gov/cgi/cbook.cgi?JCAMP=C1516081&Index=0&Type=IR	reason=download_http_404	message=
2026-07-02 23:09:31	cid=702	cas=64-17-5	modality=ir	url=https://webbook.nist.gov/cgi/cbook.cgi?JCAMP=C1516081&Index=1&Type=IR	reason=download_http_404	message=
2026-07-02 23:09:31	cid=702	cas=64-17-5	modality=ir	url=https://webbook.nist.gov/cgi/cbook.cgi?JCAMP=C1516081&Index=2&Type=IR	reason=download_http_404	message=
2026-07-02 23:09:31	cid=702	cas=64-17-5	modality=ir	url=https://webbook.nist.gov/cgi/cbook.cgi?JCAMP=C1516081&Index=3&Type=IR	reason=download_http_404	message=
2026-07-02 23:09:32	cid=702	cas=64-17-5	modality=ir	url=https://webbook.nist.gov/cgi/cbook.cgi?JCAMP=C1516081&Index=4&Type=IR	reason=download_http_404	message=
2026-07-02 23:09:36	cid=702	cas=64-17-5	modality=ir	url=https://webbook.nist.gov/cgi/cbook.cgi?JCAMP=C1516081&Index=5&Type=IR	reason=download_http_404	message=
2026-07-02 23:09:37	cid=702	cas=64-17-5	modality=ir	url=https://webbook.nist.gov/cgi/cbook.cgi?JCAMP=C1516081&Index=6&Type=IR	reason=download_http_404	message=
2026-07-02 23:09:37	cid=702	cas=64-17-5	modality=ir	url=https://webbook.nist.gov/cgi/cbook.cgi?JCAMP=C1516081&Index=7&Type=IR	reason=download_http_404	message=
2026-07-02 23:09:47	cid=702	cas=64-17-5	modality=ir	url=https://webbook.nist.gov/cgi/cbook.cgi?JCAMP=C1516081&Index=8&Type=IR	reason=download_http_404	message=
2026-07-02 23:09:47	cid=702	cas=64-17-5	modality=ir	url=https://webbook.nist.gov/cgi/cbook.cgi?JCAMP=C1516081&Index=9&Type=IR	reason=download_http_404	message=
2026-07-02 23:09:47	cid=702	cas=64-17-5	modality=	url=https://webbook.nist.gov/cgi/cbook.cgi?ID=64-17-5&Units=SI&Mask=480	reason=all_jcamp_downloads_failed	message=ir:download_http_404;ir:download_http_404;ir:download_http_404;ir:download_http_404;ir:download_http_404;ir:download_http_404;ir:download_http_404;ir:download_http_404;ir:download_http_404;ir:download_http_404
2026-07-02 23:09:49	cid=703	cas=	modality=	url=	reason=not_found	message=no_cas_in_synonyms
2026-07-02 23:09:50	cid=704	cas=	modality=	url=	reason=not_found	message=pubchem_synonyms_404
2026-07-02 23:09:51	cid=705	cas=	modality=	url=	reason=not_found	message=no_cas_in_synonyms
2026-07-02 23:09:53	cid=706	cas=13058-04-3	modality=	url=https://webbook.nist.gov/cgi/cbook.cgi?ID=13058-04-3&Units=SI&Mask=480	reason=nist_not_found	message=
2026-07-02 23:09:55	cid=707	cas=5905-42-0	modality=	url=https://webbook.nist.gov/cgi/cbook.cgi?ID=5905-42-0&Units=SI&Mask=480	reason=nist_not_found	message=
2026-07-02 23:09:57	cid=708	cas=	modality=	url=	reason=not_found	message=pubchem_synonyms_404
2026-07-02 23:09:58	cid=709	cas=	modality=	url=	reason=not_found	message=no_cas_in_synonyms
2026-07-02 23:10:00	cid=710	cas=26193-20-4	modality=	url=https://webbook.nist.gov/cgi/cbook.cgi?ID=26193-20-4&Units=SI&Mask=480	reason=nist_not_found	message=
2026-07-02 23:10:01	cid=711	cas=	modality=	url=	reason=not_found	message=no_cas_in_synonyms
2026-07-02 23:10:04	cid=712	cas=50-00-0	modality=ir	url=https://webbook.nist.gov/cgi/cbook.cgi?JCAMP=C1664999&Index=0&Type=IR	reason=download_http_404	message=
2026-07-02 23:10:04	cid=712	cas=50-00-0	modality=ir	url=https://webbook.nist.gov/cgi/cbook.cgi?JCAMP=C1664999&Index=1&Type=IR	reason=download_http_404	message=
2026-07-02 23:10:06	cid=712	cas=50-00-0	modality=ir	url=https://webbook.nist.gov/cgi/cbook.cgi?JCAMP=C1664999&Index=2&Type=IR	reason=download_http_404	message=
2026-07-02 23:10:06	cid=712	cas=50-00-0	modality=ir	url=https://webbook.nist.gov/cgi/cbook.cgi?JCAMP=C1664999&Index=3&Type=IR	reason=download_http_404	message=
2026-07-02 23:10:06	cid=712	cas=50-00-0	modality=ir	url=https://webbook.nist.gov/cgi/cbook.cgi?JCAMP=C1664999&Index=4&Type=IR	reason=download_http_404	message=
2026-07-02 23:10:10	cid=712	cas=50-00-0	modality=ir	url=https://webbook.nist.gov/cgi/cbook.cgi?JCAMP=C1664999&Index=5&Type=IR	reason=download_http_404	message=
2026-07-02 23:10:11	cid=712	cas=50-00-0	modality=ir	url=https://webbook.nist.gov/cgi/cbook.cgi?JCAMP=C1664999&Index=6&Type=IR	reason=download_http_404	message=
2026-07-02 23:10:12	cid=712	cas=50-00-0	modality=ir	url=https://webbook.nist.gov/cgi/cbook.cgi?JCAMP=C1664999&Index=7&Type=IR	reason=download_http_404	message=
2026-07-02 23:10:12	cid=712	cas=50-00-0	modality=ir	url=https://webbook.nist.gov/cgi/cbook.cgi?JCAMP=C1664999&Index=8&Type=IR	reason=download_http_404	message=
2026-07-02 23:10:17	cid=712	cas=50-00-0	modality=ir	url=https://webbook.nist.gov/cgi/cbook.cgi?JCAMP=C1664999&Index=9&Type=IR	reason=download_http_404	message=
2026-07-02 23:10:17	cid=712	cas=50-00-0	modality=	url=https://webbook.nist.gov/cgi/cbook.cgi?ID=50-00-0&Units=SI&Mask=480	reason=all_jcamp_downloads_failed	message=ir:download_http_404;ir:download_http_404;ir:download_http_404;ir:download_http_404;ir:download_http_404;ir:download_http_404;ir:download_http_404;ir:download_http_404;ir:download_http_404;ir:download_http_404
2026-07-02 23:10:25	cid=713	cas=75-12-7	modality=ir	url=https://webbook.nist.gov/cgi/cbook.cgi?JCAMP=C75127&Index=2&Type=IR	reason=download_http_404	message=
2026-07-02 23:10:25	cid=713	cas=75-12-7	modality=ir	url=https://webbook.nist.gov/cgi/cbook.cgi?JCAMP=C75127&Index=3&Type=IR	reason=download_http_404	message=
2026-07-02 23:10:26	cid=713	cas=75-12-7	modality=ir	url=https://webbook.nist.gov/cgi/cbook.cgi?JCAMP=C75127&Index=4&Type=IR	reason=download_http_404	message=
2026-07-02 23:10:26	cid=713	cas=75-12-7	modality=ir	url=https://webbook.nist.gov/cgi/cbook.cgi?JCAMP=C75127&Index=5&Type=IR	reason=download_http_404	message=
2026-07-02 23:10:31	cid=713	cas=75-12-7	modality=ir	url=https://webbook.nist.gov/cgi/cbook.cgi?JCAMP=C75127&Index=6&Type=IR	reason=download_http_404	message=
2026-07-02 23:10:31	cid=713	cas=75-12-7	modality=ir	url=https://webbook.nist.gov/cgi/cbook.cgi?JCAMP=C75127&Index=7&Type=IR	reason=download_http_404	message=
2026-07-02 23:10:31	cid=713	cas=75-12-7	modality=ir	url=https://webbook.nist.gov/cgi/cbook.cgi?JCAMP=C75127&Index=8&Type=IR	reason=download_http_404	message=
2026-07-02 23:10:32	cid=713	cas=75-12-7	modality=ir	url=https://webbook.nist.gov/cgi/cbook.cgi?JCAMP=C75127&Index=9&Type=IR	reason=download_http_404	message=
2026-07-02 23:10:33	cid=714	cas=	modality=	url=	reason=not_found	message=no_cas_in_synonyms
2026-07-02 23:10:33	cid=715	cas=	modality=	url=	reason=not_found	message=pubchem_synonyms_404
2026-07-02 23:10:35	cid=716	cas=	modality=	url=	reason=not_found	message=no_cas_in_synonyms
2026-07-02 23:10:37	cid=717	cas=	modality=	url=	reason=not_found	message=no_cas_in_synonyms
2026-07-02 23:10:39	cid=718	cas=34693-23-7	modality=	url=https://webbook.nist.gov/cgi/cbook.cgi?ID=34693-23-7&Units=SI&Mask=480	reason=nist_not_found	message=
2026-07-02 23:10:42	cid=719	cas=113181-03-6	modality=	url=https://webbook.nist.gov/cgi/cbook.cgi?ID=113181-03-6&Units=SI&Mask=480	reason=nist_not_found	message=
2026-07-02 23:10:44	cid=720	cas=	modality=	url=	reason=not_found	message=pubchem_synonyms_404
2026-07-02 23:10:45	cid=721	cas=	modality=	url=	reason=not_found	message=pubchem_synonyms_404
2026-07-02 23:10:46	cid=722	cas=	modality=	url=	reason=not_found	message=pubchem_synonyms_404
2026-07-02 23:11:49	cid=723	cas=6915-18-0	modality=	url=https://webbook.nist.gov/cgi/cbook.cgi?ID=6915-18-0&Units=SI&Mask=480	reason=nist_not_found	message=
2026-07-02 23:11:51	cid=724	cas=820-11-1	modality=	url=https://webbook.nist.gov/cgi/cbook.cgi?ID=820-11-1&Units=SI&Mask=480	reason=nist_not_found	message=
2026-07-02 23:11:54	cid=725	cas=407-64-7	modality=	url=https://webbook.nist.gov/cgi/cbook.cgi?ID=407-64-7&Units=SI&Mask=480	reason=nist_not_found	message=
2026-07-02 23:11:56	cid=727	cas=27154-44-5	modality=	url=https://webbook.nist.gov/cgi/cbook.cgi?ID=27154-44-5&Units=SI&Mask=480	reason=no_jcamp_links	message=
2026-07-02 23:11:58	cid=728	cas=1890-40-0	modality=	url=https://webbook.nist.gov/cgi/cbook.cgi?ID=1890-40-0&Units=SI&Mask=480	reason=nist_not_found	message=
2026-07-02 23:12:00	cid=729	cas=591-59-3	modality=	url=https://webbook.nist.gov/cgi/cbook.cgi?ID=591-59-3&Units=SI&Mask=480	reason=nist_not_found	message=
2026-07-02 23:12:02	cid=734	cas=13100-81-7	modality=	url=https://webbook.nist.gov/cgi/cbook.cgi?ID=13100-81-7&Units=SI&Mask=480	reason=nist_not_found	message=
2026-07-02 23:12:03	cid=735	cas=	modality=	url=	reason=not_found	message=no_cas_in_synonyms
2026-07-02 23:12:04	cid=736	cas=54910-68-8	modality=	url=https://webbook.nist.gov/cgi/cbook.cgi?ID=54910-68-8&Units=SI&Mask=480	reason=nist_not_found	message=
2026-07-02 23:12:05	cid=737	cas=	modality=	url=	reason=not_found	message=no_cas_in_synonyms
2026-07-02 23:12:07	cid=738	cas=6899-04-3	modality=	url=https://webbook.nist.gov/cgi/cbook.cgi?ID=6899-04-3&Units=SI&Mask=480	reason=nist_not_found	message=
2026-07-02 23:12:11	cid=739	cas=686298-83-9	modality=	url=https://webbook.nist.gov/cgi/cbook.cgi?ID=686298-83-9&Units=SI&Mask=480	reason=nist_not_found	message=
2026-07-02 23:12:14	cid=740	cas=41588-64-1	modality=	url=https://webbook.nist.gov/cgi/cbook.cgi?ID=41588-64-1&Units=SI&Mask=480	reason=nist_not_found	message=
2026-07-02 23:12:16	cid=742	cas=	modality=	url=	reason=not_found	message=no_cas_in_synonyms
2026-07-02 23:12:27	cid=743	cas=110-94-1	modality=ir	url=https://webbook.nist.gov/cgi/cbook.cgi?JCAMP=C110941&Index=2&Type=IR	reason=download_http_404	message=
2026-07-02 23:12:27	cid=743	cas=110-94-1	modality=ir	url=https://webbook.nist.gov/cgi/cbook.cgi?JCAMP=C110941&Index=3&Type=IR	reason=download_http_404	message=
2026-07-02 23:12:27	cid=743	cas=110-94-1	modality=ir	url=https://webbook.nist.gov/cgi/cbook.cgi?JCAMP=C110941&Index=4&Type=IR	reason=download_http_404	message=
2026-07-02 23:12:27	cid=743	cas=110-94-1	modality=ir	url=https://webbook.nist.gov/cgi/cbook.cgi?JCAMP=C110941&Index=5&Type=IR	reason=download_http_404	message=
2026-07-02 23:12:28	cid=743	cas=110-94-1	modality=ir	url=https://webbook.nist.gov/cgi/cbook.cgi?JCAMP=C110941&Index=6&Type=IR	reason=download_http_404	message=
2026-07-02 23:12:39	cid=743	cas=110-94-1	modality=ir	url=https://webbook.nist.gov/cgi/cbook.cgi?JCAMP=C110941&Index=7&Type=IR	reason=download_http_404	message=
2026-07-02 23:12:39	cid=743	cas=110-94-1	modality=ir	url=https://webbook.nist.gov/cgi/cbook.cgi?JCAMP=C110941&Index=8&Type=IR	reason=download_http_404	message=
2026-07-02 23:12:40	cid=743	cas=110-94-1	modality=ir	url=https://webbook.nist.gov/cgi/cbook.cgi?JCAMP=C110941&Index=9&Type=IR	reason=download_http_404	message=
2026-07-02 23:12:41	cid=745	cas=76946-74-2	modality=	url=https://webbook.nist.gov/cgi/cbook.cgi?ID=76946-74-2&Units=SI&Mask=480	reason=nist_not_found	message=
2026-07-02 23:12:42	cid=746	cas=	modality=	url=	reason=not_found	message=no_cas_in_synonyms
2026-07-02 23:12:43	cid=747	cas=	modality=	url=	reason=not_found	message=pubchem_synonyms_404
2026-07-02 23:12:45	cid=748	cas=	modality=	url=	reason=not_found	message=no_cas_in_synonyms
2026-07-02 23:12:46	cid=749	cas=	modality=	url=	reason=not_found	message=no_cas_in_synonyms
2026-07-02 23:12:50	cid=750	cas=56-40-6	modality=ir	url=https://webbook.nist.gov/cgi/cbook.cgi?JCAMP=C837325072&Index=0&Type=IR	reason=download_http_404	message=
2026-07-02 23:12:50	cid=750	cas=56-40-6	modality=ir	url=https://webbook.nist.gov/cgi/cbook.cgi?JCAMP=C837325072&Index=1&Type=IR	reason=download_http_404	message=
2026-07-02 23:12:50	cid=750	cas=56-40-6	modality=ir	url=https://webbook.nist.gov/cgi/cbook.cgi?JCAMP=C837325072&Index=2&Type=IR	reason=download_http_404	message=
2026-07-02 23:12:51	cid=750	cas=56-40-6	modality=ir	url=https://webbook.nist.gov/cgi/cbook.cgi?JCAMP=C837325072&Index=3&Type=IR	reason=download_http_404	message=
2026-07-02 23:13:01	cid=750	cas=56-40-6	modality=ir	url=https://webbook.nist.gov/cgi/cbook.cgi?JCAMP=C837325072&Index=4&Type=IR	reason=download_http_404	message=
2026-07-02 23:13:02	cid=750	cas=56-40-6	modality=ir	url=https://webbook.nist.gov/cgi/cbook.cgi?JCAMP=C837325072&Index=5&Type=IR	reason=download_http_404	message=
2026-07-02 23:13:03	cid=750	cas=56-40-6	modality=ir	url=https://webbook.nist.gov/cgi/cbook.cgi?JCAMP=C837325072&Index=6&Type=IR	reason=download_http_404	message=
2026-07-02 23:13:04	cid=750	cas=56-40-6	modality=ir	url=https://webbook.nist.gov/cgi/cbook.cgi?JCAMP=C837325072&Index=7&Type=IR	reason=download_http_404	message=
2026-07-02 23:13:04	cid=750	cas=56-40-6	modality=ir	url=https://webbook.nist.gov/cgi/cbook.cgi?JCAMP=C837325072&Index=8&Type=IR	reason=download_http_404	message=
2026-07-02 23:13:14	cid=750	cas=56-40-6	modality=ir	url=https://webbook.nist.gov/cgi/cbook.cgi?JCAMP=C837325072&Index=9&Type=IR	reason=download_http_404	message=
2026-07-02 23:13:15	cid=750	cas=56-40-6	modality=uvvis	url=https://webbook.nist.gov/cgi/cbook.cgi?JCAMP=C837325072&Index=0&Type=UVVis	reason=download_http_404	message=
2026-07-02 23:13:16	cid=750	cas=56-40-6	modality=uvvis	url=https://webbook.nist.gov/cgi/cbook.cgi?JCAMP=C837325072&Index=1&Type=UVVis	reason=download_http_404	message=
2026-07-02 23:13:16	cid=750	cas=56-40-6	modality=uvvis	url=https://webbook.nist.gov/cgi/cbook.cgi?JCAMP=C837325072&Index=2&Type=UVVis	reason=download_http_404	message=
2026-07-02 23:13:17	cid=750	cas=56-40-6	modality=uvvis	url=https://webbook.nist.gov/cgi/cbook.cgi?JCAMP=C837325072&Index=3&Type=UVVis	reason=download_http_404	message=
2026-07-02 23:13:21	cid=750	cas=56-40-6	modality=uvvis	url=https://webbook.nist.gov/cgi/cbook.cgi?JCAMP=C837325072&Index=4&Type=UVVis	reason=download_http_404	message=
2026-07-02 23:13:21	cid=750	cas=56-40-6	modality=uvvis	url=https://webbook.nist.gov/cgi/cbook.cgi?JCAMP=C837325072&Index=5&Type=UVVis	reason=download_http_404	message=
2026-07-02 23:13:22	cid=750	cas=56-40-6	modality=uvvis	url=https://webbook.nist.gov/cgi/cbook.cgi?JCAMP=C837325072&Index=6&Type=UVVis	reason=download_http_404	message=
2026-07-02 23:13:26	cid=750	cas=56-40-6	modality=uvvis	url=https://webbook.nist.gov/cgi/cbook.cgi?JCAMP=C837325072&Index=7&Type=UVVis	reason=download_http_404	message=
2026-07-02 23:13:26	cid=750	cas=56-40-6	modality=uvvis	url=https://webbook.nist.gov/cgi/cbook.cgi?JCAMP=C837325072&Index=8&Type=UVVis	reason=download_http_404	message=
2026-07-02 23:13:27	cid=750	cas=56-40-6	modality=uvvis	url=https://webbook.nist.gov/cgi/cbook.cgi?JCAMP=C837325072&Index=9&Type=UVVis	reason=download_http_404	message=
2026-07-02 23:13:29	cid=751	cas=367-47-5	modality=	url=https://webbook.nist.gov/cgi/cbook.cgi?ID=367-47-5&Units=SI&Mask=480	reason=no_jcamp_links	message=
2026-07-02 23:13:31	cid=752	cas=473-81-4	modality=	url=https://webbook.nist.gov/cgi/cbook.cgi?ID=473-81-4&Units=SI&Mask=480	reason=nist_not_found	message=
2026-07-02 23:13:40	cid=753	cas=56-81-5	modality=ir	url=https://webbook.nist.gov/cgi/cbook.cgi?JCAMP=C56815&Index=2&Type=IR	reason=download_http_404	message=
2026-07-02 23:13:41	cid=753	cas=56-81-5	modality=ir	url=https://webbook.nist.gov/cgi/cbook.cgi?JCAMP=C56815&Index=3&Type=IR	reason=download_http_404	message=
2026-07-02 23:13:41	cid=753	cas=56-81-5	modality=ir	url=https://webbook.nist.gov/cgi/cbook.cgi?JCAMP=C56815&Index=4&Type=IR	reason=download_http_404	message=
2026-07-02 23:13:41	cid=753	cas=56-81-5	modality=ir	url=https://webbook.nist.gov/cgi/cbook.cgi?JCAMP=C56815&Index=5&Type=IR	reason=download_http_404	message=
2026-07-02 23:13:42	cid=753	cas=56-81-5	modality=ir	url=https://webbook.nist.gov/cgi/cbook.cgi?JCAMP=C56815&Index=6&Type=IR	reason=download_http_404	message=
2026-07-02 23:13:47	cid=753	cas=56-81-5	modality=ir	url=https://webbook.nist.gov/cgi/cbook.cgi?JCAMP=C56815&Index=7&Type=IR	reason=download_http_404	message=
2026-07-02 23:13:48	cid=753	cas=56-81-5	modality=ir	url=https://webbook.nist.gov/cgi/cbook.cgi?JCAMP=C56815&Index=8&Type=IR	reason=download_http_404	message=
2026-07-02 23:13:48	cid=753	cas=56-81-5	modality=ir	url=https://webbook.nist.gov/cgi/cbook.cgi?JCAMP=C56815&Index=9&Type=IR	reason=download_http_404	message=
2026-07-02 23:13:50	cid=754	cas=57-03-4	modality=	url=https://webbook.nist.gov/cgi/cbook.cgi?ID=57-03-4&Units=SI&Mask=480	reason=nist_not_found	message=
2026-07-02 23:13:52	cid=755	cas=	modality=	url=	reason=not_found	message=no_cas_in_synonyms
2026-07-02 23:13:54	cid=756	cas=141-46-8	modality=	url=https://webbook.nist.gov/cgi/cbook.cgi?ID=141-46-8&Units=SI&Mask=480	reason=no_jcamp_links	message=
2026-07-02 23:14:00	cid=757	cas=79-14-1	modality=ir	url=https://webbook.nist.gov/cgi/cbook.cgi?JCAMP=C79141&Index=1&Type=IR	reason=download_http_404	message=
2026-07-02 23:14:00	cid=757	cas=79-14-1	modality=ir	url=https://webbook.nist.gov/cgi/cbook.cgi?JCAMP=C79141&Index=2&Type=IR	reason=download_http_404	message=
2026-07-02 23:14:00	cid=757	cas=79-14-1	modality=ir	url=https://webbook.nist.gov/cgi/cbook.cgi?JCAMP=C79141&Index=3&Type=IR	reason=download_http_404	message=
2026-07-02 23:14:01	cid=757	cas=79-14-1	modality=ir	url=https://webbook.nist.gov/cgi/cbook.cgi?JCAMP=C79141&Index=4&Type=IR	reason=download_http_404	message=
2026-07-02 23:14:05	cid=757	cas=79-14-1	modality=ir	url=https://webbook.nist.gov/cgi/cbook.cgi?JCAMP=C79141&Index=5&Type=IR	reason=download_http_404	message=
2026-07-02 23:14:05	cid=757	cas=79-14-1	modality=ir	url=https://webbook.nist.gov/cgi/cbook.cgi?JCAMP=C79141&Index=6&Type=IR	reason=download_http_404	message=
2026-07-02 23:14:06	cid=757	cas=79-14-1	modality=ir	url=https://webbook.nist.gov/cgi/cbook.cgi?JCAMP=C79141&Index=7&Type=IR	reason=download_http_404	message=
2026-07-02 23:14:16	cid=757	cas=79-14-1	modality=ir	url=https://webbook.nist.gov/cgi/cbook.cgi?JCAMP=C79141&Index=8&Type=IR	reason=download_http_404	message=
2026-07-02 23:14:16	cid=757	cas=79-14-1	modality=ir	url=https://webbook.nist.gov/cgi/cbook.cgi?JCAMP=C79141&Index=9&Type=IR	reason=download_http_404	message=
2026-07-02 23:14:18	cid=760	cas=298-12-4	modality=	url=https://webbook.nist.gov/cgi/cbook.cgi?ID=298-12-4&Units=SI&Mask=480	reason=no_jcamp_links	message=
2026-07-02 23:14:21	cid=763	cas=352-97-6	modality=	url=https://webbook.nist.gov/cgi/cbook.cgi?ID=352-97-6&Units=SI&Mask=480	reason=nist_not_found	message=
2026-07-02 23:14:22	cid=765	cas=	modality=	url=	reason=not_found	message=no_cas_in_synonyms
2026-07-02 23:14:25	cid=767	cas=463-79-6	modality=	url=https://webbook.nist.gov/cgi/cbook.cgi?ID=463-79-6&Units=SI&Mask=480	reason=nist_not_found	message=
2026-07-02 23:14:29	cid=768	cas=74-90-8	modality=ir	url=https://webbook.nist.gov/cgi/cbook.cgi?JCAMP=C74908&Index=1&Type=IR	reason=download_http_404	message=
2026-07-02 23:14:30	cid=768	cas=74-90-8	modality=ir	url=https://webbook.nist.gov/cgi/cbook.cgi?JCAMP=C74908&Index=2&Type=IR	reason=download_http_404	message=
2026-07-02 23:14:30	cid=768	cas=74-90-8	modality=ir	url=https://webbook.nist.gov/cgi/cbook.cgi?JCAMP=C74908&Index=3&Type=IR	reason=download_http_404	message=
2026-07-02 23:14:31	cid=768	cas=74-90-8	modality=ir	url=https://webbook.nist.gov/cgi/cbook.cgi?JCAMP=C74908&Index=4&Type=IR	reason=download_http_404	message=
2026-07-02 23:14:35	cid=768	cas=74-90-8	modality=ir	url=https://webbook.nist.gov/cgi/cbook.cgi?JCAMP=C74908&Index=5&Type=IR	reason=download_http_404	message=
2026-07-02 23:14:35	cid=768	cas=74-90-8	modality=ir	url=https://webbook.nist.gov/cgi/cbook.cgi?JCAMP=C74908&Index=6&Type=IR	reason=download_http_404	message=
2026-07-02 23:14:36	cid=768	cas=74-90-8	modality=ir	url=https://webbook.nist.gov/cgi/cbook.cgi?JCAMP=C74908&Index=7&Type=IR	reason=download_http_404	message=
2026-07-02 23:14:40	cid=768	cas=74-90-8	modality=ir	url=https://webbook.nist.gov/cgi/cbook.cgi?JCAMP=C74908&Index=8&Type=IR	reason=download_http_404	message=
2026-07-02 23:14:41	cid=768	cas=74-90-8	modality=ir	url=https://webbook.nist.gov/cgi/cbook.cgi?JCAMP=C74908&Index=9&Type=IR	reason=download_http_404	message=
2026-07-02 23:14:43	cid=769	cas=71-52-3	modality=	url=https://webbook.nist.gov/cgi/cbook.cgi?ID=71-52-3&Units=SI&Mask=480	reason=nist_not_found	message=
2026-07-02 23:14:44	cid=771	cas=	modality=	url=	reason=not_found	message=pubchem_synonyms_404
2026-07-02 23:14:46	cid=773	cas=4998-57-6	modality=	url=https://webbook.nist.gov/cgi/cbook.cgi?ID=4998-57-6&Units=SI&Mask=480	reason=nist_not_found	message=
2026-07-02 23:14:54	cid=774	cas=51-45-6	modality=ir	url=https://webbook.nist.gov/cgi/cbook.cgi?JCAMP=C51456&Index=1&Type=IR	reason=download_http_404	message=
2026-07-02 23:14:54	cid=774	cas=51-45-6	modality=ir	url=https://webbook.nist.gov/cgi/cbook.cgi?JCAMP=C51456&Index=2&Type=IR	reason=download_http_404	message=
2026-07-02 23:14:54	cid=774	cas=51-45-6	modality=ir	url=https://webbook.nist.gov/cgi/cbook.cgi?JCAMP=C51456&Index=3&Type=IR	reason=download_http_404	message=
2026-07-02 23:14:55	cid=774	cas=51-45-6	modality=ir	url=https://webbook.nist.gov/cgi/cbook.cgi?JCAMP=C51456&Index=4&Type=IR	reason=download_http_404	message=
2026-07-02 23:15:06	cid=774	cas=51-45-6	modality=ir	url=https://webbook.nist.gov/cgi/cbook.cgi?JCAMP=C51456&Index=5&Type=IR	reason=download_http_404	message=
2026-07-02 23:15:06	cid=774	cas=51-45-6	modality=ir	url=https://webbook.nist.gov/cgi/cbook.cgi?JCAMP=C51456&Index=6&Type=IR	reason=download_http_404	message=
2026-07-02 23:15:07	cid=774	cas=51-45-6	modality=ir	url=https://webbook.nist.gov/cgi/cbook.cgi?JCAMP=C51456&Index=7&Type=IR	reason=download_http_404	message=
2026-07-02 23:15:07	cid=774	cas=51-45-6	modality=ir	url=https://webbook.nist.gov/cgi/cbook.cgi?JCAMP=C51456&Index=8&Type=IR	reason=download_http_404	message=
2026-07-02 23:15:07	cid=774	cas=51-45-6	modality=ir	url=https://webbook.nist.gov/cgi/cbook.cgi?JCAMP=C51456&Index=9&Type=IR	reason=download_http_404	message=
2026-07-02 23:15:09	cid=775	cas=	modality=	url=	reason=not_found	message=no_cas_in_synonyms
2026-07-02 23:15:12	cid=776	cas=501-28-0	modality=	url=https://webbook.nist.gov/cgi/cbook.cgi?ID=501-28-0&Units=SI&Mask=480	reason=nist_not_found	message=
2026-07-02 23:15:15	cid=777	cas=73-67-6	modality=	url=https://webbook.nist.gov/cgi/cbook.cgi?ID=73-67-6&Units=SI&Mask=480	reason=nist_not_found	message=
2026-07-02 23:15:17	cid=778	cas=454-29-5	modality=	url=https://webbook.nist.gov/cgi/cbook.cgi?ID=454-29-5&Units=SI&Mask=480	reason=nist_not_found	message=
2026-07-02 23:15:19	cid=779	cas=1927-25-9	modality=	url=https://webbook.nist.gov/cgi/cbook.cgi?ID=1927-25-9&Units=SI&Mask=480	reason=no_jcamp_links	message=
2026-07-02 23:15:21	cid=780	cas=451-13-8	modality=	url=https://webbook.nist.gov/cgi/cbook.cgi?ID=451-13-8&Units=SI&Mask=480	reason=nist_not_found	message=
2026-07-02 23:15:24	cid=781	cas=463-56-9	modality=	url=https://webbook.nist.gov/cgi/cbook.cgi?ID=463-56-9&Units=SI&Mask=480	reason=no_jcamp_links	message=
2026-07-02 23:15:25	cid=782	cas=5624-26-0	modality=	url=https://webbook.nist.gov/cgi/cbook.cgi?ID=5624-26-0&Units=SI&Mask=480	reason=nist_not_found	message=
2026-07-02 23:15:36	cid=785	cas=123-31-9	modality=ir	url=https://webbook.nist.gov/cgi/cbook.cgi?JCAMP=C123319&Index=3&Type=IR	reason=download_http_404	message=
2026-07-02 23:15:37	cid=785	cas=123-31-9	modality=ir	url=https://webbook.nist.gov/cgi/cbook.cgi?JCAMP=C123319&Index=4&Type=IR	reason=download_http_404	message=
2026-07-02 23:15:38	cid=785	cas=123-31-9	modality=ir	url=https://webbook.nist.gov/cgi/cbook.cgi?JCAMP=C123319&Index=5&Type=IR	reason=download_http_404	message=
2026-07-02 23:15:38	cid=785	cas=123-31-9	modality=ir	url=https://webbook.nist.gov/cgi/cbook.cgi?JCAMP=C123319&Index=6&Type=IR	reason=download_http_404	message=
2026-07-02 23:15:38	cid=785	cas=123-31-9	modality=ir	url=https://webbook.nist.gov/cgi/cbook.cgi?JCAMP=C123319&Index=7&Type=IR	reason=download_http_404	message=
2026-07-02 23:15:49	cid=785	cas=123-31-9	modality=ir	url=https://webbook.nist.gov/cgi/cbook.cgi?JCAMP=C123319&Index=8&Type=IR	reason=download_http_404	message=
2026-07-02 23:15:49	cid=785	cas=123-31-9	modality=ir	url=https://webbook.nist.gov/cgi/cbook.cgi?JCAMP=C123319&Index=9&Type=IR	reason=download_http_404	message=
2026-07-02 23:15:49	cid=785	cas=123-31-9	modality=uvvis	url=https://webbook.nist.gov/cgi/cbook.cgi?JCAMP=C123319&Index=1&Type=UVVis	reason=download_http_404	message=
2026-07-02 23:15:50	cid=785	cas=123-31-9	modality=uvvis	url=https://webbook.nist.gov/cgi/cbook.cgi?JCAMP=C123319&Index=2&Type=UVVis	reason=download_http_404	message=
2026-07-02 23:15:52	cid=785	cas=123-31-9	modality=uvvis	url=https://webbook.nist.gov/cgi/cbook.cgi?JCAMP=C123319&Index=3&Type=UVVis	reason=download_http_404	message=
2026-07-02 23:17:18	cid=785	cas=123-31-9	modality=uvvis	url=https://webbook.nist.gov/cgi/cbook.cgi?JCAMP=C123319&Index=4&Type=UVVis	reason=download_http_404	message=
2026-07-02 23:17:19	cid=785	cas=123-31-9	modality=uvvis	url=https://webbook.nist.gov/cgi/cbook.cgi?JCAMP=C123319&Index=5&Type=UVVis	reason=download_http_404	message=
2026-07-02 23:17:19	cid=785	cas=123-31-9	modality=uvvis	url=https://webbook.nist.gov/cgi/cbook.cgi?JCAMP=C123319&Index=6&Type=UVVis	reason=download_http_404	message=
2026-07-02 23:17:19	cid=785	cas=123-31-9	modality=uvvis	url=https://webbook.nist.gov/cgi/cbook.cgi?JCAMP=C123319&Index=7&Type=UVVis	reason=download_http_404	message=
2026-07-02 23:17:20	cid=785	cas=123-31-9	modality=uvvis	url=https://webbook.nist.gov/cgi/cbook.cgi?JCAMP=C123319&Index=8&Type=UVVis	reason=download_http_404	message=
2026-07-02 23:17:31	cid=785	cas=123-31-9	modality=uvvis	url=https://webbook.nist.gov/cgi/cbook.cgi?JCAMP=C123319&Index=9&Type=UVVis	reason=download_http_404	message=
2026-07-02 23:17:33	cid=786	cas=773050-78-5	modality=	url=https://webbook.nist.gov/cgi/cbook.cgi?ID=773050-78-5&Units=SI&Mask=480	reason=nist_not_found	message=
2026-07-02 23:17:33	cid=790	cas=	modality=	url=	reason=not_found	message=pubchem_synonyms_404
2026-07-02 23:17:37	cid=791	cas=443-79-8	modality=ir	url=https://webbook.nist.gov/cgi/cbook.cgi?JCAMP=C3107048&Index=0&Type=IR	reason=download_http_404	message=
2026-07-02 23:17:37	cid=791	cas=443-79-8	modality=ir	url=https://webbook.nist.gov/cgi/cbook.cgi?JCAMP=C3107048&Index=1&Type=IR	reason=download_http_404	message=
2026-07-02 23:17:38	cid=791	cas=443-79-8	modality=ir	url=https://webbook.nist.gov/cgi/cbook.cgi?JCAMP=C3107048&Index=2&Type=IR	reason=download_http_404	message=
2026-07-02 23:17:38	cid=791	cas=443-79-8	modality=ir	url=https://webbook.nist.gov/cgi/cbook.cgi?JCAMP=C3107048&Index=3&Type=IR	reason=download_http_404	message=
2026-07-02 23:17:49	cid=791	cas=443-79-8	modality=ir	url=https://webbook.nist.gov/cgi/cbook.cgi?JCAMP=C3107048&Index=4&Type=IR	reason=download_http_404	message=
2026-07-02 23:17:49	cid=791	cas=443-79-8	modality=ir	url=https://webbook.nist.gov/cgi/cbook.cgi?JCAMP=C3107048&Index=5&Type=IR	reason=download_http_404	message=
2026-07-02 23:17:49	cid=791	cas=443-79-8	modality=ir	url=https://webbook.nist.gov/cgi/cbook.cgi?JCAMP=C3107048&Index=6&Type=IR	reason=download_http_404	message=
2026-07-02 23:17:50	cid=791	cas=443-79-8	modality=ir	url=https://webbook.nist.gov/cgi/cbook.cgi?JCAMP=C3107048&Index=7&Type=IR	reason=download_http_404	message=
2026-07-02 23:17:50	cid=791	cas=443-79-8	modality=ir	url=https://webbook.nist.gov/cgi/cbook.cgi?JCAMP=C3107048&Index=8&Type=IR	reason=download_http_404	message=
2026-07-02 23:18:01	cid=791	cas=443-79-8	modality=ir	url=https://webbook.nist.gov/cgi/cbook.cgi?JCAMP=C3107048&Index=9&Type=IR	reason=download_http_404	message=
2026-07-02 23:18:03	cid=792	cas=99979-59-6	modality=	url=https://webbook.nist.gov/cgi/cbook.cgi?ID=99979-59-6&Units=SI&Mask=480	reason=nist_not_found	message=
2026-07-02 23:18:04	cid=793	cas=	modality=	url=	reason=not_found	message=no_cas_in_synonyms
2026-07-02 23:18:06	cid=794	cas=2504-83-8	modality=	url=https://webbook.nist.gov/cgi/cbook.cgi?ID=2504-83-8&Units=SI&Mask=480	reason=nist_not_found	message=
2026-07-02 23:18:11	cid=795	cas=288-32-4	modality=ir	url=https://webbook.nist.gov/cgi/cbook.cgi?JCAMP=C288324&Index=1&Type=IR	reason=download_http_404	message=
2026-07-02 23:18:12	cid=795	cas=288-32-4	modality=ir	url=https://webbook.nist.gov/cgi/cbook.cgi?JCAMP=C288324&Index=2&Type=IR	reason=download_http_404	message=
2026-07-02 23:18:12	cid=795	cas=288-32-4	modality=ir	url=https://webbook.nist.gov/cgi/cbook.cgi?JCAMP=C288324&Index=3&Type=IR	reason=download_http_404	message=
2026-07-02 23:18:18	cid=795	cas=288-32-4	modality=ir	url=https://webbook.nist.gov/cgi/cbook.cgi?JCAMP=C288324&Index=4&Type=IR	reason=download_http_404	message=
2026-07-02 23:18:18	cid=795	cas=288-32-4	modality=ir	url=https://webbook.nist.gov/cgi/cbook.cgi?JCAMP=C288324&Index=5&Type=IR	reason=download_http_404	message=
2026-07-02 23:18:19	cid=795	cas=288-32-4	modality=ir	url=https://webbook.nist.gov/cgi/cbook.cgi?JCAMP=C288324&Index=6&Type=IR	reason=download_http_404	message=
2026-07-02 23:18:19	cid=795	cas=288-32-4	modality=ir	url=https://webbook.nist.gov/cgi/cbook.cgi?JCAMP=C288324&Index=7&Type=IR	reason=download_http_404	message=
2026-07-02 23:18:19	cid=795	cas=288-32-4	modality=ir	url=https://webbook.nist.gov/cgi/cbook.cgi?JCAMP=C288324&Index=8&Type=IR	reason=download_http_404	message=
2026-07-02 23:18:30	cid=795	cas=288-32-4	modality=ir	url=https://webbook.nist.gov/cgi/cbook.cgi?JCAMP=C288324&Index=9&Type=IR	reason=download_http_404	message=
2026-07-02 23:18:30	cid=795	cas=288-32-4	modality=uvvis	url=https://webbook.nist.gov/cgi/cbook.cgi?JCAMP=C288324&Index=1&Type=UVVis	reason=download_http_404	message=
2026-07-02 23:18:31	cid=795	cas=288-32-4	modality=uvvis	url=https://webbook.nist.gov/cgi/cbook.cgi?JCAMP=C288324&Index=2&Type=UVVis	reason=download_http_404	message=
2026-07-02 23:18:32	cid=795	cas=288-32-4	modality=uvvis	url=https://webbook.nist.gov/cgi/cbook.cgi?JCAMP=C288324&Index=3&Type=UVVis	reason=download_http_404	message=
2026-07-02 23:18:32	cid=795	cas=288-32-4	modality=uvvis	url=https://webbook.nist.gov/cgi/cbook.cgi?JCAMP=C288324&Index=4&Type=UVVis	reason=download_http_404	message=
2026-07-02 23:18:37	cid=795	cas=288-32-4	modality=uvvis	url=https://webbook.nist.gov/cgi/cbook.cgi?JCAMP=C288324&Index=5&Type=UVVis	reason=download_http_404	message=
2026-07-02 23:18:38	cid=795	cas=288-32-4	modality=uvvis	url=https://webbook.nist.gov/cgi/cbook.cgi?JCAMP=C288324&Index=6&Type=UVVis	reason=download_http_404	message=
2026-07-02 23:18:38	cid=795	cas=288-32-4	modality=uvvis	url=https://webbook.nist.gov/cgi/cbook.cgi?JCAMP=C288324&Index=7&Type=UVVis	reason=download_http_404	message=
2026-07-02 23:18:39	cid=795	cas=288-32-4	modality=uvvis	url=https://webbook.nist.gov/cgi/cbook.cgi?JCAMP=C288324&Index=8&Type=UVVis	reason=download_http_404	message=
2026-07-02 23:18:40	cid=795	cas=288-32-4	modality=uvvis	url=https://webbook.nist.gov/cgi/cbook.cgi?JCAMP=C288324&Index=9&Type=UVVis	reason=download_http_404	message=
2026-07-02 23:18:42	cid=796	cas=79067-61-1	modality=	url=https://webbook.nist.gov/cgi/cbook.cgi?ID=79067-61-1&Units=SI&Mask=480	reason=nist_not_found	message=
2026-07-02 23:18:45	cid=798	cas=120-72-9	modality=ir	url=https://webbook.nist.gov/cgi/cbook.cgi?JCAMP=C120729&Index=1&Type=IR	reason=download_http_404	message=
2026-07-02 23:18:46	cid=798	cas=120-72-9	modality=ir	url=https://webbook.nist.gov/cgi/cbook.cgi?JCAMP=C120729&Index=2&Type=IR	reason=download_http_404	message=
2026-07-02 23:18:47	cid=798	cas=120-72-9	modality=ir	url=https://webbook.nist.gov/cgi/cbook.cgi?JCAMP=C120729&Index=3&Type=IR	reason=download_http_404	message=
2026-07-02 23:18:51	cid=798	cas=120-72-9	modality=ir	url=https://webbook.nist.gov/cgi/cbook.cgi?JCAMP=C120729&Index=4&Type=IR	reason=download_http_404	message=
2026-07-02 23:18:51	cid=798	cas=120-72-9	modality=ir	url=https://webbook.nist.gov/cgi/cbook.cgi?JCAMP=C120729&Index=5&Type=IR	reason=download_http_404	message=
2026-07-02 23:18:55	cid=798	cas=120-72-9	modality=ir	url=https://webbook.nist.gov/cgi/cbook.cgi?JCAMP=C120729&Index=6&Type=IR	reason=download_http_404	message=
2026-07-02 23:19:00	cid=798	cas=120-72-9	modality=ir	url=https://webbook.nist.gov/cgi/cbook.cgi?JCAMP=C120729&Index=7&Type=IR	reason=download_http_404	message=
2026-07-02 23:19:00	cid=798	cas=120-72-9	modality=ir	url=https://webbook.nist.gov/cgi/cbook.cgi?JCAMP=C120729&Index=8&Type=IR	reason=download_http_404	message=
2026-07-02 23:19:01	cid=798	cas=120-72-9	modality=ir	url=https://webbook.nist.gov/cgi/cbook.cgi?JCAMP=C120729&Index=9&Type=IR	reason=download_http_404	message=
2026-07-02 23:19:02	cid=798	cas=120-72-9	modality=uvvis	url=https://webbook.nist.gov/cgi/cbook.cgi?JCAMP=C120729&Index=1&Type=UVVis	reason=download_http_404	message=
2026-07-02 23:19:02	cid=798	cas=120-72-9	modality=uvvis	url=https://webbook.nist.gov/cgi/cbook.cgi?JCAMP=C120729&Index=2&Type=UVVis	reason=download_http_404	message=
2026-07-02 23:19:07	cid=798	cas=120-72-9	modality=uvvis	url=https://webbook.nist.gov/cgi/cbook.cgi?JCAMP=C120729&Index=3&Type=UVVis	reason=download_http_404	message=
2026-07-02 23:19:09	cid=798	cas=120-72-9	modality=uvvis	url=https://webbook.nist.gov/cgi/cbook.cgi?JCAMP=C120729&Index=4&Type=UVVis	reason=download_http_404	message=
2026-07-02 23:19:09	cid=798	cas=120-72-9	modality=uvvis	url=https://webbook.nist.gov/cgi/cbook.cgi?JCAMP=C120729&Index=5&Type=UVVis	reason=download_http_404	message=
2026-07-02 23:19:10	cid=798	cas=120-72-9	modality=uvvis	url=https://webbook.nist.gov/cgi/cbook.cgi?JCAMP=C120729&Index=6&Type=UVVis	reason=download_http_404	message=
2026-07-02 23:19:11	cid=798	cas=120-72-9	modality=uvvis	url=https://webbook.nist.gov/cgi/cbook.cgi?JCAMP=C120729&Index=7&Type=UVVis	reason=download_http_404	message=
2026-07-02 23:19:15	cid=798	cas=120-72-9	modality=uvvis	url=https://webbook.nist.gov/cgi/cbook.cgi?JCAMP=C120729&Index=8&Type=UVVis	reason=download_http_404	message=
2026-07-02 23:19:15	cid=798	cas=120-72-9	modality=uvvis	url=https://webbook.nist.gov/cgi/cbook.cgi?JCAMP=C120729&Index=9&Type=UVVis	reason=download_http_404	message=
2026-07-02 23:19:16	cid=799	cas=	modality=	url=	reason=not_found	message=no_cas_in_synonyms
2026-07-02 23:19:18	cid=800	cas=2591-98-2	modality=	url=https://webbook.nist.gov/cgi/cbook.cgi?ID=2591-98-2&Units=SI&Mask=480	reason=no_jcamp_links	message=
2026-07-02 23:19:20	cid=801	cas=93672-51-6	modality=	url=https://webbook.nist.gov/cgi/cbook.cgi?ID=93672-51-6&Units=SI&Mask=480	reason=nist_not_found	message=
2026-07-02 23:19:38	cid=802	cas=87-51-4	modality=ir	url=https://webbook.nist.gov/cgi/cbook.cgi?JCAMP=C87514&Index=2&Type=IR	reason=download_http_404	message=
2026-07-02 23:19:39	cid=802	cas=87-51-4	modality=ir	url=https://webbook.nist.gov/cgi/cbook.cgi?JCAMP=C87514&Index=3&Type=IR	reason=download_http_404	message=
2026-07-02 23:19:39	cid=802	cas=87-51-4	modality=ir	url=https://webbook.nist.gov/cgi/cbook.cgi?JCAMP=C87514&Index=4&Type=IR	reason=download_http_404	message=
2026-07-02 23:19:44	cid=802	cas=87-51-4	modality=ir	url=https://webbook.nist.gov/cgi/cbook.cgi?JCAMP=C87514&Index=5&Type=IR	reason=download_http_404	message=
2026-07-02 23:19:44	cid=802	cas=87-51-4	modality=ir	url=https://webbook.nist.gov/cgi/cbook.cgi?JCAMP=C87514&Index=6&Type=IR	reason=download_http_404	message=
2026-07-02 23:19:44	cid=802	cas=87-51-4	modality=ir	url=https://webbook.nist.gov/cgi/cbook.cgi?JCAMP=C87514&Index=7&Type=IR	reason=download_http_404	message=
2026-07-02 23:19:45	cid=802	cas=87-51-4	modality=ir	url=https://webbook.nist.gov/cgi/cbook.cgi?JCAMP=C87514&Index=8&Type=IR	reason=download_http_404	message=
2026-07-02 23:19:45	cid=802	cas=87-51-4	modality=ir	url=https://webbook.nist.gov/cgi/cbook.cgi?JCAMP=C87514&Index=9&Type=IR	reason=download_http_404	message=
2026-07-02 23:19:52	cid=803	cas=392-12-1	modality=ir	url=https://webbook.nist.gov/cgi/cbook.cgi?JCAMP=C392121&Index=1&Type=IR	reason=download_http_404	message=
2026-07-02 23:19:53	cid=803	cas=392-12-1	modality=ir	url=https://webbook.nist.gov/cgi/cbook.cgi?JCAMP=C392121&Index=2&Type=IR	reason=download_http_404	message=
2026-07-02 23:19:53	cid=803	cas=392-12-1	modality=ir	url=https://webbook.nist.gov/cgi/cbook.cgi?JCAMP=C392121&Index=3&Type=IR	reason=download_http_404	message=
2026-07-02 23:19:54	cid=803	cas=392-12-1	modality=ir	url=https://webbook.nist.gov/cgi/cbook.cgi?JCAMP=C392121&Index=4&Type=IR	reason=download_http_404	message=
2026-07-02 23:19:58	cid=803	cas=392-12-1	modality=ir	url=https://webbook.nist.gov/cgi/cbook.cgi?JCAMP=C392121&Index=5&Type=IR	reason=download_http_404	message=
2026-07-02 23:19:58	cid=803	cas=392-12-1	modality=ir	url=https://webbook.nist.gov/cgi/cbook.cgi?JCAMP=C392121&Index=6&Type=IR	reason=download_http_404	message=
2026-07-02 23:19:59	cid=803	cas=392-12-1	modality=ir	url=https://webbook.nist.gov/cgi/cbook.cgi?JCAMP=C392121&Index=7&Type=IR	reason=download_http_404	message=
2026-07-02 23:19:59	cid=803	cas=392-12-1	modality=ir	url=https://webbook.nist.gov/cgi/cbook.cgi?JCAMP=C392121&Index=8&Type=IR	reason=download_http_404	message=
2026-07-02 23:19:59	cid=803	cas=392-12-1	modality=ir	url=https://webbook.nist.gov/cgi/cbook.cgi?JCAMP=C392121&Index=9&Type=IR	reason=download_http_404	message=
2026-07-02 23:20:01	cid=805	cas=47055-78-7	modality=	url=https://webbook.nist.gov/cgi/cbook.cgi?ID=47055-78-7&Units=SI&Mask=480	reason=nist_not_found	message=
2026-07-02 23:20:03	cid=806	cas=93133-76-7	modality=	url=https://webbook.nist.gov/cgi/cbook.cgi?ID=93133-76-7&Units=SI&Mask=480	reason=nist_not_found	message=
2026-07-02 23:20:06	cid=809	cas=1632468-09-7	modality=	url=https://webbook.nist.gov/cgi/cbook.cgi?ID=1632468-09-7&Units=SI&Mask=480	reason=nist_not_found	message=
2026-07-02 23:20:09	cid=811	cas=97-65-4	modality=ir	url=https://webbook.nist.gov/cgi/cbook.cgi?JCAMP=C97654&Index=1&Type=IR	reason=download_http_404	message=
2026-07-02 23:20:09	cid=811	cas=97-65-4	modality=ir	url=https://webbook.nist.gov/cgi/cbook.cgi?JCAMP=C97654&Index=2&Type=IR	reason=download_http_404	message=
2026-07-02 23:20:10	cid=811	cas=97-65-4	modality=ir	url=https://webbook.nist.gov/cgi/cbook.cgi?JCAMP=C97654&Index=3&Type=IR	reason=download_http_404	message=
2026-07-02 23:20:11	cid=811	cas=97-65-4	modality=ir	url=https://webbook.nist.gov/cgi/cbook.cgi?JCAMP=C97654&Index=4&Type=IR	reason=download_http_404	message=
2026-07-02 23:20:15	cid=811	cas=97-65-4	modality=ir	url=https://webbook.nist.gov/cgi/cbook.cgi?JCAMP=C97654&Index=5&Type=IR	reason=download_http_404	message=
2026-07-02 23:20:15	cid=811	cas=97-65-4	modality=ir	url=https://webbook.nist.gov/cgi/cbook.cgi?JCAMP=C97654&Index=6&Type=IR	reason=download_http_404	message=
2026-07-02 23:20:16	cid=811	cas=97-65-4	modality=ir	url=https://webbook.nist.gov/cgi/cbook.cgi?JCAMP=C97654&Index=7&Type=IR	reason=download_http_404	message=
2026-07-02 23:20:16	cid=811	cas=97-65-4	modality=ir	url=https://webbook.nist.gov/cgi/cbook.cgi?JCAMP=C97654&Index=8&Type=IR	reason=download_http_404	message=
2026-07-02 23:20:21	cid=811	cas=97-65-4	modality=ir	url=https://webbook.nist.gov/cgi/cbook.cgi?JCAMP=C97654&Index=9&Type=IR	reason=download_http_404	message=
2026-07-02 23:20:22	cid=815	cas=	modality=	url=	reason=not_found	message=no_cas_in_synonyms
2026-07-02 23:20:23	cid=816	cas=	modality=	url=	reason=not_found	message=no_cas_in_synonyms
2026-07-02 23:20:25	cid=817	cas=1069-03-0	modality=	url=https://webbook.nist.gov/cgi/cbook.cgi?ID=1069-03-0&Units=SI&Mask=480	reason=nist_not_found	message=
2026-07-02 23:20:25	cid=818	cas=	modality=	url=	reason=not_found	message=pubchem_synonyms_404
2026-07-02 23:20:27	cid=823	cas=10097-72-0	modality=	url=https://webbook.nist.gov/cgi/cbook.cgi?ID=10097-72-0&Units=SI&Mask=480	reason=nist_not_found	message=
2026-07-02 23:20:30	cid=824	cas=760-78-1	modality=	url=https://webbook.nist.gov/cgi/cbook.cgi?ID=760-78-1&Units=SI&Mask=480	reason=no_jcamp_links	message=
2026-07-02 23:20:32	cid=825	cas=6912-67-0	modality=	url=https://webbook.nist.gov/cgi/cbook.cgi?ID=6912-67-0&Units=SI&Mask=480	reason=nist_not_found	message=
2026-07-02 23:20:33	cid=826	cas=	modality=	url=	reason=not_found	message=no_cas_in_synonyms
2026-07-02 23:20:35	cid=827	cas=6917-36-8	modality=	url=https://webbook.nist.gov/cgi/cbook.cgi?ID=6917-36-8&Units=SI&Mask=480	reason=nist_not_found	message=
2026-07-02 23:20:37	cid=828	cas=92008-07-6	modality=	url=https://webbook.nist.gov/cgi/cbook.cgi?ID=92008-07-6&Units=SI&Mask=480	reason=nist_not_found	message=
2026-07-02 23:20:39	cid=829	cas=15106-57-7	modality=	url=https://webbook.nist.gov/cgi/cbook.cgi?ID=15106-57-7&Units=SI&Mask=480	reason=nist_not_found	message=
2026-07-02 23:20:41	cid=830	cas=76749-44-5	modality=	url=https://webbook.nist.gov/cgi/cbook.cgi?ID=76749-44-5&Units=SI&Mask=480	reason=nist_not_found	message=
2026-07-02 23:20:42	cid=831	cas=	modality=	url=	reason=not_found	message=pubchem_synonyms_404
2026-07-02 23:20:42	cid=832	cas=	modality=	url=	reason=not_found	message=no_cas_in_synonyms
2026-07-02 23:20:48	cid=833	cas=627-77-0	modality=ir	url=https://webbook.nist.gov/cgi/cbook.cgi?JCAMP=C627770&Index=1&Type=IR	reason=download_http_404	message=
2026-07-02 23:20:49	cid=833	cas=627-77-0	modality=ir	url=https://webbook.nist.gov/cgi/cbook.cgi?JCAMP=C627770&Index=2&Type=IR	reason=download_http_404	message=
2026-07-02 23:20:50	cid=833	cas=627-77-0	modality=ir	url=https://webbook.nist.gov/cgi/cbook.cgi?JCAMP=C627770&Index=3&Type=IR	reason=download_http_404	message=
2026-07-02 23:20:50	cid=833	cas=627-77-0	modality=ir	url=https://webbook.nist.gov/cgi/cbook.cgi?JCAMP=C627770&Index=4&Type=IR	reason=download_http_404	message=
2026-07-02 23:20:51	cid=833	cas=627-77-0	modality=ir	url=https://webbook.nist.gov/cgi/cbook.cgi?JCAMP=C627770&Index=5&Type=IR	reason=download_http_404	message=
2026-07-02 23:20:55	cid=833	cas=627-77-0	modality=ir	url=https://webbook.nist.gov/cgi/cbook.cgi?JCAMP=C627770&Index=6&Type=IR	reason=download_http_404	message=
2026-07-02 23:20:56	cid=833	cas=627-77-0	modality=ir	url=https://webbook.nist.gov/cgi/cbook.cgi?JCAMP=C627770&Index=7&Type=IR	reason=download_http_404	message=
2026-07-02 23:20:56	cid=833	cas=627-77-0	modality=ir	url=https://webbook.nist.gov/cgi/cbook.cgi?JCAMP=C627770&Index=8&Type=IR	reason=download_http_404	message=
2026-07-02 23:20:56	cid=833	cas=627-77-0	modality=ir	url=https://webbook.nist.gov/cgi/cbook.cgi?JCAMP=C627770&Index=9&Type=IR	reason=download_http_404	message=
2026-07-02 23:20:58	cid=834	cas=535-34-2	modality=	url=https://webbook.nist.gov/cgi/cbook.cgi?ID=535-34-2&Units=SI&Mask=480	reason=nist_not_found	message=
2026-07-02 23:21:00	cid=835	cas=7723-73-1	modality=	url=https://webbook.nist.gov/cgi/cbook.cgi?ID=7723-73-1&Units=SI&Mask=480	reason=nist_not_found	message=
2026-07-02 23:21:03	cid=836	cas=63-84-3	modality=	url=https://webbook.nist.gov/cgi/cbook.cgi?ID=63-84-3&Units=SI&Mask=480	reason=no_jcamp_links	message=
2026-07-02 23:21:04	cid=837	cas=	modality=	url=	reason=not_found	message=pubchem_synonyms_404
2026-07-02 23:21:06	cid=838	cas=329-65-7	modality=	url=https://webbook.nist.gov/cgi/cbook.cgi?ID=329-65-7&Units=SI&Mask=480	reason=nist_not_found	message=
2026-07-02 23:21:08	cid=839	cas=3157-41-3	modality=	url=https://webbook.nist.gov/cgi/cbook.cgi?ID=3157-41-3&Units=SI&Mask=480	reason=nist_not_found	message=
2026-07-02 23:21:11	cid=840	cas=97466-79-0	modality=	url=https://webbook.nist.gov/cgi/cbook.cgi?ID=97466-79-0&Units=SI&Mask=480	reason=nist_not_found	message=
2026-07-02 23:21:12	cid=841	cas=138382-50-0	modality=	url=https://webbook.nist.gov/cgi/cbook.cgi?ID=138382-50-0&Units=SI&Mask=480	reason=nist_not_found	message=
2026-07-02 23:21:15	cid=842	cas=686-58-8	modality=	url=https://webbook.nist.gov/cgi/cbook.cgi?ID=686-58-8&Units=SI&Mask=480	reason=nist_not_found	message=
2026-07-02 23:21:16	cid=843	cas=	modality=	url=	reason=not_found	message=no_cas_in_synonyms
2026-07-02 23:21:17	cid=844	cas=	modality=	url=	reason=not_found	message=no_cas_in_synonyms
2026-07-02 23:21:18	cid=845	cas=	modality=	url=	reason=not_found	message=no_cas_in_synonyms
2026-07-02 23:21:21	cid=846	cas=3039-10-9	modality=	url=https://webbook.nist.gov/cgi/cbook.cgi?ID=3039-10-9&Units=SI&Mask=480	reason=nist_not_found	message=
2026-07-02 23:21:23	cid=847	cas=62697-73-8	modality=	url=https://webbook.nist.gov/cgi/cbook.cgi?ID=62697-73-8&Units=SI&Mask=480	reason=nist_not_found	message=
2026-07-02 23:21:24	cid=848	cas=470-29-1	modality=	url=https://webbook.nist.gov/cgi/cbook.cgi?ID=470-29-1&Units=SI&Mask=480	reason=nist_not_found	message=
2026-07-02 23:21:26	cid=849	cas=535-75-1	modality=	url=https://webbook.nist.gov/cgi/cbook.cgi?ID=535-75-1&Units=SI&Mask=480	reason=nist_not_found	message=
2026-07-02 23:21:29	cid=850	cas=60802-29-1	modality=	url=https://webbook.nist.gov/cgi/cbook.cgi?ID=60802-29-1&Units=SI&Mask=480	reason=nist_not_found	message=
2026-07-02 23:21:31	cid=852	cas=6667-60-3	modality=	url=https://webbook.nist.gov/cgi/cbook.cgi?ID=6667-60-3&Units=SI&Mask=480	reason=nist_not_found	message=
2026-07-02 23:21:33	cid=853	cas=300-30-1	modality=	url=https://webbook.nist.gov/cgi/cbook.cgi?ID=300-30-1&Units=SI&Mask=480	reason=nist_not_found	message=
2026-07-02 23:21:36	cid=854	cas=20235-19-2	modality=	url=https://webbook.nist.gov/cgi/cbook.cgi?ID=20235-19-2&Units=SI&Mask=480	reason=nist_not_found	message=
2026-07-02 23:21:38	cid=855	cas=598-35-6	modality=	url=https://webbook.nist.gov/cgi/cbook.cgi?ID=598-35-6&Units=SI&Mask=480	reason=nist_not_found	message=
2026-07-02 23:21:39	cid=856	cas=	modality=	url=	reason=not_found	message=no_cas_in_synonyms
2026-07-02 23:21:42	cid=857	cas=328-39-2	modality=	url=https://webbook.nist.gov/cgi/cbook.cgi?ID=328-39-2&Units=SI&Mask=480	reason=no_jcamp_links	message=
2026-07-02 23:21:43	cid=858	cas=	modality=	url=	reason=not_found	message=pubchem_synonyms_404
2026-07-02 23:21:44	cid=859	cas=	modality=	url=	reason=not_found	message=pubchem_synonyms_404
2026-07-02 23:21:46	cid=860	cas=1955-33-5	modality=	url=https://webbook.nist.gov/cgi/cbook.cgi?ID=1955-33-5&Units=SI&Mask=480	reason=no_jcamp_links	message=
2026-07-02 23:21:48	cid=861	cas=3130-96-9	modality=	url=https://webbook.nist.gov/cgi/cbook.cgi?ID=3130-96-9&Units=SI&Mask=480	reason=nist_not_found	message=
2026-07-02 23:21:51	cid=863	cas=940-69-2	modality=	url=https://webbook.nist.gov/cgi/cbook.cgi?ID=940-69-2&Units=SI&Mask=480	reason=nist_not_found	message=
2026-07-02 23:21:57	cid=864	cas=1077-28-7	modality=ir	url=https://webbook.nist.gov/cgi/cbook.cgi?JCAMP=C1077287&Index=1&Type=IR	reason=download_http_404	message=
2026-07-02 23:21:58	cid=864	cas=1077-28-7	modality=ir	url=https://webbook.nist.gov/cgi/cbook.cgi?JCAMP=C1077287&Index=2&Type=IR	reason=download_http_404	message=
2026-07-02 23:21:58	cid=864	cas=1077-28-7	modality=ir	url=https://webbook.nist.gov/cgi/cbook.cgi?JCAMP=C1077287&Index=3&Type=IR	reason=download_http_404	message=
2026-07-02 23:21:58	cid=864	cas=1077-28-7	modality=ir	url=https://webbook.nist.gov/cgi/cbook.cgi?JCAMP=C1077287&Index=4&Type=IR	reason=download_http_404	message=
2026-07-02 23:22:03	cid=864	cas=1077-28-7	modality=ir	url=https://webbook.nist.gov/cgi/cbook.cgi?JCAMP=C1077287&Index=5&Type=IR	reason=download_http_404	message=
2026-07-02 23:22:03	cid=864	cas=1077-28-7	modality=ir	url=https://webbook.nist.gov/cgi/cbook.cgi?JCAMP=C1077287&Index=6&Type=IR	reason=download_http_404	message=
2026-07-02 23:22:04	cid=864	cas=1077-28-7	modality=ir	url=https://webbook.nist.gov/cgi/cbook.cgi?JCAMP=C1077287&Index=7&Type=IR	reason=download_http_404	message=
2026-07-02 23:22:04	cid=864	cas=1077-28-7	modality=ir	url=https://webbook.nist.gov/cgi/cbook.cgi?JCAMP=C1077287&Index=8&Type=IR	reason=download_http_404	message=
2026-07-02 23:22:05	cid=864	cas=1077-28-7	modality=ir	url=https://webbook.nist.gov/cgi/cbook.cgi?JCAMP=C1077287&Index=9&Type=IR	reason=download_http_404	message=
2026-07-02 23:22:06	cid=865	cas=583-93-7	modality=	url=https://webbook.nist.gov/cgi/cbook.cgi?ID=583-93-7&Units=SI&Mask=480	reason=nist_not_found	message=
2026-07-02 23:22:09	cid=866	cas=70-54-2	modality=	url=https://webbook.nist.gov/cgi/cbook.cgi?ID=70-54-2&Units=SI&Mask=480	reason=no_jcamp_links	message=
2026-07-02 23:22:12	cid=867	cas=141-82-2	modality=ir	url=https://webbook.nist.gov/cgi/cbook.cgi?JCAMP=C813569&Index=0&Type=IR	reason=download_http_404	message=
2026-07-02 23:22:13	cid=867	cas=141-82-2	modality=ir	url=https://webbook.nist.gov/cgi/cbook.cgi?JCAMP=C813569&Index=1&Type=IR	reason=download_http_404	message=
2026-07-02 23:22:13	cid=867	cas=141-82-2	modality=ir	url=https://webbook.nist.gov/cgi/cbook.cgi?JCAMP=C813569&Index=2&Type=IR	reason=download_http_404	message=
2026-07-02 23:22:13	cid=867	cas=141-82-2	modality=ir	url=https://webbook.nist.gov/cgi/cbook.cgi?JCAMP=C813569&Index=3&Type=IR	reason=download_http_404	message=
2026-07-02 23:22:14	cid=867	cas=141-82-2	modality=ir	url=https://webbook.nist.gov/cgi/cbook.cgi?JCAMP=C813569&Index=4&Type=IR	reason=download_http_404	message=
2026-07-02 23:22:24	cid=867	cas=141-82-2	modality=ir	url=https://webbook.nist.gov/cgi/cbook.cgi?JCAMP=C813569&Index=5&Type=IR	reason=download_http_404	message=
2026-07-02 23:22:25	cid=867	cas=141-82-2	modality=ir	url=https://webbook.nist.gov/cgi/cbook.cgi?JCAMP=C813569&Index=6&Type=IR	reason=download_http_404	message=
2026-07-02 23:22:25	cid=867	cas=141-82-2	modality=ir	url=https://webbook.nist.gov/cgi/cbook.cgi?JCAMP=C813569&Index=7&Type=IR	reason=download_http_404	message=
2026-07-02 23:22:25	cid=867	cas=141-82-2	modality=ir	url=https://webbook.nist.gov/cgi/cbook.cgi?JCAMP=C813569&Index=8&Type=IR	reason=download_http_404	message=
2026-07-02 23:22:26	cid=867	cas=141-82-2	modality=ir	url=https://webbook.nist.gov/cgi/cbook.cgi?JCAMP=C813569&Index=9&Type=IR	reason=download_http_404	message=
2026-07-02 23:22:26	cid=867	cas=141-82-2	modality=	url=https://webbook.nist.gov/cgi/cbook.cgi?ID=141-82-2&Units=SI&Mask=480	reason=all_jcamp_downloads_failed	message=ir:download_http_404;ir:download_http_404;ir:download_http_404;ir:download_http_404;ir:download_http_404;ir:download_http_404;ir:download_http_404;ir:download_http_404;ir:download_http_404;ir:download_http_404
2026-07-02 23:22:28	cid=868	cas=926-61-4	modality=	url=https://webbook.nist.gov/cgi/cbook.cgi?ID=926-61-4&Units=SI&Mask=480	reason=nist_not_found	message=
2026-07-02 23:22:31	cid=870	cas=9036-88-8	modality=	url=https://webbook.nist.gov/cgi/cbook.cgi?ID=9036-88-8&Units=SI&Mask=480	reason=nist_not_found	message=
2026-07-02 23:22:33	cid=871	cas=9037-55-2	modality=	url=https://webbook.nist.gov/cgi/cbook.cgi?ID=9037-55-2&Units=SI&Mask=480	reason=nist_not_found	message=
2026-07-02 23:22:35	cid=872	cas=28447-39-4	modality=	url=https://webbook.nist.gov/cgi/cbook.cgi?ID=28447-39-4&Units=SI&Mask=480	reason=nist_not_found	message=
2026-07-02 23:22:39	cid=873	cas=495-78-3	modality=ir	url=https://webbook.nist.gov/cgi/cbook.cgi?JCAMP=C495783&Index=1&Type=IR	reason=download_http_404	message=
2026-07-02 23:22:39	cid=873	cas=495-78-3	modality=ir	url=https://webbook.nist.gov/cgi/cbook.cgi?JCAMP=C495783&Index=2&Type=IR	reason=download_http_404	message=
2026-07-02 23:22:40	cid=873	cas=495-78-3	modality=ir	url=https://webbook.nist.gov/cgi/cbook.cgi?JCAMP=C495783&Index=3&Type=IR	reason=download_http_404	message=
2026-07-02 23:22:40	cid=873	cas=495-78-3	modality=ir	url=https://webbook.nist.gov/cgi/cbook.cgi?JCAMP=C495783&Index=4&Type=IR	reason=download_http_404	message=
2026-07-02 23:22:51	cid=873	cas=495-78-3	modality=ir	url=https://webbook.nist.gov/cgi/cbook.cgi?JCAMP=C495783&Index=5&Type=IR	reason=download_http_404	message=
2026-07-02 23:22:51	cid=873	cas=495-78-3	modality=ir	url=https://webbook.nist.gov/cgi/cbook.cgi?JCAMP=C495783&Index=6&Type=IR	reason=download_http_404	message=
2026-07-02 23:22:52	cid=873	cas=495-78-3	modality=ir	url=https://webbook.nist.gov/cgi/cbook.cgi?JCAMP=C495783&Index=7&Type=IR	reason=download_http_404	message=
2026-07-02 23:22:52	cid=873	cas=495-78-3	modality=ir	url=https://webbook.nist.gov/cgi/cbook.cgi?JCAMP=C495783&Index=8&Type=IR	reason=download_http_404	message=
2026-07-02 23:22:53	cid=873	cas=495-78-3	modality=ir	url=https://webbook.nist.gov/cgi/cbook.cgi?JCAMP=C495783&Index=9&Type=IR	reason=download_http_404	message=
2026-07-02 23:23:05	cid=874	cas=7407-59-2	modality=ir	url=https://webbook.nist.gov/cgi/cbook.cgi?JCAMP=C498237&Index=0&Type=IR	reason=download_http_404	message=
2026-07-02 23:23:06	cid=874	cas=7407-59-2	modality=ir	url=https://webbook.nist.gov/cgi/cbook.cgi?JCAMP=C498237&Index=1&Type=IR	reason=download_http_404	message=
2026-07-02 23:23:06	cid=874	cas=7407-59-2	modality=ir	url=https://webbook.nist.gov/cgi/cbook.cgi?JCAMP=C498237&Index=2&Type=IR	reason=download_http_404	message=
2026-07-02 23:23:07	cid=874	cas=7407-59-2	modality=ir	url=https://webbook.nist.gov/cgi/cbook.cgi?JCAMP=C498237&Index=3&Type=IR	reason=download_http_404	message=
2026-07-02 23:23:07	cid=874	cas=7407-59-2	modality=ir	url=https://webbook.nist.gov/cgi/cbook.cgi?JCAMP=C498237&Index=4&Type=IR	reason=download_http_404	message=
2026-07-02 23:23:18	cid=874	cas=7407-59-2	modality=ir	url=https://webbook.nist.gov/cgi/cbook.cgi?JCAMP=C498237&Index=5&Type=IR	reason=download_http_404	message=
2026-07-02 23:23:18	cid=874	cas=7407-59-2	modality=ir	url=https://webbook.nist.gov/cgi/cbook.cgi?JCAMP=C498237&Index=6&Type=IR	reason=download_http_404	message=
2026-07-02 23:23:18	cid=874	cas=7407-59-2	modality=ir	url=https://webbook.nist.gov/cgi/cbook.cgi?JCAMP=C498237&Index=7&Type=IR	reason=download_http_404	message=
2026-07-02 23:23:19	cid=874	cas=7407-59-2	modality=ir	url=https://webbook.nist.gov/cgi/cbook.cgi?JCAMP=C498237&Index=8&Type=IR	reason=download_http_404	message=
2026-07-02 23:23:19	cid=874	cas=7407-59-2	modality=ir	url=https://webbook.nist.gov/cgi/cbook.cgi?JCAMP=C498237&Index=9&Type=IR	reason=download_http_404	message=
2026-07-02 23:23:21	cid=875	cas=526-83-0	modality=	url=https://webbook.nist.gov/cgi/cbook.cgi?ID=526-83-0&Units=SI&Mask=480	reason=nist_not_found	message=
2026-07-02 23:23:26	cid=876	cas=59-51-8	modality=uvvis	url=https://webbook.nist.gov/cgi/cbook.cgi?JCAMP=C348674&Index=0&Type=UVVis	reason=download_http_404	message=
2026-07-02 23:23:27	cid=876	cas=59-51-8	modality=uvvis	url=https://webbook.nist.gov/cgi/cbook.cgi?JCAMP=C348674&Index=1&Type=UVVis	reason=download_http_404	message=
2026-07-02 23:23:27	cid=876	cas=59-51-8	modality=uvvis	url=https://webbook.nist.gov/cgi/cbook.cgi?JCAMP=C348674&Index=2&Type=UVVis	reason=download_http_404	message=
2026-07-02 23:23:28	cid=876	cas=59-51-8	modality=uvvis	url=https://webbook.nist.gov/cgi/cbook.cgi?JCAMP=C348674&Index=3&Type=UVVis	reason=download_http_404	message=
2026-07-02 23:23:33	cid=876	cas=59-51-8	modality=uvvis	url=https://webbook.nist.gov/cgi/cbook.cgi?JCAMP=C348674&Index=4&Type=UVVis	reason=download_http_404	message=
2026-07-02 23:23:34	cid=876	cas=59-51-8	modality=uvvis	url=https://webbook.nist.gov/cgi/cbook.cgi?JCAMP=C348674&Index=5&Type=UVVis	reason=download_http_404	message=
2026-07-02 23:23:34	cid=876	cas=59-51-8	modality=uvvis	url=https://webbook.nist.gov/cgi/cbook.cgi?JCAMP=C348674&Index=6&Type=UVVis	reason=download_http_404	message=
2026-07-02 23:23:35	cid=876	cas=59-51-8	modality=uvvis	url=https://webbook.nist.gov/cgi/cbook.cgi?JCAMP=C348674&Index=7&Type=UVVis	reason=download_http_404	message=
2026-07-02 23:23:35	cid=876	cas=59-51-8	modality=uvvis	url=https://webbook.nist.gov/cgi/cbook.cgi?JCAMP=C348674&Index=8&Type=UVVis	reason=download_http_404	message=
2026-07-02 23:23:39	cid=876	cas=59-51-8	modality=uvvis	url=https://webbook.nist.gov/cgi/cbook.cgi?JCAMP=C348674&Index=9&Type=UVVis	reason=download_http_404	message=
2026-07-02 23:23:42	cid=878	cas=74-93-1	modality=uvvis	url=https://webbook.nist.gov/cgi/cbook.cgi?JCAMP=C74931&Index=1&Type=UVVis	reason=download_http_404	message=
2026-07-02 23:23:43	cid=878	cas=74-93-1	modality=uvvis	url=https://webbook.nist.gov/cgi/cbook.cgi?JCAMP=C74931&Index=2&Type=UVVis	reason=download_http_404	message=
2026-07-02 23:23:43	cid=878	cas=74-93-1	modality=uvvis	url=https://webbook.nist.gov/cgi/cbook.cgi?JCAMP=C74931&Index=3&Type=UVVis	reason=download_http_404	message=
2026-07-02 23:23:53	cid=878	cas=74-93-1	modality=uvvis	url=https://webbook.nist.gov/cgi/cbook.cgi?JCAMP=C74931&Index=4&Type=UVVis	reason=download_http_404	message=
2026-07-02 23:23:54	cid=878	cas=74-93-1	modality=uvvis	url=https://webbook.nist.gov/cgi/cbook.cgi?JCAMP=C74931&Index=5&Type=UVVis	reason=download_http_404	message=
2026-07-02 23:23:55	cid=878	cas=74-93-1	modality=uvvis	url=https://webbook.nist.gov/cgi/cbook.cgi?JCAMP=C74931&Index=6&Type=UVVis	reason=download_http_404	message=
2026-07-02 23:23:55	cid=878	cas=74-93-1	modality=uvvis	url=https://webbook.nist.gov/cgi/cbook.cgi?JCAMP=C74931&Index=7&Type=UVVis	reason=download_http_404	message=
2026-07-02 23:23:56	cid=878	cas=74-93-1	modality=uvvis	url=https://webbook.nist.gov/cgi/cbook.cgi?JCAMP=C74931&Index=8&Type=UVVis	reason=download_http_404	message=
2026-07-02 23:24:00	cid=878	cas=74-93-1	modality=uvvis	url=https://webbook.nist.gov/cgi/cbook.cgi?JCAMP=C74931&Index=9&Type=UVVis	reason=download_http_404	message=
2026-07-02 23:24:01	cid=879	cas=	modality=	url=	reason=not_found	message=no_cas_in_synonyms
2026-07-02 23:24:03	cid=880	cas=78-98-8	modality=	url=https://webbook.nist.gov/cgi/cbook.cgi?ID=78-98-8&Units=SI&Mask=480	reason=no_jcamp_links	message=
2026-07-02 23:24:05	cid=887	cas=67-56-1	modality=ir	url=https://webbook.nist.gov/cgi/cbook.cgi?JCAMP=C1849292&Index=0&Type=IR	reason=download_http_404	message=
2026-07-02 23:24:06	cid=887	cas=67-56-1	modality=ir	url=https://webbook.nist.gov/cgi/cbook.cgi?JCAMP=C1849292&Index=1&Type=IR	reason=download_http_404	message=
2026-07-02 23:24:06	cid=887	cas=67-56-1	modality=ir	url=https://webbook.nist.gov/cgi/cbook.cgi?JCAMP=C1849292&Index=2&Type=IR	reason=download_http_404	message=
2026-07-02 23:24:07	cid=887	cas=67-56-1	modality=ir	url=https://webbook.nist.gov/cgi/cbook.cgi?JCAMP=C1849292&Index=3&Type=IR	reason=download_http_404	message=
2026-07-02 23:24:08	cid=887	cas=67-56-1	modality=ir	url=https://webbook.nist.gov/cgi/cbook.cgi?JCAMP=C1849292&Index=4&Type=IR	reason=download_http_404	message=
2026-07-02 23:24:13	cid=887	cas=67-56-1	modality=ir	url=https://webbook.nist.gov/cgi/cbook.cgi?JCAMP=C1849292&Index=5&Type=IR	reason=download_http_404	message=
2026-07-02 23:24:13	cid=887	cas=67-56-1	modality=ir	url=https://webbook.nist.gov/cgi/cbook.cgi?JCAMP=C1849292&Index=6&Type=IR	reason=download_http_404	message=
2026-07-02 23:24:13	cid=887	cas=67-56-1	modality=ir	url=https://webbook.nist.gov/cgi/cbook.cgi?JCAMP=C1849292&Index=7&Type=IR	reason=download_http_404	message=
2026-07-02 23:24:14	cid=887	cas=67-56-1	modality=ir	url=https://webbook.nist.gov/cgi/cbook.cgi?JCAMP=C1849292&Index=8&Type=IR	reason=download_http_404	message=
2026-07-02 23:24:14	cid=887	cas=67-56-1	modality=ir	url=https://webbook.nist.gov/cgi/cbook.cgi?JCAMP=C1849292&Index=9&Type=IR	reason=download_http_404	message=
2026-07-02 23:24:14	cid=887	cas=67-56-1	modality=	url=https://webbook.nist.gov/cgi/cbook.cgi?ID=67-56-1&Units=SI&Mask=480	reason=all_jcamp_downloads_failed	message=ir:download_http_404;ir:download_http_404;ir:download_http_404;ir:download_http_404;ir:download_http_404;ir:download_http_404;ir:download_http_404;ir:download_http_404;ir:download_http_404;ir:download_http_404
2026-07-02 23:24:16	cid=890	cas=83-86-3	modality=	url=https://webbook.nist.gov/cgi/cbook.cgi?ID=83-86-3&Units=SI&Mask=480	reason=nist_not_found	message=
2026-07-02 23:24:17	cid=891	cas=	modality=	url=	reason=not_found	message=no_cas_in_synonyms
2026-07-02 23:24:20	cid=892	cas=87-89-8	modality=	url=https://webbook.nist.gov/cgi/cbook.cgi?ID=87-89-8&Units=SI&Mask=480	reason=no_jcamp_links	message=
2026-07-02 23:24:23	cid=893	cas=53501-90-9	modality=	url=https://webbook.nist.gov/cgi/cbook.cgi?ID=53501-90-9&Units=SI&Mask=480	reason=nist_not_found	message=
2026-07-02 23:24:24	cid=894	cas=	modality=	url=	reason=not_found	message=pubchem_synonyms_404
2026-07-02 23:24:27	cid=895	cas=2014-58-6	modality=	url=https://webbook.nist.gov/cgi/cbook.cgi?ID=2014-58-6&Units=SI&Mask=480	reason=nist_not_found	message=
2026-07-02 23:24:43	cid=896	cas=73-31-4	modality=ir	url=https://webbook.nist.gov/cgi/cbook.cgi?JCAMP=C73314&Index=2&Type=IR	reason=download_http_404	message=
2026-07-02 23:24:43	cid=896	cas=73-31-4	modality=ir	url=https://webbook.nist.gov/cgi/cbook.cgi?JCAMP=C73314&Index=3&Type=IR	reason=download_http_404	message=
2026-07-02 23:24:43	cid=896	cas=73-31-4	modality=ir	url=https://webbook.nist.gov/cgi/cbook.cgi?JCAMP=C73314&Index=4&Type=IR	reason=download_http_404	message=
2026-07-02 23:24:44	cid=896	cas=73-31-4	modality=ir	url=https://webbook.nist.gov/cgi/cbook.cgi?JCAMP=C73314&Index=5&Type=IR	reason=download_http_404	message=
2026-07-02 23:24:44	cid=896	cas=73-31-4	modality=ir	url=https://webbook.nist.gov/cgi/cbook.cgi?JCAMP=C73314&Index=6&Type=IR	reason=download_http_404	message=
2026-07-02 23:24:54	cid=896	cas=73-31-4	modality=ir	url=https://webbook.nist.gov/cgi/cbook.cgi?JCAMP=C73314&Index=7&Type=IR	reason=download_http_404	message=
2026-07-02 23:24:55	cid=896	cas=73-31-4	modality=ir	url=https://webbook.nist.gov/cgi/cbook.cgi?JCAMP=C73314&Index=8&Type=IR	reason=download_http_404	message=
2026-07-02 23:24:55	cid=896	cas=73-31-4	modality=ir	url=https://webbook.nist.gov/cgi/cbook.cgi?JCAMP=C73314&Index=9&Type=IR	reason=download_http_404	message=
2026-07-02 23:24:57	cid=897	cas=151167-15-6	modality=	url=https://webbook.nist.gov/cgi/cbook.cgi?ID=151167-15-6&Units=SI&Mask=480	reason=nist_not_found	message=
2026-07-02 23:24:58	cid=898	cas=	modality=	url=	reason=not_found	message=no_cas_in_synonyms
2026-07-02 23:25:00	cid=899	cas=478529-43-0	modality=	url=https://webbook.nist.gov/cgi/cbook.cgi?ID=478529-43-0&Units=SI&Mask=480	reason=nist_not_found	message=
2026-07-02 23:25:02	cid=900	cas=901851-43-2	modality=	url=https://webbook.nist.gov/cgi/cbook.cgi?ID=901851-43-2&Units=SI&Mask=480	reason=nist_not_found	message=
2026-07-02 23:25:06	cid=901	cas=837431-11-5	modality=	url=https://webbook.nist.gov/cgi/cbook.cgi?ID=837431-11-5&Units=SI&Mask=480	reason=nist_not_found	message=
2026-07-02 23:25:10	cid=902	cas=14531-48-7	modality=	url=https://webbook.nist.gov/cgi/cbook.cgi?ID=14531-48-7&Units=SI&Mask=480	reason=nist_not_found	message=
2026-07-02 23:25:12	cid=903	cas=1210-83-9	modality=	url=https://webbook.nist.gov/cgi/cbook.cgi?ID=1210-83-9&Units=SI&Mask=480	reason=nist_not_found	message=
2026-07-02 23:25:22	cid=904	cas=103-84-4	modality=ir	url=https://webbook.nist.gov/cgi/cbook.cgi?JCAMP=C103844&Index=3&Type=IR	reason=download_http_404	message=
2026-07-02 23:25:22	cid=904	cas=103-84-4	modality=ir	url=https://webbook.nist.gov/cgi/cbook.cgi?JCAMP=C103844&Index=4&Type=IR	reason=download_http_404	message=
2026-07-02 23:25:23	cid=904	cas=103-84-4	modality=ir	url=https://webbook.nist.gov/cgi/cbook.cgi?JCAMP=C103844&Index=5&Type=IR	reason=download_http_404	message=
2026-07-02 23:25:24	cid=904	cas=103-84-4	modality=ir	url=https://webbook.nist.gov/cgi/cbook.cgi?JCAMP=C103844&Index=6&Type=IR	reason=download_http_404	message=
2026-07-02 23:25:24	cid=904	cas=103-84-4	modality=ir	url=https://webbook.nist.gov/cgi/cbook.cgi?JCAMP=C103844&Index=7&Type=IR	reason=download_http_404	message=
2026-07-02 23:25:28	cid=904	cas=103-84-4	modality=ir	url=https://webbook.nist.gov/cgi/cbook.cgi?JCAMP=C103844&Index=8&Type=IR	reason=download_http_404	message=
2026-07-02 23:25:29	cid=904	cas=103-84-4	modality=ir	url=https://webbook.nist.gov/cgi/cbook.cgi?JCAMP=C103844&Index=9&Type=IR	reason=download_http_404	message=
2026-07-02 23:25:33	cid=904	cas=103-84-4	modality=uvvis	url=https://webbook.nist.gov/cgi/cbook.cgi?JCAMP=C103844&Index=1&Type=UVVis	reason=download_http_404	message=
2026-07-02 23:25:34	cid=904	cas=103-84-4	modality=uvvis	url=https://webbook.nist.gov/cgi/cbook.cgi?JCAMP=C103844&Index=2&Type=UVVis	reason=download_http_404	message=
2026-07-02 23:25:35	cid=904	cas=103-84-4	modality=uvvis	url=https://webbook.nist.gov/cgi/cbook.cgi?JCAMP=C103844&Index=3&Type=UVVis	reason=download_http_404	message=
2026-07-02 23:25:35	cid=904	cas=103-84-4	modality=uvvis	url=https://webbook.nist.gov/cgi/cbook.cgi?JCAMP=C103844&Index=4&Type=UVVis	reason=download_http_404	message=
2026-07-02 23:25:46	cid=904	cas=103-84-4	modality=uvvis	url=https://webbook.nist.gov/cgi/cbook.cgi?JCAMP=C103844&Index=5&Type=UVVis	reason=download_http_404	message=
2026-07-02 23:25:47	cid=904	cas=103-84-4	modality=uvvis	url=https://webbook.nist.gov/cgi/cbook.cgi?JCAMP=C103844&Index=6&Type=UVVis	reason=download_http_404	message=
2026-07-02 23:25:48	cid=904	cas=103-84-4	modality=uvvis	url=https://webbook.nist.gov/cgi/cbook.cgi?JCAMP=C103844&Index=7&Type=UVVis	reason=download_http_404	message=
2026-07-02 23:25:48	cid=904	cas=103-84-4	modality=uvvis	url=https://webbook.nist.gov/cgi/cbook.cgi?JCAMP=C103844&Index=8&Type=UVVis	reason=download_http_404	message=
2026-07-02 23:25:48	cid=904	cas=103-84-4	modality=uvvis	url=https://webbook.nist.gov/cgi/cbook.cgi?JCAMP=C103844&Index=9&Type=UVVis	reason=download_http_404	message=
2026-07-02 23:25:49	cid=905	cas=	modality=	url=	reason=not_found	message=no_cas_in_synonyms
2026-07-02 23:25:51	cid=906	cas=131-48-6	modality=	url=https://webbook.nist.gov/cgi/cbook.cgi?ID=131-48-6&Units=SI&Mask=480	reason=nist_not_found	message=
2026-07-02 23:25:52	cid=907	cas=	modality=	url=	reason=not_found	message=no_cas_in_synonyms
2026-07-02 23:25:54	cid=908	cas=2140-03-6	modality=	url=https://webbook.nist.gov/cgi/cbook.cgi?ID=2140-03-6&Units=SI&Mask=480	reason=nist_not_found	message=
2026-07-02 23:25:55	cid=909	cas=	modality=	url=	reason=not_found	message=no_cas_in_synonyms
2026-07-02 23:25:57	cid=910	cas=1022-31-7	modality=	url=https://webbook.nist.gov/cgi/cbook.cgi?ID=1022-31-7&Units=SI&Mask=480	reason=nist_not_found	message=
2026-07-02 23:25:59	cid=911	cas=4309-82-4	modality=	url=https://webbook.nist.gov/cgi/cbook.cgi?ID=4309-82-4&Units=SI&Mask=480	reason=nist_not_found	message=
2026-07-02 23:26:00	cid=912	cas=673-50-7	modality=	url=https://webbook.nist.gov/cgi/cbook.cgi?ID=673-50-7&Units=SI&Mask=480	reason=nist_not_found	message=
2026-07-02 23:26:02	cid=913	cas=68579-60-2	modality=	url=https://webbook.nist.gov/cgi/cbook.cgi?ID=68579-60-2&Units=SI&Mask=480	reason=nist_not_found	message=
2026-07-02 23:26:04	cid=914	cas=487-59-2	modality=	url=https://webbook.nist.gov/cgi/cbook.cgi?ID=487-59-2&Units=SI&Mask=480	reason=nist_not_found	message=
2026-07-02 23:26:05	cid=915	cas=	modality=	url=	reason=not_found	message=no_cas_in_synonyms
2026-07-02 23:26:07	cid=916	cas=25593-72-0	modality=	url=https://webbook.nist.gov/cgi/cbook.cgi?ID=25593-72-0&Units=SI&Mask=480	reason=nist_not_found	message=
2026-07-02 23:26:09	cid=917	cas=959570-56-0	modality=	url=https://webbook.nist.gov/cgi/cbook.cgi?ID=959570-56-0&Units=SI&Mask=480	reason=nist_not_found	message=
2026-07-02 23:26:10	cid=918	cas=	modality=	url=	reason=not_found	message=no_cas_in_synonyms
2026-07-02 23:26:12	cid=919	cas=	modality=	url=	reason=not_found	message=pubchem_synonyms_404
2026-07-02 23:26:14	cid=920	cas=899816-95-6	modality=	url=https://webbook.nist.gov/cgi/cbook.cgi?ID=899816-95-6&Units=SI&Mask=480	reason=nist_not_found	message=
2026-07-02 23:26:16	cid=921	cas=	modality=	url=	reason=not_found	message=no_cas_in_synonyms
2026-07-02 23:26:18	cid=922	cas=4703-52-0	modality=	url=https://webbook.nist.gov/cgi/cbook.cgi?ID=4703-52-0&Units=SI&Mask=480	reason=nist_not_found	message=
2026-07-02 23:26:19	cid=925	cas=	modality=	url=	reason=not_found	message=no_cas_in_synonyms
2026-07-02 23:26:22	cid=926	cas=65085-09-8	modality=	url=https://webbook.nist.gov/cgi/cbook.cgi?ID=65085-09-8&Units=SI&Mask=480	reason=nist_not_found	message=
2026-07-02 23:26:24	cid=927	cas=	modality=	url=	reason=not_found	message=pubchem_synonyms_404
2026-07-02 23:26:26	cid=928	cas=74927-11-0	modality=	url=https://webbook.nist.gov/cgi/cbook.cgi?ID=74927-11-0&Units=SI&Mask=480	reason=nist_not_found	message=
2026-07-02 23:26:27	cid=929	cas=	modality=	url=	reason=not_found	message=no_cas_in_synonyms
2026-07-02 23:26:29	cid=930	cas=	modality=	url=	reason=not_found	message=no_cas_in_synonyms
2026-07-02 23:26:35	cid=931	cas=91-20-3	modality=ir	url=https://webbook.nist.gov/cgi/cbook.cgi?JCAMP=C1146652&Index=1&Type=IR	reason=download_http_404	message=
2026-07-02 23:26:35	cid=931	cas=91-20-3	modality=ir	url=https://webbook.nist.gov/cgi/cbook.cgi?JCAMP=C1146652&Index=2&Type=IR	reason=download_http_404	message=
2026-07-02 23:26:35	cid=931	cas=91-20-3	modality=ir	url=https://webbook.nist.gov/cgi/cbook.cgi?JCAMP=C1146652&Index=3&Type=IR	reason=download_http_404	message=
2026-07-02 23:26:47	cid=931	cas=91-20-3	modality=ir	url=https://webbook.nist.gov/cgi/cbook.cgi?JCAMP=C1146652&Index=4&Type=IR	reason=download_http_404	message=
2026-07-02 23:26:47	cid=931	cas=91-20-3	modality=ir	url=https://webbook.nist.gov/cgi/cbook.cgi?JCAMP=C1146652&Index=5&Type=IR	reason=download_http_404	message=
2026-07-02 23:26:47	cid=931	cas=91-20-3	modality=ir	url=https://webbook.nist.gov/cgi/cbook.cgi?JCAMP=C1146652&Index=6&Type=IR	reason=download_http_404	message=
2026-07-02 23:26:48	cid=931	cas=91-20-3	modality=ir	url=https://webbook.nist.gov/cgi/cbook.cgi?JCAMP=C1146652&Index=7&Type=IR	reason=download_http_404	message=
2026-07-02 23:26:48	cid=931	cas=91-20-3	modality=ir	url=https://webbook.nist.gov/cgi/cbook.cgi?JCAMP=C1146652&Index=8&Type=IR	reason=download_http_404	message=
2026-07-02 23:26:54	cid=931	cas=91-20-3	modality=ir	url=https://webbook.nist.gov/cgi/cbook.cgi?JCAMP=C1146652&Index=9&Type=IR	reason=download_http_404	message=
2026-07-02 23:26:54	cid=931	cas=91-20-3	modality=uvvis	url=https://webbook.nist.gov/cgi/cbook.cgi?JCAMP=C1146652&Index=0&Type=UVVis	reason=download_http_404	message=
2026-07-02 23:26:54	cid=931	cas=91-20-3	modality=uvvis	url=https://webbook.nist.gov/cgi/cbook.cgi?JCAMP=C1146652&Index=1&Type=UVVis	reason=download_http_404	message=
2026-07-02 23:26:55	cid=931	cas=91-20-3	modality=uvvis	url=https://webbook.nist.gov/cgi/cbook.cgi?JCAMP=C1146652&Index=2&Type=UVVis	reason=download_http_404	message=
2026-07-02 23:26:55	cid=931	cas=91-20-3	modality=uvvis	url=https://webbook.nist.gov/cgi/cbook.cgi?JCAMP=C1146652&Index=3&Type=UVVis	reason=download_http_404	message=
2026-07-02 23:27:00	cid=931	cas=91-20-3	modality=uvvis	url=https://webbook.nist.gov/cgi/cbook.cgi?JCAMP=C1146652&Index=4&Type=UVVis	reason=download_http_404	message=
2026-07-02 23:27:00	cid=931	cas=91-20-3	modality=uvvis	url=https://webbook.nist.gov/cgi/cbook.cgi?JCAMP=C1146652&Index=5&Type=UVVis	reason=download_http_404	message=
2026-07-02 23:27:00	cid=931	cas=91-20-3	modality=uvvis	url=https://webbook.nist.gov/cgi/cbook.cgi?JCAMP=C1146652&Index=6&Type=UVVis	reason=download_http_404	message=
2026-07-02 23:27:11	cid=931	cas=91-20-3	modality=uvvis	url=https://webbook.nist.gov/cgi/cbook.cgi?JCAMP=C1146652&Index=7&Type=UVVis	reason=download_http_404	message=
2026-07-02 23:27:12	cid=931	cas=91-20-3	modality=uvvis	url=https://webbook.nist.gov/cgi/cbook.cgi?JCAMP=C1146652&Index=8&Type=UVVis	reason=download_http_404	message=
2026-07-02 23:27:12	cid=931	cas=91-20-3	modality=uvvis	url=https://webbook.nist.gov/cgi/cbook.cgi?JCAMP=C1146652&Index=9&Type=UVVis	reason=download_http_404	message=
2026-07-02 23:27:14	cid=932	cas=67604-48-2	modality=	url=https://webbook.nist.gov/cgi/cbook.cgi?ID=67604-48-2&Units=SI&Mask=480	reason=nist_not_found	message=
2026-07-02 23:27:21	cid=936	cas=98-92-0	modality=ir	url=https://webbook.nist.gov/cgi/cbook.cgi?JCAMP=C98920&Index=2&Type=IR	reason=download_http_404	message=
2026-07-02 23:27:21	cid=936	cas=98-92-0	modality=ir	url=https://webbook.nist.gov/cgi/cbook.cgi?JCAMP=C98920&Index=3&Type=IR	reason=download_http_404	message=
2026-07-02 23:27:25	cid=936	cas=98-92-0	modality=ir	url=https://webbook.nist.gov/cgi/cbook.cgi?JCAMP=C98920&Index=4&Type=IR	reason=download_http_404	message=
2026-07-02 23:27:29	cid=936	cas=98-92-0	modality=ir	url=https://webbook.nist.gov/cgi/cbook.cgi?JCAMP=C98920&Index=5&Type=IR	reason=download_http_404	message=
2026-07-02 23:27:29	cid=936	cas=98-92-0	modality=ir	url=https://webbook.nist.gov/cgi/cbook.cgi?JCAMP=C98920&Index=6&Type=IR	reason=download_http_404	message=
2026-07-02 23:27:34	cid=936	cas=98-92-0	modality=ir	url=https://webbook.nist.gov/cgi/cbook.cgi?JCAMP=C98920&Index=7&Type=IR	reason=download_http_404	message=
2026-07-02 23:27:38	cid=936	cas=98-92-0	modality=ir	url=https://webbook.nist.gov/cgi/cbook.cgi?JCAMP=C98920&Index=8&Type=IR	reason=download_http_404	message=
2026-07-02 23:27:38	cid=936	cas=98-92-0	modality=ir	url=https://webbook.nist.gov/cgi/cbook.cgi?JCAMP=C98920&Index=9&Type=IR	reason=download_http_404	message=
2026-07-02 23:27:43	cid=936	cas=98-92-0	modality=uvvis	url=https://webbook.nist.gov/cgi/cbook.cgi?JCAMP=C98920&Index=1&Type=UVVis	reason=download_http_404	message=
2026-07-02 23:27:43	cid=936	cas=98-92-0	modality=uvvis	url=https://webbook.nist.gov/cgi/cbook.cgi?JCAMP=C98920&Index=2&Type=UVVis	reason=download_http_404	message=
2026-07-02 23:27:44	cid=936	cas=98-92-0	modality=uvvis	url=https://webbook.nist.gov/cgi/cbook.cgi?JCAMP=C98920&Index=3&Type=UVVis	reason=download_http_404	message=
2026-07-02 23:27:44	cid=936	cas=98-92-0	modality=uvvis	url=https://webbook.nist.gov/cgi/cbook.cgi?JCAMP=C98920&Index=4&Type=UVVis	reason=download_http_404	message=
2026-07-02 23:27:45	cid=936	cas=98-92-0	modality=uvvis	url=https://webbook.nist.gov/cgi/cbook.cgi?JCAMP=C98920&Index=5&Type=UVVis	reason=download_http_404	message=
2026-07-02 23:27:49	cid=936	cas=98-92-0	modality=uvvis	url=https://webbook.nist.gov/cgi/cbook.cgi?JCAMP=C98920&Index=6&Type=UVVis	reason=download_http_404	message=
2026-07-02 23:27:49	cid=936	cas=98-92-0	modality=uvvis	url=https://webbook.nist.gov/cgi/cbook.cgi?JCAMP=C98920&Index=7&Type=UVVis	reason=download_http_404	message=
2026-07-02 23:27:50	cid=936	cas=98-92-0	modality=uvvis	url=https://webbook.nist.gov/cgi/cbook.cgi?JCAMP=C98920&Index=8&Type=UVVis	reason=download_http_404	message=
2026-07-02 23:27:51	cid=936	cas=98-92-0	modality=uvvis	url=https://webbook.nist.gov/cgi/cbook.cgi?JCAMP=C98920&Index=9&Type=UVVis	reason=download_http_404	message=
2026-07-02 23:27:53	cid=937	cas=	modality=	url=	reason=not_found	message=no_cas_in_synonyms
2026-07-02 23:28:03	cid=938	cas=59-67-6	modality=ir	url=https://webbook.nist.gov/cgi/cbook.cgi?JCAMP=C59676&Index=3&Type=IR	reason=download_http_404	message=
2026-07-02 23:28:03	cid=938	cas=59-67-6	modality=ir	url=https://webbook.nist.gov/cgi/cbook.cgi?JCAMP=C59676&Index=4&Type=IR	reason=download_http_404	message=
2026-07-02 23:28:04	cid=938	cas=59-67-6	modality=ir	url=https://webbook.nist.gov/cgi/cbook.cgi?JCAMP=C59676&Index=5&Type=IR	reason=download_http_404	message=
2026-07-02 23:28:04	cid=938	cas=59-67-6	modality=ir	url=https://webbook.nist.gov/cgi/cbook.cgi?JCAMP=C59676&Index=6&Type=IR	reason=download_http_404	message=
2026-07-02 23:28:08	cid=938	cas=59-67-6	modality=ir	url=https://webbook.nist.gov/cgi/cbook.cgi?JCAMP=C59676&Index=7&Type=IR	reason=download_http_404	message=
2026-07-02 23:28:09	cid=938	cas=59-67-6	modality=ir	url=https://webbook.nist.gov/cgi/cbook.cgi?JCAMP=C59676&Index=8&Type=IR	reason=download_http_404	message=
2026-07-02 23:28:10	cid=938	cas=59-67-6	modality=ir	url=https://webbook.nist.gov/cgi/cbook.cgi?JCAMP=C59676&Index=9&Type=IR	reason=download_http_404	message=
2026-07-02 23:28:10	cid=938	cas=59-67-6	modality=uvvis	url=https://webbook.nist.gov/cgi/cbook.cgi?JCAMP=C59676&Index=1&Type=UVVis	reason=download_http_404	message=
2026-07-02 23:28:14	cid=938	cas=59-67-6	modality=uvvis	url=https://webbook.nist.gov/cgi/cbook.cgi?JCAMP=C59676&Index=2&Type=UVVis	reason=download_http_404	message=
2026-07-02 23:28:18	cid=938	cas=59-67-6	modality=uvvis	url=https://webbook.nist.gov/cgi/cbook.cgi?JCAMP=C59676&Index=3&Type=UVVis	reason=download_http_404	message=
2026-07-02 23:28:19	cid=938	cas=59-67-6	modality=uvvis	url=https://webbook.nist.gov/cgi/cbook.cgi?JCAMP=C59676&Index=4&Type=UVVis	reason=download_http_404	message=
2026-07-02 23:28:23	cid=938	cas=59-67-6	modality=uvvis	url=https://webbook.nist.gov/cgi/cbook.cgi?JCAMP=C59676&Index=5&Type=UVVis	reason=download_http_404	message=
2026-07-02 23:28:27	cid=938	cas=59-67-6	modality=uvvis	url=https://webbook.nist.gov/cgi/cbook.cgi?JCAMP=C59676&Index=6&Type=UVVis	reason=download_http_404	message=
2026-07-02 23:28:28	cid=938	cas=59-67-6	modality=uvvis	url=https://webbook.nist.gov/cgi/cbook.cgi?JCAMP=C59676&Index=7&Type=UVVis	reason=download_http_404	message=
2026-07-02 23:28:28	cid=938	cas=59-67-6	modality=uvvis	url=https://webbook.nist.gov/cgi/cbook.cgi?JCAMP=C59676&Index=8&Type=UVVis	reason=download_http_404	message=
2026-07-02 23:28:28	cid=938	cas=59-67-6	modality=uvvis	url=https://webbook.nist.gov/cgi/cbook.cgi?JCAMP=C59676&Index=9&Type=UVVis	reason=download_http_404	message=
2026-07-02 23:28:29	cid=939	cas=	modality=	url=	reason=not_found	message=no_cas_in_synonyms
2026-07-02 23:28:30	cid=940	cas=	modality=	url=	reason=not_found	message=no_cas_in_synonyms
2026-07-02 23:28:32	cid=941	cas=	modality=	url=	reason=not_found	message=no_cas_in_synonyms
2026-07-02 23:28:33	cid=942	cas=22083-74-5	modality=	url=https://webbook.nist.gov/cgi/cbook.cgi?ID=22083-74-5&Units=SI&Mask=480	reason=no_jcamp_links	message=
2026-07-02 23:28:43	cid=949	cas=121-69-7	modality=ir	url=https://webbook.nist.gov/cgi/cbook.cgi?JCAMP=C121697&Index=2&Type=IR	reason=download_http_404	message=
2026-07-02 23:28:44	cid=949	cas=121-69-7	modality=ir	url=https://webbook.nist.gov/cgi/cbook.cgi?JCAMP=C121697&Index=3&Type=IR	reason=download_http_404	message=
2026-07-02 23:28:44	cid=949	cas=121-69-7	modality=ir	url=https://webbook.nist.gov/cgi/cbook.cgi?JCAMP=C121697&Index=4&Type=IR	reason=download_http_404	message=
2026-07-02 23:28:45	cid=949	cas=121-69-7	modality=ir	url=https://webbook.nist.gov/cgi/cbook.cgi?JCAMP=C121697&Index=5&Type=IR	reason=download_http_404	message=
2026-07-02 23:28:45	cid=949	cas=121-69-7	modality=ir	url=https://webbook.nist.gov/cgi/cbook.cgi?JCAMP=C121697&Index=6&Type=IR	reason=download_http_404	message=
2026-07-02 23:28:50	cid=949	cas=121-69-7	modality=ir	url=https://webbook.nist.gov/cgi/cbook.cgi?JCAMP=C121697&Index=7&Type=IR	reason=download_http_404	message=
2026-07-02 23:28:50	cid=949	cas=121-69-7	modality=ir	url=https://webbook.nist.gov/cgi/cbook.cgi?JCAMP=C121697&Index=8&Type=IR	reason=download_http_404	message=
2026-07-02 23:28:52	cid=949	cas=121-69-7	modality=ir	url=https://webbook.nist.gov/cgi/cbook.cgi?JCAMP=C121697&Index=9&Type=IR	reason=download_http_404	message=
2026-07-02 23:28:54	cid=950	cas=874-52-2	modality=	url=https://webbook.nist.gov/cgi/cbook.cgi?ID=874-52-2&Units=SI&Mask=480	reason=nist_not_found	message=
2026-07-02 23:28:56	cid=951	cas=586-17-4	modality=	url=https://webbook.nist.gov/cgi/cbook.cgi?ID=586-17-4&Units=SI&Mask=480	reason=nist_not_found	message=
2026-07-02 23:28:57	cid=952	cas=	modality=	url=	reason=not_found	message=no_cas_in_synonyms
2026-07-02 23:28:58	cid=953	cas=	modality=	url=	reason=not_found	message=no_cas_in_synonyms
2026-07-02 23:29:00	cid=954	cas=1817-00-1	modality=	url=https://webbook.nist.gov/cgi/cbook.cgi?ID=1817-00-1&Units=SI&Mask=480	reason=nist_not_found	message=
2026-07-02 23:29:02	cid=955	cas=27415-09-4	modality=	url=https://webbook.nist.gov/cgi/cbook.cgi?ID=27415-09-4&Units=SI&Mask=480	reason=nist_not_found	message=
2026-07-02 23:29:06	cid=957	cas=111-87-5	modality=ir	url=https://webbook.nist.gov/cgi/cbook.cgi?JCAMP=C111875&Index=1&Type=IR	reason=download_http_404	message=
2026-07-02 23:29:07	cid=957	cas=111-87-5	modality=ir	url=https://webbook.nist.gov/cgi/cbook.cgi?JCAMP=C111875&Index=2&Type=IR	reason=download_http_404	message=
2026-07-02 23:29:08	cid=957	cas=111-87-5	modality=ir	url=https://webbook.nist.gov/cgi/cbook.cgi?JCAMP=C111875&Index=3&Type=IR	reason=download_http_404	message=
2026-07-02 23:29:09	cid=957	cas=111-87-5	modality=ir	url=https://webbook.nist.gov/cgi/cbook.cgi?JCAMP=C111875&Index=4&Type=IR	reason=download_http_404	message=
2026-07-02 23:29:14	cid=957	cas=111-87-5	modality=ir	url=https://webbook.nist.gov/cgi/cbook.cgi?JCAMP=C111875&Index=5&Type=IR	reason=download_http_404	message=
2026-07-02 23:29:15	cid=957	cas=111-87-5	modality=ir	url=https://webbook.nist.gov/cgi/cbook.cgi?JCAMP=C111875&Index=6&Type=IR	reason=download_http_404	message=
2026-07-02 23:29:15	cid=957	cas=111-87-5	modality=ir	url=https://webbook.nist.gov/cgi/cbook.cgi?JCAMP=C111875&Index=7&Type=IR	reason=download_http_404	message=
2026-07-02 23:29:15	cid=957	cas=111-87-5	modality=ir	url=https://webbook.nist.gov/cgi/cbook.cgi?JCAMP=C111875&Index=8&Type=IR	reason=download_http_404	message=
2026-07-02 23:29:17	cid=957	cas=111-87-5	modality=ir	url=https://webbook.nist.gov/cgi/cbook.cgi?JCAMP=C111875&Index=9&Type=IR	reason=download_http_404	message=
2026-07-02 23:29:19	cid=958	cas=6917-53-9	modality=	url=https://webbook.nist.gov/cgi/cbook.cgi?ID=6917-53-9&Units=SI&Mask=480	reason=nist_not_found	message=
2026-07-02 23:29:21	cid=959	cas=6917-54-0	modality=	url=https://webbook.nist.gov/cgi/cbook.cgi?ID=6917-54-0&Units=SI&Mask=480	reason=nist_not_found	message=
2026-07-02 23:29:23	cid=964	cas=1113-60-6	modality=	url=https://webbook.nist.gov/cgi/cbook.cgi?ID=1113-60-6&Units=SI&Mask=480	reason=nist_not_found	message=
2026-07-02 23:29:25	cid=965	cas=2027-47-6	modality=	url=https://webbook.nist.gov/cgi/cbook.cgi?ID=2027-47-6&Units=SI&Mask=480	reason=no_jcamp_links	message=
2026-07-02 23:29:28	cid=967	cas=65-86-1	modality=	url=https://webbook.nist.gov/cgi/cbook.cgi?ID=65-86-1&Units=SI&Mask=480	reason=no_jcamp_links	message=
2026-07-02 23:29:29	cid=968	cas=	modality=	url=	reason=not_found	message=no_cas_in_synonyms
2026-07-02 23:29:30	cid=969	cas=	modality=	url=	reason=not_found	message=no_cas_in_synonyms
2026-07-02 23:29:33	cid=970	cas=328-42-7	modality=uvvis	url=https://webbook.nist.gov/cgi/cbook.cgi?JCAMP=C328427&Index=1&Type=UVVis	reason=download_http_404	message=
2026-07-02 23:29:33	cid=970	cas=328-42-7	modality=uvvis	url=https://webbook.nist.gov/cgi/cbook.cgi?JCAMP=C328427&Index=2&Type=UVVis	reason=download_http_404	message=
2026-07-02 23:29:33	cid=970	cas=328-42-7	modality=uvvis	url=https://webbook.nist.gov/cgi/cbook.cgi?JCAMP=C328427&Index=3&Type=UVVis	reason=download_http_404	message=
2026-07-02 23:29:34	cid=970	cas=328-42-7	modality=uvvis	url=https://webbook.nist.gov/cgi/cbook.cgi?JCAMP=C328427&Index=4&Type=UVVis	reason=download_http_404	message=
2026-07-02 23:29:45	cid=970	cas=328-42-7	modality=uvvis	url=https://webbook.nist.gov/cgi/cbook.cgi?JCAMP=C328427&Index=5&Type=UVVis	reason=download_http_404	message=
2026-07-02 23:29:45	cid=970	cas=328-42-7	modality=uvvis	url=https://webbook.nist.gov/cgi/cbook.cgi?JCAMP=C328427&Index=6&Type=UVVis	reason=download_http_404	message=
2026-07-02 23:29:45	cid=970	cas=328-42-7	modality=uvvis	url=https://webbook.nist.gov/cgi/cbook.cgi?JCAMP=C328427&Index=7&Type=UVVis	reason=download_http_404	message=
2026-07-02 23:29:46	cid=970	cas=328-42-7	modality=uvvis	url=https://webbook.nist.gov/cgi/cbook.cgi?JCAMP=C328427&Index=8&Type=UVVis	reason=download_http_404	message=
2026-07-02 23:29:46	cid=970	cas=328-42-7	modality=uvvis	url=https://webbook.nist.gov/cgi/cbook.cgi?JCAMP=C328427&Index=9&Type=UVVis	reason=download_http_404	message=
2026-07-02 23:29:53	cid=971	cas=144-62-7	modality=uvvis	url=https://webbook.nist.gov/cgi/cbook.cgi?JCAMP=C144627&Index=1&Type=UVVis	reason=download_http_404	message=
2026-07-02 23:29:53	cid=971	cas=144-62-7	modality=uvvis	url=https://webbook.nist.gov/cgi/cbook.cgi?JCAMP=C144627&Index=2&Type=UVVis	reason=download_http_404	message=
2026-07-02 23:29:54	cid=971	cas=144-62-7	modality=uvvis	url=https://webbook.nist.gov/cgi/cbook.cgi?JCAMP=C144627&Index=3&Type=UVVis	reason=download_http_404	message=
2026-07-02 23:29:59	cid=971	cas=144-62-7	modality=uvvis	url=https://webbook.nist.gov/cgi/cbook.cgi?JCAMP=C144627&Index=4&Type=UVVis	reason=download_http_404	message=
2026-07-02 23:29:59	cid=971	cas=144-62-7	modality=uvvis	url=https://webbook.nist.gov/cgi/cbook.cgi?JCAMP=C144627&Index=5&Type=UVVis	reason=download_http_404	message=
2026-07-02 23:30:00	cid=971	cas=144-62-7	modality=uvvis	url=https://webbook.nist.gov/cgi/cbook.cgi?JCAMP=C144627&Index=6&Type=UVVis	reason=download_http_404	message=
2026-07-02 23:30:00	cid=971	cas=144-62-7	modality=uvvis	url=https://webbook.nist.gov/cgi/cbook.cgi?JCAMP=C144627&Index=7&Type=UVVis	reason=download_http_404	message=
2026-07-02 23:30:00	cid=971	cas=144-62-7	modality=uvvis	url=https://webbook.nist.gov/cgi/cbook.cgi?JCAMP=C144627&Index=8&Type=UVVis	reason=download_http_404	message=
2026-07-02 23:30:05	cid=971	cas=144-62-7	modality=uvvis	url=https://webbook.nist.gov/cgi/cbook.cgi?JCAMP=C144627&Index=9&Type=UVVis	reason=download_http_404	message=
2026-07-02 23:30:07	cid=972	cas=1948-82-9	modality=	url=https://webbook.nist.gov/cgi/cbook.cgi?ID=1948-82-9&Units=SI&Mask=480	reason=nist_not_found	message=
2026-07-02 23:30:08	cid=974	cas=471-47-6	modality=	url=https://webbook.nist.gov/cgi/cbook.cgi?ID=471-47-6&Units=SI&Mask=480	reason=no_jcamp_links	message=
2026-07-02 23:30:10	cid=975	cas=40055-98-9	modality=	url=https://webbook.nist.gov/cgi/cbook.cgi?ID=40055-98-9&Units=SI&Mask=480	reason=nist_not_found	message=
2026-07-02 23:30:12	cid=976	cas=20406-62-6	modality=	url=https://webbook.nist.gov/cgi/cbook.cgi?ID=20406-62-6&Units=SI&Mask=480	reason=nist_not_found	message=
2026-07-02 23:30:20	cid=978	cas=150-13-0	modality=ir	url=https://webbook.nist.gov/cgi/cbook.cgi?JCAMP=C150130&Index=2&Type=IR	reason=download_http_404	message=
2026-07-02 23:30:21	cid=978	cas=150-13-0	modality=ir	url=https://webbook.nist.gov/cgi/cbook.cgi?JCAMP=C150130&Index=3&Type=IR	reason=download_http_404	message=
2026-07-02 23:30:21	cid=978	cas=150-13-0	modality=ir	url=https://webbook.nist.gov/cgi/cbook.cgi?JCAMP=C150130&Index=4&Type=IR	reason=download_http_404	message=
2026-07-02 23:30:21	cid=978	cas=150-13-0	modality=ir	url=https://webbook.nist.gov/cgi/cbook.cgi?JCAMP=C150130&Index=5&Type=IR	reason=download_http_404	message=
2026-07-02 23:30:22	cid=978	cas=150-13-0	modality=ir	url=https://webbook.nist.gov/cgi/cbook.cgi?JCAMP=C150130&Index=6&Type=IR	reason=download_http_404	message=
2026-07-02 23:30:28	cid=978	cas=150-13-0	modality=ir	url=https://webbook.nist.gov/cgi/cbook.cgi?JCAMP=C150130&Index=7&Type=IR	reason=download_http_404	message=
2026-07-02 23:30:28	cid=978	cas=150-13-0	modality=ir	url=https://webbook.nist.gov/cgi/cbook.cgi?JCAMP=C150130&Index=8&Type=IR	reason=download_http_404	message=
2026-07-02 23:30:29	cid=978	cas=150-13-0	modality=ir	url=https://webbook.nist.gov/cgi/cbook.cgi?JCAMP=C150130&Index=9&Type=IR	reason=download_http_404	message=
2026-07-02 23:30:29	cid=978	cas=150-13-0	modality=uvvis	url=https://webbook.nist.gov/cgi/cbook.cgi?JCAMP=C150130&Index=1&Type=UVVis	reason=download_http_404	message=
2026-07-02 23:30:29	cid=978	cas=150-13-0	modality=uvvis	url=https://webbook.nist.gov/cgi/cbook.cgi?JCAMP=C150130&Index=2&Type=UVVis	reason=download_http_404	message=
2026-07-02 23:30:40	cid=978	cas=150-13-0	modality=uvvis	url=https://webbook.nist.gov/cgi/cbook.cgi?JCAMP=C150130&Index=3&Type=UVVis	reason=download_http_404	message=
2026-07-02 23:30:40	cid=978	cas=150-13-0	modality=uvvis	url=https://webbook.nist.gov/cgi/cbook.cgi?JCAMP=C150130&Index=4&Type=UVVis	reason=download_http_404	message=
2026-07-02 23:30:41	cid=978	cas=150-13-0	modality=uvvis	url=https://webbook.nist.gov/cgi/cbook.cgi?JCAMP=C150130&Index=5&Type=UVVis	reason=download_http_404	message=
2026-07-02 23:30:42	cid=978	cas=150-13-0	modality=uvvis	url=https://webbook.nist.gov/cgi/cbook.cgi?JCAMP=C150130&Index=6&Type=UVVis	reason=download_http_404	message=
2026-07-02 23:30:42	cid=978	cas=150-13-0	modality=uvvis	url=https://webbook.nist.gov/cgi/cbook.cgi?JCAMP=C150130&Index=7&Type=UVVis	reason=download_http_404	message=
2026-07-02 23:30:47	cid=978	cas=150-13-0	modality=uvvis	url=https://webbook.nist.gov/cgi/cbook.cgi?JCAMP=C150130&Index=8&Type=UVVis	reason=download_http_404	message=
2026-07-02 23:30:47	cid=978	cas=150-13-0	modality=uvvis	url=https://webbook.nist.gov/cgi/cbook.cgi?JCAMP=C150130&Index=9&Type=UVVis	reason=download_http_404	message=
2026-07-02 23:30:50	cid=979	cas=156-39-8	modality=	url=https://webbook.nist.gov/cgi/cbook.cgi?ID=156-39-8&Units=SI&Mask=480	reason=no_jcamp_links	message=
2026-07-02 23:30:58	cid=980	cas=100-02-7	modality=ir	url=https://webbook.nist.gov/cgi/cbook.cgi?JCAMP=C100027&Index=3&Type=IR	reason=download_http_404	message=
2026-07-02 23:30:59	cid=980	cas=100-02-7	modality=ir	url=https://webbook.nist.gov/cgi/cbook.cgi?JCAMP=C100027&Index=4&Type=IR	reason=download_http_404	message=
2026-07-02 23:30:59	cid=980	cas=100-02-7	modality=ir	url=https://webbook.nist.gov/cgi/cbook.cgi?JCAMP=C100027&Index=5&Type=IR	reason=download_http_404	message=
2026-07-02 23:30:59	cid=980	cas=100-02-7	modality=ir	url=https://webbook.nist.gov/cgi/cbook.cgi?JCAMP=C100027&Index=6&Type=IR	reason=download_http_404	message=
2026-07-02 23:31:10	cid=980	cas=100-02-7	modality=ir	url=https://webbook.nist.gov/cgi/cbook.cgi?JCAMP=C100027&Index=7&Type=IR	reason=download_http_404	message=
2026-07-02 23:31:11	cid=980	cas=100-02-7	modality=ir	url=https://webbook.nist.gov/cgi/cbook.cgi?JCAMP=C100027&Index=8&Type=IR	reason=download_http_404	message=
2026-07-02 23:31:11	cid=980	cas=100-02-7	modality=ir	url=https://webbook.nist.gov/cgi/cbook.cgi?JCAMP=C100027&Index=9&Type=IR	reason=download_http_404	message=
2026-07-02 23:31:11	cid=980	cas=100-02-7	modality=uvvis	url=https://webbook.nist.gov/cgi/cbook.cgi?JCAMP=C100027&Index=1&Type=UVVis	reason=download_http_404	message=
2026-07-02 23:31:12	cid=980	cas=100-02-7	modality=uvvis	url=https://webbook.nist.gov/cgi/cbook.cgi?JCAMP=C100027&Index=2&Type=UVVis	reason=download_http_404	message=
2026-07-02 23:31:23	cid=980	cas=100-02-7	modality=uvvis	url=https://webbook.nist.gov/cgi/cbook.cgi?JCAMP=C100027&Index=3&Type=UVVis	reason=download_http_404	message=
2026-07-02 23:31:23	cid=980	cas=100-02-7	modality=uvvis	url=https://webbook.nist.gov/cgi/cbook.cgi?JCAMP=C100027&Index=4&Type=UVVis	reason=download_http_404	message=
2026-07-02 23:31:24	cid=980	cas=100-02-7	modality=uvvis	url=https://webbook.nist.gov/cgi/cbook.cgi?JCAMP=C100027&Index=5&Type=UVVis	reason=download_http_404	message=
2026-07-02 23:31:24	cid=980	cas=100-02-7	modality=uvvis	url=https://webbook.nist.gov/cgi/cbook.cgi?JCAMP=C100027&Index=6&Type=UVVis	reason=download_http_404	message=
2026-07-02 23:31:24	cid=980	cas=100-02-7	modality=uvvis	url=https://webbook.nist.gov/cgi/cbook.cgi?JCAMP=C100027&Index=7&Type=UVVis	reason=download_http_404	message=
2026-07-02 23:31:29	cid=980	cas=100-02-7	modality=uvvis	url=https://webbook.nist.gov/cgi/cbook.cgi?JCAMP=C100027&Index=8&Type=UVVis	reason=download_http_404	message=
2026-07-02 23:31:29	cid=980	cas=100-02-7	modality=uvvis	url=https://webbook.nist.gov/cgi/cbook.cgi?JCAMP=C100027&Index=9&Type=UVVis	reason=download_http_404	message=
2026-07-02 23:31:31	cid=981	cas=	modality=	url=	reason=not_found	message=no_cas_in_synonyms
2026-07-02 23:31:32	cid=982	cas=158700-26-6	modality=	url=https://webbook.nist.gov/cgi/cbook.cgi?ID=158700-26-6&Units=SI&Mask=480	reason=nist_not_found	message=
2026-07-02 23:31:35	cid=984	cas=629-80-1	modality=	url=https://webbook.nist.gov/cgi/cbook.cgi?ID=629-80-1&Units=SI&Mask=480	reason=no_jcamp_links	message=
2026-07-02 23:31:39	cid=985	cas=57-10-3	modality=ir	url=https://webbook.nist.gov/cgi/cbook.cgi?JCAMP=C57103&Index=1&Type=IR	reason=download_http_404	message=
2026-07-02 23:31:40	cid=985	cas=57-10-3	modality=ir	url=https://webbook.nist.gov/cgi/cbook.cgi?JCAMP=C57103&Index=2&Type=IR	reason=download_http_404	message=
2026-07-02 23:31:40	cid=985	cas=57-10-3	modality=ir	url=https://webbook.nist.gov/cgi/cbook.cgi?JCAMP=C57103&Index=3&Type=IR	reason=download_http_404	message=
2026-07-02 23:31:40	cid=985	cas=57-10-3	modality=ir	url=https://webbook.nist.gov/cgi/cbook.cgi?JCAMP=C57103&Index=4&Type=IR	reason=download_http_404	message=
2026-07-02 23:31:45	cid=985	cas=57-10-3	modality=ir	url=https://webbook.nist.gov/cgi/cbook.cgi?JCAMP=C57103&Index=5&Type=IR	reason=download_http_404	message=
2026-07-02 23:31:46	cid=985	cas=57-10-3	modality=ir	url=https://webbook.nist.gov/cgi/cbook.cgi?JCAMP=C57103&Index=6&Type=IR	reason=download_http_404	message=
2026-07-02 23:31:46	cid=985	cas=57-10-3	modality=ir	url=https://webbook.nist.gov/cgi/cbook.cgi?JCAMP=C57103&Index=7&Type=IR	reason=download_http_404	message=
2026-07-02 23:31:47	cid=985	cas=57-10-3	modality=ir	url=https://webbook.nist.gov/cgi/cbook.cgi?JCAMP=C57103&Index=8&Type=IR	reason=download_http_404	message=
2026-07-02 23:31:47	cid=985	cas=57-10-3	modality=ir	url=https://webbook.nist.gov/cgi/cbook.cgi?JCAMP=C57103&Index=9&Type=IR	reason=download_http_404	message=
2026-07-02 23:31:48	cid=987	cas=	modality=	url=	reason=not_found	message=no_cas_in_synonyms
2026-07-02 23:31:51	cid=988	cas=599-54-2	modality=	url=https://webbook.nist.gov/cgi/cbook.cgi?ID=599-54-2&Units=SI&Mask=480	reason=nist_not_found	message=
2026-07-02 23:31:55	cid=989	cas=79-50-5	modality=ir	url=https://webbook.nist.gov/cgi/cbook.cgi?JCAMP=C599042&Index=1&Type=IR	reason=download_http_404	message=
2026-07-02 23:31:56	cid=989	cas=79-50-5	modality=ir	url=https://webbook.nist.gov/cgi/cbook.cgi?JCAMP=C599042&Index=2&Type=IR	reason=download_http_404	message=
2026-07-02 23:31:56	cid=989	cas=79-50-5	modality=ir	url=https://webbook.nist.gov/cgi/cbook.cgi?JCAMP=C599042&Index=3&Type=IR	reason=download_http_404	message=
2026-07-02 23:32:07	cid=989	cas=79-50-5	modality=ir	url=https://webbook.nist.gov/cgi/cbook.cgi?JCAMP=C599042&Index=4&Type=IR	reason=download_http_404	message=
2026-07-02 23:32:07	cid=989	cas=79-50-5	modality=ir	url=https://webbook.nist.gov/cgi/cbook.cgi?JCAMP=C599042&Index=5&Type=IR	reason=download_http_404	message=
2026-07-02 23:32:07	cid=989	cas=79-50-5	modality=ir	url=https://webbook.nist.gov/cgi/cbook.cgi?JCAMP=C599042&Index=6&Type=IR	reason=download_http_404	message=
2026-07-02 23:32:08	cid=989	cas=79-50-5	modality=ir	url=https://webbook.nist.gov/cgi/cbook.cgi?JCAMP=C599042&Index=7&Type=IR	reason=download_http_404	message=
2026-07-02 23:32:08	cid=989	cas=79-50-5	modality=ir	url=https://webbook.nist.gov/cgi/cbook.cgi?JCAMP=C599042&Index=8&Type=IR	reason=download_http_404	message=
2026-07-02 23:32:18	cid=989	cas=79-50-5	modality=ir	url=https://webbook.nist.gov/cgi/cbook.cgi?JCAMP=C599042&Index=9&Type=IR	reason=download_http_404	message=
2026-07-02 23:32:19	cid=990	cas=	modality=	url=	reason=not_found	message=no_cas_in_synonyms
2026-07-02 23:32:26	cid=991	cas=56-38-2	modality=ir	url=https://webbook.nist.gov/cgi/cbook.cgi?JCAMP=C56382&Index=2&Type=IR	reason=download_http_404	message=
2026-07-02 23:32:27	cid=991	cas=56-38-2	modality=ir	url=https://webbook.nist.gov/cgi/cbook.cgi?JCAMP=C56382&Index=3&Type=IR	reason=download_http_404	message=
2026-07-02 23:32:27	cid=991	cas=56-38-2	modality=ir	url=https://webbook.nist.gov/cgi/cbook.cgi?JCAMP=C56382&Index=4&Type=IR	reason=download_http_404	message=
2026-07-02 23:32:32	cid=991	cas=56-38-2	modality=ir	url=https://webbook.nist.gov/cgi/cbook.cgi?JCAMP=C56382&Index=5&Type=IR	reason=download_http_404	message=
2026-07-02 23:32:32	cid=991	cas=56-38-2	modality=ir	url=https://webbook.nist.gov/cgi/cbook.cgi?JCAMP=C56382&Index=6&Type=IR	reason=download_http_404	message=
2026-07-02 23:32:36	cid=991	cas=56-38-2	modality=ir	url=https://webbook.nist.gov/cgi/cbook.cgi?JCAMP=C56382&Index=7&Type=IR	reason=download_http_404	message=
2026-07-02 23:32:40	cid=991	cas=56-38-2	modality=ir	url=https://webbook.nist.gov/cgi/cbook.cgi?JCAMP=C56382&Index=8&Type=IR	reason=download_http_404	message=
2026-07-02 23:32:41	cid=991	cas=56-38-2	modality=ir	url=https://webbook.nist.gov/cgi/cbook.cgi?JCAMP=C56382&Index=9&Type=IR	reason=download_http_404	message=
2026-07-02 23:32:41	cid=991	cas=56-38-2	modality=uvvis	url=https://webbook.nist.gov/cgi/cbook.cgi?JCAMP=C56382&Index=1&Type=UVVis	reason=download_http_404	message=
2026-07-02 23:32:42	cid=991	cas=56-38-2	modality=uvvis	url=https://webbook.nist.gov/cgi/cbook.cgi?JCAMP=C56382&Index=2&Type=UVVis	reason=download_http_404	message=
2026-07-02 23:32:42	cid=991	cas=56-38-2	modality=uvvis	url=https://webbook.nist.gov/cgi/cbook.cgi?JCAMP=C56382&Index=3&Type=UVVis	reason=download_http_404	message=
2026-07-02 23:32:47	cid=991	cas=56-38-2	modality=uvvis	url=https://webbook.nist.gov/cgi/cbook.cgi?JCAMP=C56382&Index=4&Type=UVVis	reason=download_http_404	message=
2026-07-02 23:32:47	cid=991	cas=56-38-2	modality=uvvis	url=https://webbook.nist.gov/cgi/cbook.cgi?JCAMP=C56382&Index=5&Type=UVVis	reason=download_http_404	message=
2026-07-02 23:32:51	cid=991	cas=56-38-2	modality=uvvis	url=https://webbook.nist.gov/cgi/cbook.cgi?JCAMP=C56382&Index=6&Type=UVVis	reason=download_http_404	message=
2026-07-02 23:32:52	cid=991	cas=56-38-2	modality=uvvis	url=https://webbook.nist.gov/cgi/cbook.cgi?JCAMP=C56382&Index=7&Type=UVVis	reason=download_http_404	message=
2026-07-02 23:32:52	cid=991	cas=56-38-2	modality=uvvis	url=https://webbook.nist.gov/cgi/cbook.cgi?JCAMP=C56382&Index=8&Type=UVVis	reason=download_http_404	message=
2026-07-02 23:32:52	cid=991	cas=56-38-2	modality=uvvis	url=https://webbook.nist.gov/cgi/cbook.cgi?JCAMP=C56382&Index=9&Type=UVVis	reason=download_http_404	message=
2026-07-02 23:33:02	cid=992	cas=87-86-5	modality=ir	url=https://webbook.nist.gov/cgi/cbook.cgi?JCAMP=C87865&Index=2&Type=IR	reason=download_http_404	message=
2026-07-02 23:33:03	cid=992	cas=87-86-5	modality=ir	url=https://webbook.nist.gov/cgi/cbook.cgi?JCAMP=C87865&Index=3&Type=IR	reason=download_http_404	message=
2026-07-02 23:33:03	cid=992	cas=87-86-5	modality=ir	url=https://webbook.nist.gov/cgi/cbook.cgi?JCAMP=C87865&Index=4&Type=IR	reason=download_http_404	message=
2026-07-02 23:33:03	cid=992	cas=87-86-5	modality=ir	url=https://webbook.nist.gov/cgi/cbook.cgi?JCAMP=C87865&Index=5&Type=IR	reason=download_http_404	message=
2026-07-02 23:33:07	cid=992	cas=87-86-5	modality=ir	url=https://webbook.nist.gov/cgi/cbook.cgi?JCAMP=C87865&Index=6&Type=IR	reason=download_http_404	message=
2026-07-02 23:33:07	cid=992	cas=87-86-5	modality=ir	url=https://webbook.nist.gov/cgi/cbook.cgi?JCAMP=C87865&Index=7&Type=IR	reason=download_http_404	message=
2026-07-02 23:33:12	cid=992	cas=87-86-5	modality=ir	url=https://webbook.nist.gov/cgi/cbook.cgi?JCAMP=C87865&Index=8&Type=IR	reason=download_http_404	message=
2026-07-02 23:33:12	cid=992	cas=87-86-5	modality=ir	url=https://webbook.nist.gov/cgi/cbook.cgi?JCAMP=C87865&Index=9&Type=IR	reason=download_http_404	message=
2026-07-02 23:33:14	cid=993	cas=292853-79-3	modality=	url=https://webbook.nist.gov/cgi/cbook.cgi?ID=292853-79-3&Units=SI&Mask=480	reason=nist_not_found	message=
2026-07-02 23:33:16	cid=994	cas=150-30-1	modality=	url=https://webbook.nist.gov/cgi/cbook.cgi?ID=150-30-1&Units=SI&Mask=480	reason=no_jcamp_links	message=
2026-07-02 23:33:22	cid=995	cas=85-01-8	modality=ir	url=https://webbook.nist.gov/cgi/cbook.cgi?JCAMP=C1517222&Index=1&Type=IR	reason=download_http_404	message=
2026-07-02 23:33:23	cid=995	cas=85-01-8	modality=ir	url=https://webbook.nist.gov/cgi/cbook.cgi?JCAMP=C1517222&Index=2&Type=IR	reason=download_http_404	message=
2026-07-02 23:33:27	cid=995	cas=85-01-8	modality=ir	url=https://webbook.nist.gov/cgi/cbook.cgi?JCAMP=C1517222&Index=3&Type=IR	reason=download_http_404	message=
2026-07-02 23:33:27	cid=995	cas=85-01-8	modality=ir	url=https://webbook.nist.gov/cgi/cbook.cgi?JCAMP=C1517222&Index=4&Type=IR	reason=download_http_404	message=
2026-07-02 23:33:27	cid=995	cas=85-01-8	modality=ir	url=https://webbook.nist.gov/cgi/cbook.cgi?JCAMP=C1517222&Index=5&Type=IR	reason=download_http_404	message=
2026-07-02 23:33:28	cid=995	cas=85-01-8	modality=ir	url=https://webbook.nist.gov/cgi/cbook.cgi?JCAMP=C1517222&Index=6&Type=IR	reason=download_http_404	message=
2026-07-02 23:33:29	cid=995	cas=85-01-8	modality=ir	url=https://webbook.nist.gov/cgi/cbook.cgi?JCAMP=C1517222&Index=7&Type=IR	reason=download_http_404	message=
2026-07-02 23:33:29	cid=995	cas=85-01-8	modality=ir	url=https://webbook.nist.gov/cgi/cbook.cgi?JCAMP=C1517222&Index=8&Type=IR	reason=download_http_404	message=
2026-07-02 23:33:34	cid=995	cas=85-01-8	modality=ir	url=https://webbook.nist.gov/cgi/cbook.cgi?JCAMP=C1517222&Index=9&Type=IR	reason=download_http_404	message=
2026-07-02 23:33:34	cid=995	cas=85-01-8	modality=uvvis	url=https://webbook.nist.gov/cgi/cbook.cgi?JCAMP=C1517222&Index=0&Type=UVVis	reason=download_http_404	message=
2026-07-02 23:33:34	cid=995	cas=85-01-8	modality=uvvis	url=https://webbook.nist.gov/cgi/cbook.cgi?JCAMP=C1517222&Index=1&Type=UVVis	reason=download_http_404	message=
2026-07-02 23:33:35	cid=995	cas=85-01-8	modality=uvvis	url=https://webbook.nist.gov/cgi/cbook.cgi?JCAMP=C1517222&Index=2&Type=UVVis	reason=download_http_404	message=
2026-07-02 23:33:45	cid=995	cas=85-01-8	modality=uvvis	url=https://webbook.nist.gov/cgi/cbook.cgi?JCAMP=C1517222&Index=3&Type=UVVis	reason=download_http_404	message=
2026-07-02 23:33:46	cid=995	cas=85-01-8	modality=uvvis	url=https://webbook.nist.gov/cgi/cbook.cgi?JCAMP=C1517222&Index=4&Type=UVVis	reason=download_http_404	message=
2026-07-02 23:33:47	cid=995	cas=85-01-8	modality=uvvis	url=https://webbook.nist.gov/cgi/cbook.cgi?JCAMP=C1517222&Index=5&Type=UVVis	reason=download_http_404	message=
2026-07-02 23:33:47	cid=995	cas=85-01-8	modality=uvvis	url=https://webbook.nist.gov/cgi/cbook.cgi?JCAMP=C1517222&Index=6&Type=UVVis	reason=download_http_404	message=
2026-07-02 23:33:48	cid=995	cas=85-01-8	modality=uvvis	url=https://webbook.nist.gov/cgi/cbook.cgi?JCAMP=C1517222&Index=7&Type=UVVis	reason=download_http_404	message=
2026-07-02 23:33:52	cid=995	cas=85-01-8	modality=uvvis	url=https://webbook.nist.gov/cgi/cbook.cgi?JCAMP=C1517222&Index=8&Type=UVVis	reason=download_http_404	message=
2026-07-02 23:33:57	cid=995	cas=85-01-8	modality=uvvis	url=https://webbook.nist.gov/cgi/cbook.cgi?JCAMP=C1517222&Index=9&Type=UVVis	reason=download_http_404	message=
2026-07-02 23:34:01	cid=996	cas=108-95-2	modality=ir	url=https://webbook.nist.gov/cgi/cbook.cgi?JCAMP=C13127883&Index=1&Type=IR	reason=download_http_404	message=
2026-07-02 23:34:01	cid=996	cas=108-95-2	modality=ir	url=https://webbook.nist.gov/cgi/cbook.cgi?JCAMP=C13127883&Index=2&Type=IR	reason=download_http_404	message=
2026-07-02 23:34:06	cid=996	cas=108-95-2	modality=ir	url=https://webbook.nist.gov/cgi/cbook.cgi?JCAMP=C13127883&Index=3&Type=IR	reason=download_http_404	message=
2026-07-02 23:34:06	cid=996	cas=108-95-2	modality=ir	url=https://webbook.nist.gov/cgi/cbook.cgi?JCAMP=C13127883&Index=4&Type=IR	reason=download_http_404	message=
2026-07-02 23:34:08	cid=996	cas=108-95-2	modality=ir	url=https://webbook.nist.gov/cgi/cbook.cgi?JCAMP=C13127883&Index=5&Type=IR	reason=download_http_404	message=
2026-07-02 23:34:08	cid=996	cas=108-95-2	modality=ir	url=https://webbook.nist.gov/cgi/cbook.cgi?JCAMP=C13127883&Index=6&Type=IR	reason=download_http_404	message=
2026-07-02 23:34:08	cid=996	cas=108-95-2	modality=ir	url=https://webbook.nist.gov/cgi/cbook.cgi?JCAMP=C13127883&Index=7&Type=IR	reason=download_http_404	message=
2026-07-02 23:34:13	cid=996	cas=108-95-2	modality=ir	url=https://webbook.nist.gov/cgi/cbook.cgi?JCAMP=C13127883&Index=8&Type=IR	reason=download_http_404	message=
2026-07-02 23:34:13	cid=996	cas=108-95-2	modality=ir	url=https://webbook.nist.gov/cgi/cbook.cgi?JCAMP=C13127883&Index=9&Type=IR	reason=download_http_404	message=
2026-07-02 23:34:14	cid=996	cas=108-95-2	modality=uvvis	url=https://webbook.nist.gov/cgi/cbook.cgi?JCAMP=C13127883&Index=0&Type=UVVis	reason=download_http_404	message=
2026-07-02 23:34:14	cid=996	cas=108-95-2	modality=uvvis	url=https://webbook.nist.gov/cgi/cbook.cgi?JCAMP=C13127883&Index=1&Type=UVVis	reason=download_http_404	message=
2026-07-02 23:34:24	cid=996	cas=108-95-2	modality=uvvis	url=https://webbook.nist.gov/cgi/cbook.cgi?JCAMP=C13127883&Index=2&Type=UVVis	reason=download_http_404	message=
2026-07-02 23:34:25	cid=996	cas=108-95-2	modality=uvvis	url=https://webbook.nist.gov/cgi/cbook.cgi?JCAMP=C13127883&Index=3&Type=UVVis	reason=download_http_404	message=
2026-07-02 23:34:25	cid=996	cas=108-95-2	modality=uvvis	url=https://webbook.nist.gov/cgi/cbook.cgi?JCAMP=C13127883&Index=4&Type=UVVis	reason=download_http_404	message=
2026-07-02 23:34:26	cid=996	cas=108-95-2	modality=uvvis	url=https://webbook.nist.gov/cgi/cbook.cgi?JCAMP=C13127883&Index=5&Type=UVVis	reason=download_http_404	message=
2026-07-02 23:34:26	cid=996	cas=108-95-2	modality=uvvis	url=https://webbook.nist.gov/cgi/cbook.cgi?JCAMP=C13127883&Index=6&Type=UVVis	reason=download_http_404	message=
2026-07-02 23:34:37	cid=996	cas=108-95-2	modality=uvvis	url=https://webbook.nist.gov/cgi/cbook.cgi?JCAMP=C13127883&Index=7&Type=UVVis	reason=download_http_404	message=
2026-07-02 23:34:37	cid=996	cas=108-95-2	modality=uvvis	url=https://webbook.nist.gov/cgi/cbook.cgi?JCAMP=C13127883&Index=8&Type=UVVis	reason=download_http_404	message=
2026-07-02 23:34:37	cid=996	cas=108-95-2	modality=uvvis	url=https://webbook.nist.gov/cgi/cbook.cgi?JCAMP=C13127883&Index=9&Type=UVVis	reason=download_http_404	message=
2026-07-02 23:34:40	cid=997	cas=156-06-9	modality=	url=https://webbook.nist.gov/cgi/cbook.cgi?ID=156-06-9&Units=SI&Mask=480	reason=no_jcamp_links	message=
2026-07-02 23:34:47	cid=998	cas=122-78-1	modality=ir	url=https://webbook.nist.gov/cgi/cbook.cgi?JCAMP=C122781&Index=2&Type=IR	reason=download_http_404	message=
2026-07-02 23:34:47	cid=998	cas=122-78-1	modality=ir	url=https://webbook.nist.gov/cgi/cbook.cgi?JCAMP=C122781&Index=3&Type=IR	reason=download_http_404	message=
2026-07-02 23:34:48	cid=998	cas=122-78-1	modality=ir	url=https://webbook.nist.gov/cgi/cbook.cgi?JCAMP=C122781&Index=4&Type=IR	reason=download_http_404	message=
2026-07-02 23:34:48	cid=998	cas=122-78-1	modality=ir	url=https://webbook.nist.gov/cgi/cbook.cgi?JCAMP=C122781&Index=5&Type=IR	reason=download_http_404	message=
2026-07-02 23:34:53	cid=998	cas=122-78-1	modality=ir	url=https://webbook.nist.gov/cgi/cbook.cgi?JCAMP=C122781&Index=6&Type=IR	reason=download_http_404	message=
2026-07-02 23:34:53	cid=998	cas=122-78-1	modality=ir	url=https://webbook.nist.gov/cgi/cbook.cgi?JCAMP=C122781&Index=7&Type=IR	reason=download_http_404	message=
2026-07-02 23:34:53	cid=998	cas=122-78-1	modality=ir	url=https://webbook.nist.gov/cgi/cbook.cgi?JCAMP=C122781&Index=8&Type=IR	reason=download_http_404	message=
2026-07-02 23:34:54	cid=998	cas=122-78-1	modality=ir	url=https://webbook.nist.gov/cgi/cbook.cgi?JCAMP=C122781&Index=9&Type=IR	reason=download_http_404	message=
2026-07-02 23:35:01	cid=999	cas=103-82-2	modality=ir	url=https://webbook.nist.gov/cgi/cbook.cgi?JCAMP=C103822&Index=2&Type=IR	reason=download_http_404	message=
2026-07-02 23:35:01	cid=999	cas=103-82-2	modality=ir	url=https://webbook.nist.gov/cgi/cbook.cgi?JCAMP=C103822&Index=3&Type=IR	reason=download_http_404	message=
2026-07-02 23:35:05	cid=999	cas=103-82-2	modality=ir	url=https://webbook.nist.gov/cgi/cbook.cgi?JCAMP=C103822&Index=4&Type=IR	reason=download_http_404	message=
2026-07-02 23:35:10	cid=999	cas=103-82-2	modality=ir	url=https://webbook.nist.gov/cgi/cbook.cgi?JCAMP=C103822&Index=5&Type=IR	reason=download_http_404	message=
2026-07-02 23:35:10	cid=999	cas=103-82-2	modality=ir	url=https://webbook.nist.gov/cgi/cbook.cgi?JCAMP=C103822&Index=6&Type=IR	reason=download_http_404	message=
2026-07-02 23:35:11	cid=999	cas=103-82-2	modality=ir	url=https://webbook.nist.gov/cgi/cbook.cgi?JCAMP=C103822&Index=7&Type=IR	reason=download_http_404	message=
2026-07-02 23:35:11	cid=999	cas=103-82-2	modality=ir	url=https://webbook.nist.gov/cgi/cbook.cgi?JCAMP=C103822&Index=8&Type=IR	reason=download_http_404	message=
2026-07-02 23:35:12	cid=999	cas=103-82-2	modality=ir	url=https://webbook.nist.gov/cgi/cbook.cgi?JCAMP=C103822&Index=9&Type=IR	reason=download_http_404	message=
2026-07-02 23:35:16	cid=999	cas=103-82-2	modality=uvvis	url=https://webbook.nist.gov/cgi/cbook.cgi?JCAMP=C103822&Index=1&Type=UVVis	reason=download_http_404	message=
2026-07-02 23:35:17	cid=999	cas=103-82-2	modality=uvvis	url=https://webbook.nist.gov/cgi/cbook.cgi?JCAMP=C103822&Index=2&Type=UVVis	reason=download_http_404	message=
2026-07-02 23:35:17	cid=999	cas=103-82-2	modality=uvvis	url=https://webbook.nist.gov/cgi/cbook.cgi?JCAMP=C103822&Index=3&Type=UVVis	reason=download_http_404	message=
2026-07-02 23:35:17	cid=999	cas=103-82-2	modality=uvvis	url=https://webbook.nist.gov/cgi/cbook.cgi?JCAMP=C103822&Index=4&Type=UVVis	reason=download_http_404	message=
2026-07-02 23:35:28	cid=999	cas=103-82-2	modality=uvvis	url=https://webbook.nist.gov/cgi/cbook.cgi?JCAMP=C103822&Index=5&Type=UVVis	reason=download_http_404	message=
2026-07-02 23:35:29	cid=999	cas=103-82-2	modality=uvvis	url=https://webbook.nist.gov/cgi/cbook.cgi?JCAMP=C103822&Index=6&Type=UVVis	reason=download_http_404	message=
2026-07-02 23:35:29	cid=999	cas=103-82-2	modality=uvvis	url=https://webbook.nist.gov/cgi/cbook.cgi?JCAMP=C103822&Index=7&Type=UVVis	reason=download_http_404	message=
2026-07-02 23:35:30	cid=999	cas=103-82-2	modality=uvvis	url=https://webbook.nist.gov/cgi/cbook.cgi?JCAMP=C103822&Index=8&Type=UVVis	reason=download_http_404	message=
2026-07-02 23:35:30	cid=999	cas=103-82-2	modality=uvvis	url=https://webbook.nist.gov/cgi/cbook.cgi?JCAMP=C103822&Index=9&Type=UVVis	reason=download_http_404	message=
2026-07-02 23:35:32	cid=1000	cas=7568-93-6	modality=	url=https://webbook.nist.gov/cgi/cbook.cgi?ID=7568-93-6&Units=SI&Mask=480	reason=no_jcamp_links	message=
2026-07-02 23:35:40	cid=1001	cas=64-04-0	modality=ir	url=https://webbook.nist.gov/cgi/cbook.cgi?JCAMP=C64040&Index=1&Type=IR	reason=download_http_404	message=
2026-07-02 23:35:41	cid=1001	cas=64-04-0	modality=ir	url=https://webbook.nist.gov/cgi/cbook.cgi?JCAMP=C64040&Index=2&Type=IR	reason=download_http_404	message=
2026-07-02 23:35:41	cid=1001	cas=64-04-0	modality=ir	url=https://webbook.nist.gov/cgi/cbook.cgi?JCAMP=C64040&Index=3&Type=IR	reason=download_http_404	message=
2026-07-02 23:35:41	cid=1001	cas=64-04-0	modality=ir	url=https://webbook.nist.gov/cgi/cbook.cgi?JCAMP=C64040&Index=4&Type=IR	reason=download_http_404	message=
2026-07-02 23:35:42	cid=1001	cas=64-04-0	modality=ir	url=https://webbook.nist.gov/cgi/cbook.cgi?JCAMP=C64040&Index=5&Type=IR	reason=download_http_404	message=
2026-07-02 23:35:52	cid=1001	cas=64-04-0	modality=ir	url=https://webbook.nist.gov/cgi/cbook.cgi?JCAMP=C64040&Index=6&Type=IR	reason=download_http_404	message=
2026-07-02 23:35:53	cid=1001	cas=64-04-0	modality=ir	url=https://webbook.nist.gov/cgi/cbook.cgi?JCAMP=C64040&Index=7&Type=IR	reason=download_http_404	message=
2026-07-02 23:35:53	cid=1001	cas=64-04-0	modality=ir	url=https://webbook.nist.gov/cgi/cbook.cgi?JCAMP=C64040&Index=8&Type=IR	reason=download_http_404	message=
2026-07-02 23:35:53	cid=1001	cas=64-04-0	modality=ir	url=https://webbook.nist.gov/cgi/cbook.cgi?JCAMP=C64040&Index=9&Type=IR	reason=download_http_404	message=
2026-07-02 23:35:56	cid=1002	cas=89-24-7	modality=	url=https://webbook.nist.gov/cgi/cbook.cgi?ID=89-24-7&Units=SI&Mask=480	reason=nist_not_found	message=
2026-07-02 23:35:58	cid=1005	cas=138-08-9	modality=	url=https://webbook.nist.gov/cgi/cbook.cgi?ID=138-08-9&Units=SI&Mask=480	reason=nist_not_found	message=
2026-07-02 23:35:59	cid=1006	cas=	modality=	url=	reason=not_found	message=pubchem_synonyms_404
2026-07-02 23:36:00	cid=1007	cas=	modality=	url=	reason=not_found	message=no_cas_in_synonyms
2026-07-02 23:36:02	cid=1008	cas=	modality=	url=	reason=not_found	message=no_cas_in_synonyms
2026-07-02 23:36:03	cid=1009	cas=	modality=	url=	reason=not_found	message=no_cas_in_synonyms
2026-07-02 23:36:05	cid=1010	cas=	modality=	url=	reason=not_found	message=no_cas_in_synonyms
2026-07-02 23:36:07	cid=1011	cas=	modality=	url=	reason=not_found	message=no_cas_in_synonyms
2026-07-02 23:36:08	cid=1012	cas=	modality=	url=	reason=not_found	message=no_cas_in_synonyms
2026-07-02 23:36:09	cid=1013	cas=	modality=	url=	reason=not_found	message=pubchem_synonyms_404
2026-07-02 23:36:11	cid=1014	cas=3616-04-4	modality=	url=https://webbook.nist.gov/cgi/cbook.cgi?ID=3616-04-4&Units=SI&Mask=480	reason=nist_not_found	message=
2026-07-02 23:36:14	cid=1015	cas=1071-23-4	modality=	url=https://webbook.nist.gov/cgi/cbook.cgi?ID=1071-23-4&Units=SI&Mask=480	reason=no_jcamp_links	message=
2026-07-02 23:36:17	cid=1016	cas=27530-80-9	modality=	url=https://webbook.nist.gov/cgi/cbook.cgi?ID=27530-80-9&Units=SI&Mask=480	reason=nist_not_found	message=
2026-07-02 23:36:23	cid=1017	cas=88-99-3	modality=ir	url=https://webbook.nist.gov/cgi/cbook.cgi?JCAMP=C88993&Index=2&Type=IR	reason=download_http_404	message=
2026-07-02 23:36:24	cid=1017	cas=88-99-3	modality=ir	url=https://webbook.nist.gov/cgi/cbook.cgi?JCAMP=C88993&Index=3&Type=IR	reason=download_http_404	message=
2026-07-02 23:36:28	cid=1017	cas=88-99-3	modality=ir	url=https://webbook.nist.gov/cgi/cbook.cgi?JCAMP=C88993&Index=4&Type=IR	reason=download_http_404	message=
2026-07-02 23:36:32	cid=1017	cas=88-99-3	modality=ir	url=https://webbook.nist.gov/cgi/cbook.cgi?JCAMP=C88993&Index=5&Type=IR	reason=download_http_404	message=
2026-07-02 23:36:32	cid=1017	cas=88-99-3	modality=ir	url=https://webbook.nist.gov/cgi/cbook.cgi?JCAMP=C88993&Index=6&Type=IR	reason=download_http_404	message=
2026-07-02 23:36:37	cid=1017	cas=88-99-3	modality=ir	url=https://webbook.nist.gov/cgi/cbook.cgi?JCAMP=C88993&Index=7&Type=IR	reason=download_http_404	message=
2026-07-02 23:36:41	cid=1017	cas=88-99-3	modality=ir	url=https://webbook.nist.gov/cgi/cbook.cgi?JCAMP=C88993&Index=8&Type=IR	reason=download_http_404	message=
2026-07-02 23:36:41	cid=1017	cas=88-99-3	modality=ir	url=https://webbook.nist.gov/cgi/cbook.cgi?JCAMP=C88993&Index=9&Type=IR	reason=download_http_404	message=
2026-07-02 23:36:45	cid=1017	cas=88-99-3	modality=uvvis	url=https://webbook.nist.gov/cgi/cbook.cgi?JCAMP=C88993&Index=1&Type=UVVis	reason=download_http_404	message=
2026-07-02 23:36:47	cid=1017	cas=88-99-3	modality=uvvis	url=https://webbook.nist.gov/cgi/cbook.cgi?JCAMP=C88993&Index=2&Type=UVVis	reason=download_http_404	message=
2026-07-02 23:36:47	cid=1017	cas=88-99-3	modality=uvvis	url=https://webbook.nist.gov/cgi/cbook.cgi?JCAMP=C88993&Index=3&Type=UVVis	reason=download_http_404	message=
2026-07-02 23:36:47	cid=1017	cas=88-99-3	modality=uvvis	url=https://webbook.nist.gov/cgi/cbook.cgi?JCAMP=C88993&Index=4&Type=UVVis	reason=download_http_404	message=
2026-07-02 23:36:58	cid=1017	cas=88-99-3	modality=uvvis	url=https://webbook.nist.gov/cgi/cbook.cgi?JCAMP=C88993&Index=5&Type=UVVis	reason=download_http_404	message=
2026-07-02 23:36:59	cid=1017	cas=88-99-3	modality=uvvis	url=https://webbook.nist.gov/cgi/cbook.cgi?JCAMP=C88993&Index=6&Type=UVVis	reason=download_http_404	message=
2026-07-02 23:36:59	cid=1017	cas=88-99-3	modality=uvvis	url=https://webbook.nist.gov/cgi/cbook.cgi?JCAMP=C88993&Index=7&Type=UVVis	reason=download_http_404	message=
2026-07-02 23:36:59	cid=1017	cas=88-99-3	modality=uvvis	url=https://webbook.nist.gov/cgi/cbook.cgi?JCAMP=C88993&Index=8&Type=UVVis	reason=download_http_404	message=
2026-07-02 23:37:00	cid=1017	cas=88-99-3	modality=uvvis	url=https://webbook.nist.gov/cgi/cbook.cgi?JCAMP=C88993&Index=9&Type=UVVis	reason=download_http_404	message=
2026-07-02 23:37:02	cid=1018	cas=98-98-6	modality=	url=https://webbook.nist.gov/cgi/cbook.cgi?ID=98-98-6&Units=SI&Mask=480	reason=no_jcamp_links	message=
2026-07-02 23:37:03	cid=1019	cas=	modality=	url=	reason=not_found	message=pubchem_synonyms_404
2026-07-02 23:37:04	cid=1020	cas=	modality=	url=	reason=not_found	message=pubchem_synonyms_404
2026-07-02 23:37:06	cid=1021	cas=487-90-1	modality=	url=https://webbook.nist.gov/cgi/cbook.cgi?ID=487-90-1&Units=SI&Mask=480	reason=nist_not_found	message=
2026-07-02 23:37:08	cid=1022	cas=	modality=	url=	reason=not_found	message=pubchem_synonyms_404
2026-07-02 23:37:12	cid=1024	cas=72909-34-3	modality=	url=https://webbook.nist.gov/cgi/cbook.cgi?ID=72909-34-3&Units=SI&Mask=480	reason=nist_not_found	message=
2026-07-02 23:37:14	cid=1025	cas=	modality=	url=	reason=not_found	message=pubchem_synonyms_404
2026-07-02 23:37:15	cid=1026	cas=	modality=	url=	reason=not_found	message=no_cas_in_synonyms
2026-07-02 23:37:17	cid=1027	cas=	modality=	url=	reason=not_found	message=no_cas_in_synonyms
2026-07-02 23:37:19	cid=1028	cas=126-49-8	modality=	url=https://webbook.nist.gov/cgi/cbook.cgi?ID=126-49-8&Units=SI&Mask=480	reason=nist_not_found	message=
2026-07-02 23:37:21	cid=1029	cas=6000-08-4	modality=	url=https://webbook.nist.gov/cgi/cbook.cgi?ID=6000-08-4&Units=SI&Mask=480	reason=nist_not_found	message=
2026-07-02 23:37:24	cid=1030	cas=57-55-6	modality=ir	url=https://webbook.nist.gov/cgi/cbook.cgi?JCAMP=C4254164&Index=0&Type=IR	reason=download_http_404	message=
2026-07-02 23:37:24	cid=1030	cas=57-55-6	modality=ir	url=https://webbook.nist.gov/cgi/cbook.cgi?JCAMP=C4254164&Index=1&Type=IR	reason=download_http_404	message=
2026-07-02 23:37:25	cid=1030	cas=57-55-6	modality=ir	url=https://webbook.nist.gov/cgi/cbook.cgi?JCAMP=C4254164&Index=2&Type=IR	reason=download_http_404	message=
2026-07-02 23:37:25	cid=1030	cas=57-55-6	modality=ir	url=https://webbook.nist.gov/cgi/cbook.cgi?JCAMP=C4254164&Index=3&Type=IR	reason=download_http_404	message=
2026-07-02 23:37:25	cid=1030	cas=57-55-6	modality=ir	url=https://webbook.nist.gov/cgi/cbook.cgi?JCAMP=C4254164&Index=4&Type=IR	reason=download_http_404	message=
2026-07-02 23:37:30	cid=1030	cas=57-55-6	modality=ir	url=https://webbook.nist.gov/cgi/cbook.cgi?JCAMP=C4254164&Index=5&Type=IR	reason=download_http_404	message=
2026-07-02 23:37:31	cid=1030	cas=57-55-6	modality=ir	url=https://webbook.nist.gov/cgi/cbook.cgi?JCAMP=C4254164&Index=6&Type=IR	reason=download_http_404	message=
2026-07-02 23:37:31	cid=1030	cas=57-55-6	modality=ir	url=https://webbook.nist.gov/cgi/cbook.cgi?JCAMP=C4254164&Index=7&Type=IR	reason=download_http_404	message=
2026-07-02 23:37:32	cid=1030	cas=57-55-6	modality=ir	url=https://webbook.nist.gov/cgi/cbook.cgi?JCAMP=C4254164&Index=8&Type=IR	reason=download_http_404	message=
2026-07-02 23:37:32	cid=1030	cas=57-55-6	modality=ir	url=https://webbook.nist.gov/cgi/cbook.cgi?JCAMP=C4254164&Index=9&Type=IR	reason=download_http_404	message=
2026-07-02 23:37:32	cid=1030	cas=57-55-6	modality=	url=https://webbook.nist.gov/cgi/cbook.cgi?ID=57-55-6&Units=SI&Mask=480	reason=all_jcamp_downloads_failed	message=ir:download_http_404;ir:download_http_404;ir:download_http_404;ir:download_http_404;ir:download_http_404;ir:download_http_404;ir:download_http_404;ir:download_http_404;ir:download_http_404;ir:download_http_404
2026-07-02 23:37:43	cid=1031	cas=71-23-8	modality=ir	url=https://webbook.nist.gov/cgi/cbook.cgi?JCAMP=C71238&Index=4&Type=IR	reason=download_http_404	message=
2026-07-02 23:37:44	cid=1031	cas=71-23-8	modality=ir	url=https://webbook.nist.gov/cgi/cbook.cgi?JCAMP=C71238&Index=5&Type=IR	reason=download_http_404	message=
2026-07-02 23:37:44	cid=1031	cas=71-23-8	modality=ir	url=https://webbook.nist.gov/cgi/cbook.cgi?JCAMP=C71238&Index=6&Type=IR	reason=download_http_404	message=
2026-07-02 23:37:48	cid=1031	cas=71-23-8	modality=ir	url=https://webbook.nist.gov/cgi/cbook.cgi?JCAMP=C71238&Index=7&Type=IR	reason=download_http_404	message=
2026-07-02 23:37:49	cid=1031	cas=71-23-8	modality=ir	url=https://webbook.nist.gov/cgi/cbook.cgi?JCAMP=C71238&Index=8&Type=IR	reason=download_http_404	message=
2026-07-02 23:37:53	cid=1031	cas=71-23-8	modality=ir	url=https://webbook.nist.gov/cgi/cbook.cgi?JCAMP=C71238&Index=9&Type=IR	reason=download_http_404	message=
2026-07-02 23:37:56	cid=1032	cas=79-09-4	modality=ir	url=https://webbook.nist.gov/cgi/cbook.cgi?JCAMP=C79094&Index=1&Type=IR	reason=download_http_404	message=
2026-07-02 23:37:56	cid=1032	cas=79-09-4	modality=ir	url=https://webbook.nist.gov/cgi/cbook.cgi?JCAMP=C79094&Index=2&Type=IR	reason=download_http_404	message=
2026-07-02 23:37:57	cid=1032	cas=79-09-4	modality=ir	url=https://webbook.nist.gov/cgi/cbook.cgi?JCAMP=C79094&Index=3&Type=IR	reason=download_http_404	message=
2026-07-02 23:38:01	cid=1032	cas=79-09-4	modality=ir	url=https://webbook.nist.gov/cgi/cbook.cgi?JCAMP=C79094&Index=4&Type=IR	reason=download_http_404	message=
2026-07-02 23:38:02	cid=1032	cas=79-09-4	modality=ir	url=https://webbook.nist.gov/cgi/cbook.cgi?JCAMP=C79094&Index=5&Type=IR	reason=download_http_404	message=
2026-07-02 23:38:02	cid=1032	cas=79-09-4	modality=ir	url=https://webbook.nist.gov/cgi/cbook.cgi?JCAMP=C79094&Index=6&Type=IR	reason=download_http_404	message=
2026-07-02 23:38:03	cid=1032	cas=79-09-4	modality=ir	url=https://webbook.nist.gov/cgi/cbook.cgi?JCAMP=C79094&Index=7&Type=IR	reason=download_http_404	message=
2026-07-02 23:38:03	cid=1032	cas=79-09-4	modality=ir	url=https://webbook.nist.gov/cgi/cbook.cgi?JCAMP=C79094&Index=8&Type=IR	reason=download_http_404	message=
2026-07-02 23:38:14	cid=1032	cas=79-09-4	modality=ir	url=https://webbook.nist.gov/cgi/cbook.cgi?JCAMP=C79094&Index=9&Type=IR	reason=download_http_404	message=
2026-07-02 23:38:15	cid=1034	cas=6659-27-4	modality=	url=https://webbook.nist.gov/cgi/cbook.cgi?ID=6659-27-4&Units=SI&Mask=480	reason=nist_not_found	message=
2026-07-02 23:38:16	cid=1035	cas=	modality=	url=	reason=not_found	message=no_cas_in_synonyms
2026-07-02 23:38:17	cid=1037	cas=	modality=	url=	reason=not_found	message=pubchem_synonyms_404
2026-07-02 23:38:18	cid=1039	cas=	modality=	url=	reason=not_found	message=no_cas_in_synonyms
2026-07-02 23:38:19	cid=1040	cas=	modality=	url=	reason=not_found	message=no_cas_in_synonyms
2026-07-02 23:38:20	cid=1041	cas=	modality=	url=	reason=not_found	message=no_cas_in_synonyms
2026-07-02 23:38:21	cid=1042	cas=	modality=	url=	reason=not_found	message=no_cas_in_synonyms
2026-07-02 23:38:23	cid=1043	cas=91-18-9	modality=	url=https://webbook.nist.gov/cgi/cbook.cgi?ID=91-18-9&Units=SI&Mask=480	reason=nist_not_found	message=
2026-07-02 23:38:31	cid=1044	cas=120-73-0	modality=ir	url=https://webbook.nist.gov/cgi/cbook.cgi?JCAMP=C120730&Index=1&Type=IR	reason=download_http_404	message=
2026-07-02 23:38:31	cid=1044	cas=120-73-0	modality=ir	url=https://webbook.nist.gov/cgi/cbook.cgi?JCAMP=C120730&Index=2&Type=IR	reason=download_http_404	message=
2026-07-02 23:38:32	cid=1044	cas=120-73-0	modality=ir	url=https://webbook.nist.gov/cgi/cbook.cgi?JCAMP=C120730&Index=3&Type=IR	reason=download_http_404	message=
2026-07-02 23:38:32	cid=1044	cas=120-73-0	modality=ir	url=https://webbook.nist.gov/cgi/cbook.cgi?JCAMP=C120730&Index=4&Type=IR	reason=download_http_404	message=
2026-07-02 23:38:43	cid=1044	cas=120-73-0	modality=ir	url=https://webbook.nist.gov/cgi/cbook.cgi?JCAMP=C120730&Index=5&Type=IR	reason=download_http_404	message=
2026-07-02 23:38:44	cid=1044	cas=120-73-0	modality=ir	url=https://webbook.nist.gov/cgi/cbook.cgi?JCAMP=C120730&Index=6&Type=IR	reason=download_http_404	message=
2026-07-02 23:38:44	cid=1044	cas=120-73-0	modality=ir	url=https://webbook.nist.gov/cgi/cbook.cgi?JCAMP=C120730&Index=7&Type=IR	reason=download_http_404	message=
2026-07-02 23:38:44	cid=1044	cas=120-73-0	modality=ir	url=https://webbook.nist.gov/cgi/cbook.cgi?JCAMP=C120730&Index=8&Type=IR	reason=download_http_404	message=
2026-07-02 23:38:45	cid=1044	cas=120-73-0	modality=ir	url=https://webbook.nist.gov/cgi/cbook.cgi?JCAMP=C120730&Index=9&Type=IR	reason=download_http_404	message=
2026-07-02 23:38:50	cid=1044	cas=120-73-0	modality=uvvis	url=https://webbook.nist.gov/cgi/cbook.cgi?JCAMP=C120730&Index=1&Type=UVVis	reason=download_http_404	message=
2026-07-02 23:38:50	cid=1044	cas=120-73-0	modality=uvvis	url=https://webbook.nist.gov/cgi/cbook.cgi?JCAMP=C120730&Index=2&Type=UVVis	reason=download_http_404	message=
2026-07-02 23:38:50	cid=1044	cas=120-73-0	modality=uvvis	url=https://webbook.nist.gov/cgi/cbook.cgi?JCAMP=C120730&Index=3&Type=UVVis	reason=download_http_404	message=
2026-07-02 23:38:52	cid=1044	cas=120-73-0	modality=uvvis	url=https://webbook.nist.gov/cgi/cbook.cgi?JCAMP=C120730&Index=4&Type=UVVis	reason=download_http_404	message=
2026-07-02 23:38:52	cid=1044	cas=120-73-0	modality=uvvis	url=https://webbook.nist.gov/cgi/cbook.cgi?JCAMP=C120730&Index=5&Type=UVVis	reason=download_http_404	message=
2026-07-02 23:38:56	cid=1044	cas=120-73-0	modality=uvvis	url=https://webbook.nist.gov/cgi/cbook.cgi?JCAMP=C120730&Index=6&Type=UVVis	reason=download_http_404	message=
2026-07-02 23:38:57	cid=1044	cas=120-73-0	modality=uvvis	url=https://webbook.nist.gov/cgi/cbook.cgi?JCAMP=C120730&Index=7&Type=UVVis	reason=download_http_404	message=
2026-07-02 23:39:01	cid=1044	cas=120-73-0	modality=uvvis	url=https://webbook.nist.gov/cgi/cbook.cgi?JCAMP=C120730&Index=8&Type=UVVis	reason=download_http_404	message=
2026-07-02 23:39:02	cid=1044	cas=120-73-0	modality=uvvis	url=https://webbook.nist.gov/cgi/cbook.cgi?JCAMP=C120730&Index=9&Type=UVVis	reason=download_http_404	message=
2026-07-02 23:39:09	cid=1045	cas=110-60-1	modality=ir	url=https://webbook.nist.gov/cgi/cbook.cgi?JCAMP=C110601&Index=2&Type=IR	reason=download_http_404	message=
2026-07-02 23:39:09	cid=1045	cas=110-60-1	modality=ir	url=https://webbook.nist.gov/cgi/cbook.cgi?JCAMP=C110601&Index=3&Type=IR	reason=download_http_404	message=
2026-07-02 23:39:09	cid=1045	cas=110-60-1	modality=ir	url=https://webbook.nist.gov/cgi/cbook.cgi?JCAMP=C110601&Index=4&Type=IR	reason=download_http_404	message=
2026-07-02 23:39:10	cid=1045	cas=110-60-1	modality=ir	url=https://webbook.nist.gov/cgi/cbook.cgi?JCAMP=C110601&Index=5&Type=IR	reason=download_http_404	message=
2026-07-02 23:39:14	cid=1045	cas=110-60-1	modality=ir	url=https://webbook.nist.gov/cgi/cbook.cgi?JCAMP=C110601&Index=6&Type=IR	reason=download_http_404	message=
2026-07-02 23:39:15	cid=1045	cas=110-60-1	modality=ir	url=https://webbook.nist.gov/cgi/cbook.cgi?JCAMP=C110601&Index=7&Type=IR	reason=download_http_404	message=
2026-07-02 23:39:15	cid=1045	cas=110-60-1	modality=ir	url=https://webbook.nist.gov/cgi/cbook.cgi?JCAMP=C110601&Index=8&Type=IR	reason=download_http_404	message=
2026-07-02 23:39:16	cid=1045	cas=110-60-1	modality=ir	url=https://webbook.nist.gov/cgi/cbook.cgi?JCAMP=C110601&Index=9&Type=IR	reason=download_http_404	message=
2026-07-02 23:39:23	cid=1046	cas=98-96-4	modality=ir	url=https://webbook.nist.gov/cgi/cbook.cgi?JCAMP=C98964&Index=1&Type=IR	reason=download_http_404	message=
2026-07-02 23:39:23	cid=1046	cas=98-96-4	modality=ir	url=https://webbook.nist.gov/cgi/cbook.cgi?JCAMP=C98964&Index=2&Type=IR	reason=download_http_404	message=
2026-07-02 23:39:24	cid=1046	cas=98-96-4	modality=ir	url=https://webbook.nist.gov/cgi/cbook.cgi?JCAMP=C98964&Index=3&Type=IR	reason=download_http_404	message=
2026-07-02 23:39:28	cid=1046	cas=98-96-4	modality=ir	url=https://webbook.nist.gov/cgi/cbook.cgi?JCAMP=C98964&Index=4&Type=IR	reason=download_http_404	message=
2026-07-02 23:39:32	cid=1046	cas=98-96-4	modality=ir	url=https://webbook.nist.gov/cgi/cbook.cgi?JCAMP=C98964&Index=5&Type=IR	reason=download_http_404	message=
2026-07-02 23:39:32	cid=1046	cas=98-96-4	modality=ir	url=https://webbook.nist.gov/cgi/cbook.cgi?JCAMP=C98964&Index=6&Type=IR	reason=download_http_404	message=
2026-07-02 23:39:36	cid=1046	cas=98-96-4	modality=ir	url=https://webbook.nist.gov/cgi/cbook.cgi?JCAMP=C98964&Index=7&Type=IR	reason=download_http_404	message=
2026-07-02 23:39:38	cid=1046	cas=98-96-4	modality=ir	url=https://webbook.nist.gov/cgi/cbook.cgi?JCAMP=C98964&Index=8&Type=IR	reason=download_http_404	message=
2026-07-02 23:39:38	cid=1046	cas=98-96-4	modality=ir	url=https://webbook.nist.gov/cgi/cbook.cgi?JCAMP=C98964&Index=9&Type=IR	reason=download_http_404	message=
2026-07-02 23:39:38	cid=1046	cas=98-96-4	modality=uvvis	url=https://webbook.nist.gov/cgi/cbook.cgi?JCAMP=C98964&Index=1&Type=UVVis	reason=download_http_404	message=
2026-07-02 23:39:43	cid=1046	cas=98-96-4	modality=uvvis	url=https://webbook.nist.gov/cgi/cbook.cgi?JCAMP=C98964&Index=2&Type=UVVis	reason=download_http_404	message=
2026-07-02 23:39:43	cid=1046	cas=98-96-4	modality=uvvis	url=https://webbook.nist.gov/cgi/cbook.cgi?JCAMP=C98964&Index=3&Type=UVVis	reason=download_http_404	message=
2026-07-02 23:39:44	cid=1046	cas=98-96-4	modality=uvvis	url=https://webbook.nist.gov/cgi/cbook.cgi?JCAMP=C98964&Index=4&Type=UVVis	reason=download_http_404	message=
2026-07-02 23:39:45	cid=1046	cas=98-96-4	modality=uvvis	url=https://webbook.nist.gov/cgi/cbook.cgi?JCAMP=C98964&Index=5&Type=UVVis	reason=download_http_404	message=
2026-07-02 23:39:45	cid=1046	cas=98-96-4	modality=uvvis	url=https://webbook.nist.gov/cgi/cbook.cgi?JCAMP=C98964&Index=6&Type=UVVis	reason=download_http_404	message=
2026-07-02 23:39:50	cid=1046	cas=98-96-4	modality=uvvis	url=https://webbook.nist.gov/cgi/cbook.cgi?JCAMP=C98964&Index=7&Type=UVVis	reason=download_http_404	message=
2026-07-02 23:39:50	cid=1046	cas=98-96-4	modality=uvvis	url=https://webbook.nist.gov/cgi/cbook.cgi?JCAMP=C98964&Index=8&Type=UVVis	reason=download_http_404	message=
2026-07-02 23:39:54	cid=1046	cas=98-96-4	modality=uvvis	url=https://webbook.nist.gov/cgi/cbook.cgi?JCAMP=C98964&Index=9&Type=UVVis	reason=download_http_404	message=
2026-07-02 23:40:01	cid=1047	cas=98-97-5	modality=ir	url=https://webbook.nist.gov/cgi/cbook.cgi?JCAMP=C98975&Index=2&Type=IR	reason=download_http_404	message=
2026-07-02 23:40:01	cid=1047	cas=98-97-5	modality=ir	url=https://webbook.nist.gov/cgi/cbook.cgi?JCAMP=C98975&Index=3&Type=IR	reason=download_http_404	message=
2026-07-02 23:40:02	cid=1047	cas=98-97-5	modality=ir	url=https://webbook.nist.gov/cgi/cbook.cgi?JCAMP=C98975&Index=4&Type=IR	reason=download_http_404	message=
2026-07-02 23:40:02	cid=1047	cas=98-97-5	modality=ir	url=https://webbook.nist.gov/cgi/cbook.cgi?JCAMP=C98975&Index=5&Type=IR	reason=download_http_404	message=
2026-07-02 23:40:08	cid=1047	cas=98-97-5	modality=ir	url=https://webbook.nist.gov/cgi/cbook.cgi?JCAMP=C98975&Index=6&Type=IR	reason=download_http_404	message=
2026-07-02 23:40:08	cid=1047	cas=98-97-5	modality=ir	url=https://webbook.nist.gov/cgi/cbook.cgi?JCAMP=C98975&Index=7&Type=IR	reason=download_http_404	message=
2026-07-02 23:40:09	cid=1047	cas=98-97-5	modality=ir	url=https://webbook.nist.gov/cgi/cbook.cgi?JCAMP=C98975&Index=8&Type=IR	reason=download_http_404	message=
2026-07-02 23:40:09	cid=1047	cas=98-97-5	modality=ir	url=https://webbook.nist.gov/cgi/cbook.cgi?JCAMP=C98975&Index=9&Type=IR	reason=download_http_404	message=
2026-07-02 23:40:15	cid=1048	cas=288-13-1	modality=ir	url=https://webbook.nist.gov/cgi/cbook.cgi?JCAMP=C288131&Index=1&Type=IR	reason=download_http_404	message=
2026-07-02 23:40:16	cid=1048	cas=288-13-1	modality=ir	url=https://webbook.nist.gov/cgi/cbook.cgi?JCAMP=C288131&Index=2&Type=IR	reason=download_http_404	message=
2026-07-02 23:40:17	cid=1048	cas=288-13-1	modality=ir	url=https://webbook.nist.gov/cgi/cbook.cgi?JCAMP=C288131&Index=3&Type=IR	reason=download_http_404	message=
2026-07-02 23:40:17	cid=1048	cas=288-13-1	modality=ir	url=https://webbook.nist.gov/cgi/cbook.cgi?JCAMP=C288131&Index=4&Type=IR	reason=download_http_404	message=
2026-07-02 23:40:22	cid=1048	cas=288-13-1	modality=ir	url=https://webbook.nist.gov/cgi/cbook.cgi?JCAMP=C288131&Index=5&Type=IR	reason=download_http_404	message=
2026-07-02 23:40:22	cid=1048	cas=288-13-1	modality=ir	url=https://webbook.nist.gov/cgi/cbook.cgi?JCAMP=C288131&Index=6&Type=IR	reason=download_http_404	message=
2026-07-02 23:40:23	cid=1048	cas=288-13-1	modality=ir	url=https://webbook.nist.gov/cgi/cbook.cgi?JCAMP=C288131&Index=7&Type=IR	reason=download_http_404	message=
2026-07-02 23:40:23	cid=1048	cas=288-13-1	modality=ir	url=https://webbook.nist.gov/cgi/cbook.cgi?JCAMP=C288131&Index=8&Type=IR	reason=download_http_404	message=
2026-07-02 23:40:24	cid=1048	cas=288-13-1	modality=ir	url=https://webbook.nist.gov/cgi/cbook.cgi?JCAMP=C288131&Index=9&Type=IR	reason=download_http_404	message=
2026-07-02 23:40:29	cid=1048	cas=288-13-1	modality=uvvis	url=https://webbook.nist.gov/cgi/cbook.cgi?JCAMP=C288131&Index=1&Type=UVVis	reason=download_http_404	message=
2026-07-02 23:40:30	cid=1048	cas=288-13-1	modality=uvvis	url=https://webbook.nist.gov/cgi/cbook.cgi?JCAMP=C288131&Index=2&Type=UVVis	reason=download_http_404	message=
2026-07-02 23:40:30	cid=1048	cas=288-13-1	modality=uvvis	url=https://webbook.nist.gov/cgi/cbook.cgi?JCAMP=C288131&Index=3&Type=UVVis	reason=download_http_404	message=
2026-07-02 23:40:31	cid=1048	cas=288-13-1	modality=uvvis	url=https://webbook.nist.gov/cgi/cbook.cgi?JCAMP=C288131&Index=4&Type=UVVis	reason=download_http_404	message=
2026-07-02 23:40:31	cid=1048	cas=288-13-1	modality=uvvis	url=https://webbook.nist.gov/cgi/cbook.cgi?JCAMP=C288131&Index=5&Type=UVVis	reason=download_http_404	message=
2026-07-02 23:40:36	cid=1048	cas=288-13-1	modality=uvvis	url=https://webbook.nist.gov/cgi/cbook.cgi?JCAMP=C288131&Index=6&Type=UVVis	reason=download_http_404	message=
2026-07-02 23:40:36	cid=1048	cas=288-13-1	modality=uvvis	url=https://webbook.nist.gov/cgi/cbook.cgi?JCAMP=C288131&Index=7&Type=UVVis	reason=download_http_404	message=
2026-07-02 23:40:37	cid=1048	cas=288-13-1	modality=uvvis	url=https://webbook.nist.gov/cgi/cbook.cgi?JCAMP=C288131&Index=8&Type=UVVis	reason=download_http_404	message=
2026-07-02 23:40:37	cid=1048	cas=288-13-1	modality=uvvis	url=https://webbook.nist.gov/cgi/cbook.cgi?JCAMP=C288131&Index=9&Type=UVVis	reason=download_http_404	message=
2026-07-02 23:40:42	cid=1049	cas=110-86-1	modality=ir	url=https://webbook.nist.gov/cgi/cbook.cgi?JCAMP=C7291227&Index=0&Type=IR	reason=download_http_404	message=
2026-07-02 23:40:43	cid=1049	cas=110-86-1	modality=ir	url=https://webbook.nist.gov/cgi/cbook.cgi?JCAMP=C7291227&Index=1&Type=IR	reason=download_http_404	message=
2026-07-02 23:40:43	cid=1049	cas=110-86-1	modality=ir	url=https://webbook.nist.gov/cgi/cbook.cgi?JCAMP=C7291227&Index=2&Type=IR	reason=download_http_404	message=
2026-07-02 23:40:43	cid=1049	cas=110-86-1	modality=ir	url=https://webbook.nist.gov/cgi/cbook.cgi?JCAMP=C7291227&Index=3&Type=IR	reason=download_http_404	message=
2026-07-02 23:40:44	cid=1049	cas=110-86-1	modality=ir	url=https://webbook.nist.gov/cgi/cbook.cgi?JCAMP=C7291227&Index=4&Type=IR	reason=download_http_404	message=
2026-07-02 23:40:54	cid=1049	cas=110-86-1	modality=ir	url=https://webbook.nist.gov/cgi/cbook.cgi?JCAMP=C7291227&Index=5&Type=IR	reason=download_http_404	message=
2026-07-02 23:40:54	cid=1049	cas=110-86-1	modality=ir	url=https://webbook.nist.gov/cgi/cbook.cgi?JCAMP=C7291227&Index=6&Type=IR	reason=download_http_404	message=
2026-07-02 23:40:55	cid=1049	cas=110-86-1	modality=ir	url=https://webbook.nist.gov/cgi/cbook.cgi?JCAMP=C7291227&Index=7&Type=IR	reason=download_http_404	message=
2026-07-02 23:40:55	cid=1049	cas=110-86-1	modality=ir	url=https://webbook.nist.gov/cgi/cbook.cgi?JCAMP=C7291227&Index=8&Type=IR	reason=download_http_404	message=
2026-07-02 23:40:56	cid=1049	cas=110-86-1	modality=ir	url=https://webbook.nist.gov/cgi/cbook.cgi?JCAMP=C7291227&Index=9&Type=IR	reason=download_http_404	message=
2026-07-02 23:42:11	cid=1049	cas=110-86-1	modality=uvvis	url=https://webbook.nist.gov/cgi/cbook.cgi?JCAMP=C7291227&Index=0&Type=UVVis	reason=download_http_404	message=
2026-07-02 23:42:11	cid=1049	cas=110-86-1	modality=uvvis	url=https://webbook.nist.gov/cgi/cbook.cgi?JCAMP=C7291227&Index=1&Type=UVVis	reason=download_http_404	message=
2026-07-02 23:42:11	cid=1049	cas=110-86-1	modality=uvvis	url=https://webbook.nist.gov/cgi/cbook.cgi?JCAMP=C7291227&Index=2&Type=UVVis	reason=download_http_404	message=
2026-07-02 23:42:12	cid=1049	cas=110-86-1	modality=uvvis	url=https://webbook.nist.gov/cgi/cbook.cgi?JCAMP=C7291227&Index=3&Type=UVVis	reason=download_http_404	message=
2026-07-02 23:42:12	cid=1049	cas=110-86-1	modality=uvvis	url=https://webbook.nist.gov/cgi/cbook.cgi?JCAMP=C7291227&Index=4&Type=UVVis	reason=download_http_404	message=
2026-07-02 23:42:22	cid=1049	cas=110-86-1	modality=uvvis	url=https://webbook.nist.gov/cgi/cbook.cgi?JCAMP=C7291227&Index=5&Type=UVVis	reason=download_http_404	message=
2026-07-02 23:42:23	cid=1049	cas=110-86-1	modality=uvvis	url=https://webbook.nist.gov/cgi/cbook.cgi?JCAMP=C7291227&Index=6&Type=UVVis	reason=download_http_404	message=
2026-07-02 23:42:23	cid=1049	cas=110-86-1	modality=uvvis	url=https://webbook.nist.gov/cgi/cbook.cgi?JCAMP=C7291227&Index=7&Type=UVVis	reason=download_http_404	message=
2026-07-02 23:42:23	cid=1049	cas=110-86-1	modality=uvvis	url=https://webbook.nist.gov/cgi/cbook.cgi?JCAMP=C7291227&Index=8&Type=UVVis	reason=download_http_404	message=
2026-07-02 23:46:03	cid=1049	cas=110-86-1	modality=uvvis	url=https://webbook.nist.gov/cgi/cbook.cgi?JCAMP=C7291227&Index=9&Type=UVVis	reason=download_http_404	message=
2026-07-02 23:46:04	cid=1050	cas=66-72-8	modality=	url=https://webbook.nist.gov/cgi/cbook.cgi?ID=66-72-8&Units=SI&Mask=480	reason=nist_not_found	message=
2026-07-02 23:46:06	cid=1051	cas=54-47-7	modality=	url=https://webbook.nist.gov/cgi/cbook.cgi?ID=54-47-7&Units=SI&Mask=480	reason=nist_not_found	message=
2026-07-02 23:46:11	cid=1052	cas=85-87-0	modality=	url=https://webbook.nist.gov/cgi/cbook.cgi?ID=85-87-0&Units=SI&Mask=480	reason=no_jcamp_links	message=
2026-07-02 23:46:12	cid=1053	cas=529-96-4	modality=	url=https://webbook.nist.gov/cgi/cbook.cgi?ID=529-96-4&Units=SI&Mask=480	reason=nist_not_found	message=
2026-07-02 23:46:15	cid=1054	cas=65-23-6	modality=uvvis	url=https://webbook.nist.gov/cgi/cbook.cgi?JCAMP=C65236&Index=1&Type=UVVis	reason=download_http_404	message=
2026-07-02 23:46:16	cid=1054	cas=65-23-6	modality=uvvis	url=https://webbook.nist.gov/cgi/cbook.cgi?JCAMP=C65236&Index=2&Type=UVVis	reason=download_http_404	message=
2026-07-02 23:46:16	cid=1054	cas=65-23-6	modality=uvvis	url=https://webbook.nist.gov/cgi/cbook.cgi?JCAMP=C65236&Index=3&Type=UVVis	reason=download_http_404	message=
2026-07-02 23:46:17	cid=1054	cas=65-23-6	modality=uvvis	url=https://webbook.nist.gov/cgi/cbook.cgi?JCAMP=C65236&Index=4&Type=UVVis	reason=download_http_404	message=
2026-07-02 23:46:21	cid=1054	cas=65-23-6	modality=uvvis	url=https://webbook.nist.gov/cgi/cbook.cgi?JCAMP=C65236&Index=5&Type=UVVis	reason=download_http_404	message=
2026-07-02 23:46:22	cid=1054	cas=65-23-6	modality=uvvis	url=https://webbook.nist.gov/cgi/cbook.cgi?JCAMP=C65236&Index=6&Type=UVVis	reason=download_http_404	message=
2026-07-02 23:46:22	cid=1054	cas=65-23-6	modality=uvvis	url=https://webbook.nist.gov/cgi/cbook.cgi?JCAMP=C65236&Index=7&Type=UVVis	reason=download_http_404	message=
2026-07-02 23:46:23	cid=1054	cas=65-23-6	modality=uvvis	url=https://webbook.nist.gov/cgi/cbook.cgi?JCAMP=C65236&Index=8&Type=UVVis	reason=download_http_404	message=
2026-07-02 23:46:33	cid=1054	cas=65-23-6	modality=uvvis	url=https://webbook.nist.gov/cgi/cbook.cgi?JCAMP=C65236&Index=9&Type=UVVis	reason=download_http_404	message=
2026-07-02 23:46:34	cid=1055	cas=447-05-2	modality=	url=https://webbook.nist.gov/cgi/cbook.cgi?ID=447-05-2&Units=SI&Mask=480	reason=nist_not_found	message=
2026-07-02 23:46:37	cid=1056	cas=27790-74-5	modality=	url=https://webbook.nist.gov/cgi/cbook.cgi?ID=27790-74-5&Units=SI&Mask=480	reason=nist_not_found	message=
2026-07-02 23:46:46	cid=1057	cas=87-66-1	modality=ir	url=https://webbook.nist.gov/cgi/cbook.cgi?JCAMP=C87661&Index=2&Type=IR	reason=download_http_404	message=
2026-07-02 23:46:47	cid=1057	cas=87-66-1	modality=ir	url=https://webbook.nist.gov/cgi/cbook.cgi?JCAMP=C87661&Index=3&Type=IR	reason=download_http_404	message=
2026-07-02 23:46:47	cid=1057	cas=87-66-1	modality=ir	url=https://webbook.nist.gov/cgi/cbook.cgi?JCAMP=C87661&Index=4&Type=IR	reason=download_http_404	message=
2026-07-02 23:46:52	cid=1057	cas=87-66-1	modality=ir	url=https://webbook.nist.gov/cgi/cbook.cgi?JCAMP=C87661&Index=5&Type=IR	reason=download_http_404	message=
2026-07-02 23:46:53	cid=1057	cas=87-66-1	modality=ir	url=https://webbook.nist.gov/cgi/cbook.cgi?JCAMP=C87661&Index=6&Type=IR	reason=download_http_404	message=
2026-07-02 23:46:53	cid=1057	cas=87-66-1	modality=ir	url=https://webbook.nist.gov/cgi/cbook.cgi?JCAMP=C87661&Index=7&Type=IR	reason=download_http_404	message=
2026-07-02 23:46:53	cid=1057	cas=87-66-1	modality=ir	url=https://webbook.nist.gov/cgi/cbook.cgi?JCAMP=C87661&Index=8&Type=IR	reason=download_http_404	message=
2026-07-02 23:46:54	cid=1057	cas=87-66-1	modality=ir	url=https://webbook.nist.gov/cgi/cbook.cgi?JCAMP=C87661&Index=9&Type=IR	reason=download_http_404	message=
2026-07-02 23:46:59	cid=1057	cas=87-66-1	modality=uvvis	url=https://webbook.nist.gov/cgi/cbook.cgi?JCAMP=C87661&Index=1&Type=UVVis	reason=download_http_404	message=
2026-07-02 23:46:59	cid=1057	cas=87-66-1	modality=uvvis	url=https://webbook.nist.gov/cgi/cbook.cgi?JCAMP=C87661&Index=2&Type=UVVis	reason=download_http_404	message=
2026-07-02 23:47:00	cid=1057	cas=87-66-1	modality=uvvis	url=https://webbook.nist.gov/cgi/cbook.cgi?JCAMP=C87661&Index=3&Type=UVVis	reason=download_http_404	message=
2026-07-02 23:47:00	cid=1057	cas=87-66-1	modality=uvvis	url=https://webbook.nist.gov/cgi/cbook.cgi?JCAMP=C87661&Index=4&Type=UVVis	reason=download_http_404	message=
2026-07-02 23:47:01	cid=1057	cas=87-66-1	modality=uvvis	url=https://webbook.nist.gov/cgi/cbook.cgi?JCAMP=C87661&Index=5&Type=UVVis	reason=download_http_404	message=
2026-07-02 23:47:05	cid=1057	cas=87-66-1	modality=uvvis	url=https://webbook.nist.gov/cgi/cbook.cgi?JCAMP=C87661&Index=6&Type=UVVis	reason=download_http_404	message=
2026-07-02 23:47:06	cid=1057	cas=87-66-1	modality=uvvis	url=https://webbook.nist.gov/cgi/cbook.cgi?JCAMP=C87661&Index=7&Type=UVVis	reason=download_http_404	message=
2026-07-02 23:47:06	cid=1057	cas=87-66-1	modality=uvvis	url=https://webbook.nist.gov/cgi/cbook.cgi?JCAMP=C87661&Index=8&Type=UVVis	reason=download_http_404	message=
2026-07-02 23:47:06	cid=1057	cas=87-66-1	modality=uvvis	url=https://webbook.nist.gov/cgi/cbook.cgi?JCAMP=C87661&Index=9&Type=UVVis	reason=download_http_404	message=
2026-07-02 23:47:09	cid=1059	cas=22573-88-2	modality=	url=https://webbook.nist.gov/cgi/cbook.cgi?ID=22573-88-2&Units=SI&Mask=480	reason=nist_not_found	message=
2026-07-02 23:47:19	cid=1060	cas=127-17-3	modality=ir	url=https://webbook.nist.gov/cgi/cbook.cgi?JCAMP=C127173&Index=2&Type=IR	reason=download_http_404	message=
2026-07-02 23:47:19	cid=1060	cas=127-17-3	modality=ir	url=https://webbook.nist.gov/cgi/cbook.cgi?JCAMP=C127173&Index=3&Type=IR	reason=download_http_404	message=
2026-07-02 23:47:20	cid=1060	cas=127-17-3	modality=ir	url=https://webbook.nist.gov/cgi/cbook.cgi?JCAMP=C127173&Index=4&Type=IR	reason=download_http_404	message=
2026-07-02 23:47:21	cid=1060	cas=127-17-3	modality=ir	url=https://webbook.nist.gov/cgi/cbook.cgi?JCAMP=C127173&Index=5&Type=IR	reason=download_http_404	message=
2026-07-02 23:47:21	cid=1060	cas=127-17-3	modality=ir	url=https://webbook.nist.gov/cgi/cbook.cgi?JCAMP=C127173&Index=6&Type=IR	reason=download_http_404	message=
2026-07-02 23:47:25	cid=1060	cas=127-17-3	modality=ir	url=https://webbook.nist.gov/cgi/cbook.cgi?JCAMP=C127173&Index=7&Type=IR	reason=download_http_404	message=
2026-07-02 23:47:26	cid=1060	cas=127-17-3	modality=ir	url=https://webbook.nist.gov/cgi/cbook.cgi?JCAMP=C127173&Index=8&Type=IR	reason=download_http_404	message=
2026-07-02 23:47:26	cid=1060	cas=127-17-3	modality=ir	url=https://webbook.nist.gov/cgi/cbook.cgi?JCAMP=C127173&Index=9&Type=IR	reason=download_http_404	message=
2026-07-02 23:47:27	cid=1062	cas=	modality=	url=	reason=not_found	message=no_cas_in_synonyms
2026-07-02 23:47:28	cid=1063	cas=	modality=	url=	reason=not_found	message=pubchem_synonyms_404
2026-07-02 23:47:30	cid=1064	cas=562-73-2	modality=	url=https://webbook.nist.gov/cgi/cbook.cgi?ID=562-73-2&Units=SI&Mask=480	reason=no_jcamp_links	message=
2026-07-02 23:47:32	cid=1065	cas=936694-43-8	modality=	url=https://webbook.nist.gov/cgi/cbook.cgi?ID=936694-43-8&Units=SI&Mask=480	reason=nist_not_found	message=
2026-07-02 23:47:34	cid=1066	cas=89-00-9	modality=	url=https://webbook.nist.gov/cgi/cbook.cgi?ID=89-00-9&Units=SI&Mask=480	reason=nist_not_found	message=
2026-07-02 23:47:36	cid=1067	cas=	modality=	url=	reason=not_found	message=pubchem_synonyms_404
2026-07-02 23:47:42	cid=1068	cas=75-18-3	modality=ir	url=https://webbook.nist.gov/cgi/cbook.cgi?JCAMP=C4752129&Index=0&Type=IR	reason=download_http_404	message=
2026-07-02 23:47:42	cid=1068	cas=75-18-3	modality=ir	url=https://webbook.nist.gov/cgi/cbook.cgi?JCAMP=C4752129&Index=1&Type=IR	reason=download_http_404	message=
2026-07-02 23:47:43	cid=1068	cas=75-18-3	modality=ir	url=https://webbook.nist.gov/cgi/cbook.cgi?JCAMP=C4752129&Index=2&Type=IR	reason=download_http_404	message=
2026-07-02 23:47:53	cid=1068	cas=75-18-3	modality=ir	url=https://webbook.nist.gov/cgi/cbook.cgi?JCAMP=C4752129&Index=3&Type=IR	reason=download_http_404	message=
2026-07-02 23:47:54	cid=1068	cas=75-18-3	modality=ir	url=https://webbook.nist.gov/cgi/cbook.cgi?JCAMP=C4752129&Index=4&Type=IR	reason=download_http_404	message=
2026-07-02 23:47:54	cid=1068	cas=75-18-3	modality=ir	url=https://webbook.nist.gov/cgi/cbook.cgi?JCAMP=C4752129&Index=5&Type=IR	reason=download_http_404	message=
2026-07-02 23:47:54	cid=1068	cas=75-18-3	modality=ir	url=https://webbook.nist.gov/cgi/cbook.cgi?JCAMP=C4752129&Index=6&Type=IR	reason=download_http_404	message=
2026-07-02 23:47:55	cid=1068	cas=75-18-3	modality=ir	url=https://webbook.nist.gov/cgi/cbook.cgi?JCAMP=C4752129&Index=7&Type=IR	reason=download_http_404	message=
2026-07-02 23:48:05	cid=1068	cas=75-18-3	modality=ir	url=https://webbook.nist.gov/cgi/cbook.cgi?JCAMP=C4752129&Index=8&Type=IR	reason=download_http_404	message=
2026-07-02 23:48:06	cid=1068	cas=75-18-3	modality=ir	url=https://webbook.nist.gov/cgi/cbook.cgi?JCAMP=C4752129&Index=9&Type=IR	reason=download_http_404	message=
2026-07-02 23:48:06	cid=1068	cas=75-18-3	modality=uvvis	url=https://webbook.nist.gov/cgi/cbook.cgi?JCAMP=C4752129&Index=0&Type=UVVis	reason=download_http_404	message=
2026-07-02 23:48:06	cid=1068	cas=75-18-3	modality=uvvis	url=https://webbook.nist.gov/cgi/cbook.cgi?JCAMP=C4752129&Index=1&Type=UVVis	reason=download_http_404	message=
2026-07-02 23:48:07	cid=1068	cas=75-18-3	modality=uvvis	url=https://webbook.nist.gov/cgi/cbook.cgi?JCAMP=C4752129&Index=2&Type=UVVis	reason=download_http_404	message=
2026-07-02 23:48:11	cid=1068	cas=75-18-3	modality=uvvis	url=https://webbook.nist.gov/cgi/cbook.cgi?JCAMP=C4752129&Index=3&Type=UVVis	reason=download_http_404	message=
2026-07-02 23:48:12	cid=1068	cas=75-18-3	modality=uvvis	url=https://webbook.nist.gov/cgi/cbook.cgi?JCAMP=C4752129&Index=4&Type=UVVis	reason=download_http_404	message=
2026-07-02 23:48:12	cid=1068	cas=75-18-3	modality=uvvis	url=https://webbook.nist.gov/cgi/cbook.cgi?JCAMP=C4752129&Index=5&Type=UVVis	reason=download_http_404	message=
2026-07-02 23:48:13	cid=1068	cas=75-18-3	modality=uvvis	url=https://webbook.nist.gov/cgi/cbook.cgi?JCAMP=C4752129&Index=6&Type=UVVis	reason=download_http_404	message=
2026-07-02 23:48:13	cid=1068	cas=75-18-3	modality=uvvis	url=https://webbook.nist.gov/cgi/cbook.cgi?JCAMP=C4752129&Index=7&Type=UVVis	reason=download_http_404	message=
2026-07-02 23:48:23	cid=1068	cas=75-18-3	modality=uvvis	url=https://webbook.nist.gov/cgi/cbook.cgi?JCAMP=C4752129&Index=8&Type=UVVis	reason=download_http_404	message=
2026-07-02 23:48:24	cid=1068	cas=75-18-3	modality=uvvis	url=https://webbook.nist.gov/cgi/cbook.cgi?JCAMP=C4752129&Index=9&Type=UVVis	reason=download_http_404	message=
2026-07-02 23:48:25	cid=1069	cas=	modality=	url=	reason=not_found	message=pubchem_synonyms_404
2026-07-02 23:48:26	cid=1070	cas=	modality=	url=	reason=not_found	message=no_cas_in_synonyms
2026-07-02 23:48:28	cid=1071	cas=34218-73-0	modality=	url=https://webbook.nist.gov/cgi/cbook.cgi?ID=34218-73-0&Units=SI&Mask=480	reason=nist_not_found	message=
2026-07-02 23:48:30	cid=1072	cas=301335-02-4	modality=	url=https://webbook.nist.gov/cgi/cbook.cgi?ID=301335-02-4&Units=SI&Mask=480	reason=nist_not_found	message=
2026-07-02 23:48:31	cid=1073	cas=	modality=	url=	reason=not_found	message=no_cas_in_synonyms
2026-07-02 23:48:32	cid=1074	cas=	modality=	url=	reason=not_found	message=no_cas_in_synonyms
2026-07-02 23:48:33	cid=1076	cas=	modality=	url=	reason=not_found	message=no_cas_in_synonyms
2026-07-02 23:48:35	cid=1077	cas=	modality=	url=	reason=not_found	message=pubchem_synonyms_404
2026-07-02 23:48:35	cid=1078	cas=	modality=	url=	reason=not_found	message=no_cas_in_synonyms
2026-07-02 23:48:37	cid=1079	cas=	modality=	url=	reason=not_found	message=no_cas_in_synonyms
2026-07-02 23:48:39	cid=1080	cas=25390-17-4	modality=	url=https://webbook.nist.gov/cgi/cbook.cgi?ID=25390-17-4&Units=SI&Mask=480	reason=nist_not_found	message=
2026-07-02 23:48:42	cid=1081	cas=597-44-4	modality=	url=https://webbook.nist.gov/cgi/cbook.cgi?ID=597-44-4&Units=SI&Mask=480	reason=nist_not_found	message=
2026-07-02 23:48:45	cid=1082	cas=760212-92-8	modality=	url=https://webbook.nist.gov/cgi/cbook.cgi?ID=760212-92-8&Units=SI&Mask=480	reason=nist_not_found	message=
2026-07-02 23:49:08	cid=1083	cas=	modality=	url=	reason=not_found	message=no_cas_in_synonyms
2026-07-02 23:49:09	cid=1087	cas=	modality=	url=	reason=not_found	message=no_cas_in_synonyms
2026-07-02 23:49:14	cid=1088	cas=107-97-1	modality=	url=https://webbook.nist.gov/cgi/cbook.cgi?ID=107-97-1&Units=SI&Mask=480	reason=no_jcamp_links	message=
2026-07-02 23:49:15	cid=1093	cas=	modality=	url=	reason=not_found	message=pubchem_synonyms_404
2026-07-02 23:49:17	cid=1094	cas=2306-23-2	modality=	url=https://webbook.nist.gov/cgi/cbook.cgi?ID=2306-23-2&Units=SI&Mask=480	reason=nist_not_found	message=
2026-07-02 23:49:20	cid=1095	cas=63959-45-5	modality=	url=https://webbook.nist.gov/cgi/cbook.cgi?ID=63959-45-5&Units=SI&Mask=480	reason=nist_not_found	message=
2026-07-02 23:49:22	cid=1101	cas=139686-85-4	modality=	url=https://webbook.nist.gov/cgi/cbook.cgi?ID=139686-85-4&Units=SI&Mask=480	reason=nist_not_found	message=
2026-07-02 23:49:24	cid=1102	cas=124-20-9	modality=	url=https://webbook.nist.gov/cgi/cbook.cgi?ID=124-20-9&Units=SI&Mask=480	reason=nist_not_found	message=
2026-07-02 23:49:27	cid=1103	cas=71-44-3	modality=ir	url=https://webbook.nist.gov/cgi/cbook.cgi?JCAMP=C71443&Index=1&Type=IR	reason=download_http_404	message=
2026-07-02 23:49:27	cid=1103	cas=71-44-3	modality=ir	url=https://webbook.nist.gov/cgi/cbook.cgi?JCAMP=C71443&Index=2&Type=IR	reason=download_http_404	message=
2026-07-02 23:49:28	cid=1103	cas=71-44-3	modality=ir	url=https://webbook.nist.gov/cgi/cbook.cgi?JCAMP=C71443&Index=3&Type=IR	reason=download_http_404	message=
2026-07-02 23:49:28	cid=1103	cas=71-44-3	modality=ir	url=https://webbook.nist.gov/cgi/cbook.cgi?JCAMP=C71443&Index=4&Type=IR	reason=download_http_404	message=
2026-07-02 23:49:39	cid=1103	cas=71-44-3	modality=ir	url=https://webbook.nist.gov/cgi/cbook.cgi?JCAMP=C71443&Index=5&Type=IR	reason=download_http_404	message=
2026-07-02 23:49:39	cid=1103	cas=71-44-3	modality=ir	url=https://webbook.nist.gov/cgi/cbook.cgi?JCAMP=C71443&Index=6&Type=IR	reason=download_http_404	message=
2026-07-02 23:49:40	cid=1103	cas=71-44-3	modality=ir	url=https://webbook.nist.gov/cgi/cbook.cgi?JCAMP=C71443&Index=7&Type=IR	reason=download_http_404	message=
2026-07-02 23:49:40	cid=1103	cas=71-44-3	modality=ir	url=https://webbook.nist.gov/cgi/cbook.cgi?JCAMP=C71443&Index=8&Type=IR	reason=download_http_404	message=
2026-07-02 23:49:40	cid=1103	cas=71-44-3	modality=ir	url=https://webbook.nist.gov/cgi/cbook.cgi?JCAMP=C71443&Index=9&Type=IR	reason=download_http_404	message=
2026-07-02 23:49:42	cid=1104	cas=10140-30-4	modality=	url=https://webbook.nist.gov/cgi/cbook.cgi?ID=10140-30-4&Units=SI&Mask=480	reason=nist_not_found	message=
2026-07-02 23:49:46	cid=1105	cas=7683-64-9	modality=ir	url=https://webbook.nist.gov/cgi/cbook.cgi?JCAMP=C111024&Index=0&Type=IR	reason=download_http_404	message=
2026-07-02 23:49:46	cid=1105	cas=7683-64-9	modality=ir	url=https://webbook.nist.gov/cgi/cbook.cgi?JCAMP=C111024&Index=1&Type=IR	reason=download_http_404	message=
2026-07-02 23:49:47	cid=1105	cas=7683-64-9	modality=ir	url=https://webbook.nist.gov/cgi/cbook.cgi?JCAMP=C111024&Index=2&Type=IR	reason=download_http_404	message=
2026-07-02 23:49:48	cid=1105	cas=7683-64-9	modality=ir	url=https://webbook.nist.gov/cgi/cbook.cgi?JCAMP=C111024&Index=3&Type=IR	reason=download_http_404	message=
2026-07-02 23:49:52	cid=1105	cas=7683-64-9	modality=ir	url=https://webbook.nist.gov/cgi/cbook.cgi?JCAMP=C111024&Index=4&Type=IR	reason=download_http_404	message=
2026-07-02 23:49:52	cid=1105	cas=7683-64-9	modality=ir	url=https://webbook.nist.gov/cgi/cbook.cgi?JCAMP=C111024&Index=5&Type=IR	reason=download_http_404	message=
2026-07-02 23:49:52	cid=1105	cas=7683-64-9	modality=ir	url=https://webbook.nist.gov/cgi/cbook.cgi?JCAMP=C111024&Index=6&Type=IR	reason=download_http_404	message=
2026-07-02 23:49:53	cid=1105	cas=7683-64-9	modality=ir	url=https://webbook.nist.gov/cgi/cbook.cgi?JCAMP=C111024&Index=7&Type=IR	reason=download_http_404	message=
2026-07-02 23:49:57	cid=1105	cas=7683-64-9	modality=ir	url=https://webbook.nist.gov/cgi/cbook.cgi?JCAMP=C111024&Index=8&Type=IR	reason=download_http_404	message=
2026-07-02 23:49:58	cid=1105	cas=7683-64-9	modality=ir	url=https://webbook.nist.gov/cgi/cbook.cgi?JCAMP=C111024&Index=9&Type=IR	reason=download_http_404	message=
2026-07-02 23:49:59	cid=1107	cas=	modality=	url=	reason=not_found	message=no_cas_in_synonyms
2026-07-02 23:50:00	cid=1108	cas=	modality=	url=	reason=not_found	message=no_cas_in_synonyms
2026-07-02 23:50:09	cid=1110	cas=110-15-6	modality=ir	url=https://webbook.nist.gov/cgi/cbook.cgi?JCAMP=C110156&Index=3&Type=IR	reason=download_http_404	message=
2026-07-02 23:50:09	cid=1110	cas=110-15-6	modality=ir	url=https://webbook.nist.gov/cgi/cbook.cgi?JCAMP=C110156&Index=4&Type=IR	reason=download_http_404	message=
2026-07-02 23:50:09	cid=1110	cas=110-15-6	modality=ir	url=https://webbook.nist.gov/cgi/cbook.cgi?JCAMP=C110156&Index=5&Type=IR	reason=download_http_404	message=
2026-07-02 23:50:10	cid=1110	cas=110-15-6	modality=ir	url=https://webbook.nist.gov/cgi/cbook.cgi?JCAMP=C110156&Index=6&Type=IR	reason=download_http_404	message=
2026-07-02 23:50:21	cid=1110	cas=110-15-6	modality=ir	url=https://webbook.nist.gov/cgi/cbook.cgi?JCAMP=C110156&Index=7&Type=IR	reason=download_http_404	message=
2026-07-02 23:50:24	cid=1110	cas=110-15-6	modality=ir	url=https://webbook.nist.gov/cgi/cbook.cgi?JCAMP=C110156&Index=8&Type=IR	reason=download_http_404	message=
2026-07-02 23:50:25	cid=1110	cas=110-15-6	modality=ir	url=https://webbook.nist.gov/cgi/cbook.cgi?JCAMP=C110156&Index=9&Type=IR	reason=download_http_404	message=
2026-07-02 23:50:27	cid=1112	cas=692-29-5	modality=	url=https://webbook.nist.gov/cgi/cbook.cgi?ID=692-29-5&Units=SI&Mask=480	reason=nist_not_found	message=
2026-07-02 23:50:28	cid=1113	cas=	modality=	url=	reason=not_found	message=pubchem_synonyms_404
2026-07-02 23:50:29	cid=1114	cas=	modality=	url=	reason=not_found	message=pubchem_synonyms_404
2026-07-02 23:50:32	cid=1115	cas=1192061-43-0	modality=	url=https://webbook.nist.gov/cgi/cbook.cgi?ID=1192061-43-0&Units=SI&Mask=480	reason=nist_not_found	message=
2026-07-02 23:50:33	cid=1116	cas=	modality=	url=	reason=not_found	message=no_cas_in_synonyms
2026-07-02 23:50:35	cid=1122	cas=2480-77-5	modality=	url=https://webbook.nist.gov/cgi/cbook.cgi?ID=2480-77-5&Units=SI&Mask=480	reason=nist_not_found	message=
2026-07-02 23:50:37	cid=1123	cas=107-35-7	modality=	url=https://webbook.nist.gov/cgi/cbook.cgi?ID=107-35-7&Units=SI&Mask=480	reason=no_jcamp_links	message=
2026-07-02 23:50:38	cid=1124	cas=	modality=	url=	reason=not_found	message=no_cas_in_synonyms
2026-07-02 23:50:41	cid=1127	cas=110-01-0	modality=uvvis	url=https://webbook.nist.gov/cgi/cbook.cgi?JCAMP=C110010&Index=1&Type=UVVis	reason=download_http_404	message=
2026-07-02 23:50:42	cid=1127	cas=110-01-0	modality=uvvis	url=https://webbook.nist.gov/cgi/cbook.cgi?JCAMP=C110010&Index=2&Type=UVVis	reason=download_http_404	message=
2026-07-02 23:50:42	cid=1127	cas=110-01-0	modality=uvvis	url=https://webbook.nist.gov/cgi/cbook.cgi?JCAMP=C110010&Index=3&Type=UVVis	reason=download_http_404	message=
2026-07-02 23:50:43	cid=1127	cas=110-01-0	modality=uvvis	url=https://webbook.nist.gov/cgi/cbook.cgi?JCAMP=C110010&Index=4&Type=UVVis	reason=download_http_404	message=
2026-07-02 23:50:53	cid=1127	cas=110-01-0	modality=uvvis	url=https://webbook.nist.gov/cgi/cbook.cgi?JCAMP=C110010&Index=5&Type=UVVis	reason=download_http_404	message=
2026-07-02 23:50:53	cid=1127	cas=110-01-0	modality=uvvis	url=https://webbook.nist.gov/cgi/cbook.cgi?JCAMP=C110010&Index=6&Type=UVVis	reason=download_http_404	message=
2026-07-02 23:50:54	cid=1127	cas=110-01-0	modality=uvvis	url=https://webbook.nist.gov/cgi/cbook.cgi?JCAMP=C110010&Index=7&Type=UVVis	reason=download_http_404	message=
2026-07-02 23:50:55	cid=1127	cas=110-01-0	modality=uvvis	url=https://webbook.nist.gov/cgi/cbook.cgi?JCAMP=C110010&Index=8&Type=UVVis	reason=download_http_404	message=
2026-07-02 23:50:55	cid=1127	cas=110-01-0	modality=uvvis	url=https://webbook.nist.gov/cgi/cbook.cgi?JCAMP=C110010&Index=9&Type=UVVis	reason=download_http_404	message=
2026-07-02 23:50:58	cid=1128	cas=1600-44-8	modality=	url=https://webbook.nist.gov/cgi/cbook.cgi?ID=1600-44-8&Units=SI&Mask=480	reason=no_jcamp_links	message=
2026-07-02 23:51:00	cid=1130	cas=59-43-8	modality=	url=https://webbook.nist.gov/cgi/cbook.cgi?ID=59-43-8&Units=SI&Mask=480	reason=nist_not_found	message=
2026-07-02 23:51:02	cid=1131	cas=10023-48-0	modality=	url=https://webbook.nist.gov/cgi/cbook.cgi?ID=10023-48-0&Units=SI&Mask=480	reason=nist_not_found	message=
2026-07-02 23:51:04	cid=1132	cas=136-08-3	modality=	url=https://webbook.nist.gov/cgi/cbook.cgi?ID=136-08-3&Units=SI&Mask=480	reason=nist_not_found	message=
2026-07-02 23:51:07	cid=1133	cas=68-11-1	modality=ir	url=https://webbook.nist.gov/cgi/cbook.cgi?JCAMP=C68111&Index=1&Type=IR	reason=download_http_404	message=
2026-07-02 23:51:08	cid=1133	cas=68-11-1	modality=ir	url=https://webbook.nist.gov/cgi/cbook.cgi?JCAMP=C68111&Index=2&Type=IR	reason=download_http_404	message=
2026-07-02 23:51:08	cid=1133	cas=68-11-1	modality=ir	url=https://webbook.nist.gov/cgi/cbook.cgi?JCAMP=C68111&Index=3&Type=IR	reason=download_http_404	message=
2026-07-02 23:51:08	cid=1133	cas=68-11-1	modality=ir	url=https://webbook.nist.gov/cgi/cbook.cgi?JCAMP=C68111&Index=4&Type=IR	reason=download_http_404	message=
2026-07-02 23:51:13	cid=1133	cas=68-11-1	modality=ir	url=https://webbook.nist.gov/cgi/cbook.cgi?JCAMP=C68111&Index=5&Type=IR	reason=download_http_404	message=
2026-07-02 23:51:14	cid=1133	cas=68-11-1	modality=ir	url=https://webbook.nist.gov/cgi/cbook.cgi?JCAMP=C68111&Index=6&Type=IR	reason=download_http_404	message=
2026-07-02 23:51:15	cid=1133	cas=68-11-1	modality=ir	url=https://webbook.nist.gov/cgi/cbook.cgi?JCAMP=C68111&Index=7&Type=IR	reason=download_http_404	message=
2026-07-02 23:51:15	cid=1133	cas=68-11-1	modality=ir	url=https://webbook.nist.gov/cgi/cbook.cgi?JCAMP=C68111&Index=8&Type=IR	reason=download_http_404	message=
2026-07-02 23:51:20	cid=1133	cas=68-11-1	modality=ir	url=https://webbook.nist.gov/cgi/cbook.cgi?JCAMP=C68111&Index=9&Type=IR	reason=download_http_404	message=
2026-07-02 23:51:22	cid=1134	cas=3034319-25-7	modality=	url=https://webbook.nist.gov/cgi/cbook.cgi?ID=3034319-25-7&Units=SI&Mask=480	reason=nist_not_found	message=
2026-07-02 23:51:28	cid=1135	cas=65-71-4	modality=ir	url=https://webbook.nist.gov/cgi/cbook.cgi?JCAMP=C65714&Index=1&Type=IR	reason=download_http_404	message=
2026-07-02 23:51:28	cid=1135	cas=65-71-4	modality=ir	url=https://webbook.nist.gov/cgi/cbook.cgi?JCAMP=C65714&Index=2&Type=IR	reason=download_http_404	message=
2026-07-02 23:51:29	cid=1135	cas=65-71-4	modality=ir	url=https://webbook.nist.gov/cgi/cbook.cgi?JCAMP=C65714&Index=3&Type=IR	reason=download_http_404	message=
2026-07-02 23:51:33	cid=1135	cas=65-71-4	modality=ir	url=https://webbook.nist.gov/cgi/cbook.cgi?JCAMP=C65714&Index=4&Type=IR	reason=download_http_404	message=
2026-07-02 23:51:33	cid=1135	cas=65-71-4	modality=ir	url=https://webbook.nist.gov/cgi/cbook.cgi?JCAMP=C65714&Index=5&Type=IR	reason=download_http_404	message=
2026-07-02 23:51:34	cid=1135	cas=65-71-4	modality=ir	url=https://webbook.nist.gov/cgi/cbook.cgi?JCAMP=C65714&Index=6&Type=IR	reason=download_http_404	message=
2026-07-02 23:51:34	cid=1135	cas=65-71-4	modality=ir	url=https://webbook.nist.gov/cgi/cbook.cgi?JCAMP=C65714&Index=7&Type=IR	reason=download_http_404	message=
2026-07-02 23:51:35	cid=1135	cas=65-71-4	modality=ir	url=https://webbook.nist.gov/cgi/cbook.cgi?JCAMP=C65714&Index=8&Type=IR	reason=download_http_404	message=
2026-07-02 23:51:39	cid=1135	cas=65-71-4	modality=ir	url=https://webbook.nist.gov/cgi/cbook.cgi?JCAMP=C65714&Index=9&Type=IR	reason=download_http_404	message=
2026-07-02 23:51:40	cid=1135	cas=65-71-4	modality=uvvis	url=https://webbook.nist.gov/cgi/cbook.cgi?JCAMP=C65714&Index=1&Type=UVVis	reason=download_http_404	message=
2026-07-02 23:51:40	cid=1135	cas=65-71-4	modality=uvvis	url=https://webbook.nist.gov/cgi/cbook.cgi?JCAMP=C65714&Index=2&Type=UVVis	reason=download_http_404	message=
2026-07-02 23:51:40	cid=1135	cas=65-71-4	modality=uvvis	url=https://webbook.nist.gov/cgi/cbook.cgi?JCAMP=C65714&Index=3&Type=UVVis	reason=download_http_404	message=
2026-07-02 23:51:41	cid=1135	cas=65-71-4	modality=uvvis	url=https://webbook.nist.gov/cgi/cbook.cgi?JCAMP=C65714&Index=4&Type=UVVis	reason=download_http_404	message=
2026-07-02 23:51:46	cid=1135	cas=65-71-4	modality=uvvis	url=https://webbook.nist.gov/cgi/cbook.cgi?JCAMP=C65714&Index=5&Type=UVVis	reason=download_http_404	message=
2026-07-02 23:51:46	cid=1135	cas=65-71-4	modality=uvvis	url=https://webbook.nist.gov/cgi/cbook.cgi?JCAMP=C65714&Index=6&Type=UVVis	reason=download_http_404	message=
2026-07-02 23:51:47	cid=1135	cas=65-71-4	modality=uvvis	url=https://webbook.nist.gov/cgi/cbook.cgi?JCAMP=C65714&Index=7&Type=UVVis	reason=download_http_404	message=
2026-07-02 23:51:48	cid=1135	cas=65-71-4	modality=uvvis	url=https://webbook.nist.gov/cgi/cbook.cgi?JCAMP=C65714&Index=8&Type=UVVis	reason=download_http_404	message=
2026-07-02 23:51:48	cid=1135	cas=65-71-4	modality=uvvis	url=https://webbook.nist.gov/cgi/cbook.cgi?JCAMP=C65714&Index=9&Type=UVVis	reason=download_http_404	message=
2026-07-02 23:51:50	cid=1136	cas=137-00-8	modality=	url=https://webbook.nist.gov/cgi/cbook.cgi?ID=137-00-8&Units=SI&Mask=480	reason=no_jcamp_links	message=
2026-07-02 23:51:52	cid=1137	cas=3269-79-2	modality=	url=https://webbook.nist.gov/cgi/cbook.cgi?ID=3269-79-2&Units=SI&Mask=480	reason=nist_not_found	message=
2026-07-02 23:51:53	cid=1139	cas=	modality=	url=	reason=not_found	message=no_cas_in_synonyms
2026-07-02 23:51:57	cid=1140	cas=108-88-3	modality=ir	url=https://webbook.nist.gov/cgi/cbook.cgi?JCAMP=C1124181&Index=0&Type=IR	reason=download_http_404	message=
2026-07-02 23:51:58	cid=1140	cas=108-88-3	modality=ir	url=https://webbook.nist.gov/cgi/cbook.cgi?JCAMP=C1124181&Index=1&Type=IR	reason=download_http_404	message=
2026-07-02 23:51:58	cid=1140	cas=108-88-3	modality=ir	url=https://webbook.nist.gov/cgi/cbook.cgi?JCAMP=C1124181&Index=2&Type=IR	reason=download_http_404	message=
2026-07-02 23:51:58	cid=1140	cas=108-88-3	modality=ir	url=https://webbook.nist.gov/cgi/cbook.cgi?JCAMP=C1124181&Index=3&Type=IR	reason=download_http_404	message=
2026-07-02 23:52:09	cid=1140	cas=108-88-3	modality=ir	url=https://webbook.nist.gov/cgi/cbook.cgi?JCAMP=C1124181&Index=4&Type=IR	reason=download_http_404	message=
2026-07-02 23:52:09	cid=1140	cas=108-88-3	modality=ir	url=https://webbook.nist.gov/cgi/cbook.cgi?JCAMP=C1124181&Index=5&Type=IR	reason=download_http_404	message=
2026-07-02 23:52:10	cid=1140	cas=108-88-3	modality=ir	url=https://webbook.nist.gov/cgi/cbook.cgi?JCAMP=C1124181&Index=6&Type=IR	reason=download_http_404	message=
2026-07-02 23:52:10	cid=1140	cas=108-88-3	modality=ir	url=https://webbook.nist.gov/cgi/cbook.cgi?JCAMP=C1124181&Index=7&Type=IR	reason=download_http_404	message=
2026-07-02 23:52:10	cid=1140	cas=108-88-3	modality=ir	url=https://webbook.nist.gov/cgi/cbook.cgi?JCAMP=C1124181&Index=8&Type=IR	reason=download_http_404	message=
2026-07-02 23:52:15	cid=1140	cas=108-88-3	modality=ir	url=https://webbook.nist.gov/cgi/cbook.cgi?JCAMP=C1124181&Index=9&Type=IR	reason=download_http_404	message=
2026-07-02 23:52:16	cid=1140	cas=108-88-3	modality=uvvis	url=https://webbook.nist.gov/cgi/cbook.cgi?JCAMP=C1124181&Index=0&Type=UVVis	reason=download_http_404	message=
2026-07-02 23:52:16	cid=1140	cas=108-88-3	modality=uvvis	url=https://webbook.nist.gov/cgi/cbook.cgi?JCAMP=C1124181&Index=1&Type=UVVis	reason=download_http_404	message=
2026-07-02 23:52:17	cid=1140	cas=108-88-3	modality=uvvis	url=https://webbook.nist.gov/cgi/cbook.cgi?JCAMP=C1124181&Index=2&Type=UVVis	reason=download_http_404	message=
2026-07-02 23:52:17	cid=1140	cas=108-88-3	modality=uvvis	url=https://webbook.nist.gov/cgi/cbook.cgi?JCAMP=C1124181&Index=3&Type=UVVis	reason=download_http_404	message=
2026-07-02 23:52:28	cid=1140	cas=108-88-3	modality=uvvis	url=https://webbook.nist.gov/cgi/cbook.cgi?JCAMP=C1124181&Index=4&Type=UVVis	reason=download_http_404	message=
2026-07-02 23:52:28	cid=1140	cas=108-88-3	modality=uvvis	url=https://webbook.nist.gov/cgi/cbook.cgi?JCAMP=C1124181&Index=5&Type=UVVis	reason=download_http_404	message=
2026-07-02 23:52:28	cid=1140	cas=108-88-3	modality=uvvis	url=https://webbook.nist.gov/cgi/cbook.cgi?JCAMP=C1124181&Index=6&Type=UVVis	reason=download_http_404	message=
2026-07-02 23:52:29	cid=1140	cas=108-88-3	modality=uvvis	url=https://webbook.nist.gov/cgi/cbook.cgi?JCAMP=C1124181&Index=7&Type=UVVis	reason=download_http_404	message=
2026-07-02 23:52:30	cid=1140	cas=108-88-3	modality=uvvis	url=https://webbook.nist.gov/cgi/cbook.cgi?JCAMP=C1124181&Index=8&Type=UVVis	reason=download_http_404	message=
2026-07-02 23:52:35	cid=1140	cas=108-88-3	modality=uvvis	url=https://webbook.nist.gov/cgi/cbook.cgi?JCAMP=C1124181&Index=9&Type=UVVis	reason=download_http_404	message=
2026-07-02 23:52:35	cid=1141	cas=	modality=	url=	reason=not_found	message=no_cas_in_synonyms
2026-07-02 23:52:37	cid=1143	cas=1174299-27-4	modality=	url=https://webbook.nist.gov/cgi/cbook.cgi?ID=1174299-27-4&Units=SI&Mask=480	reason=nist_not_found	message=
2026-07-02 23:52:39	cid=1144	cas=10196-10-8	modality=	url=https://webbook.nist.gov/cgi/cbook.cgi?ID=10196-10-8&Units=SI&Mask=480	reason=nist_not_found	message=
2026-07-02 23:52:41	cid=1145	cas=1184-78-7	modality=	url=https://webbook.nist.gov/cgi/cbook.cgi?ID=1184-78-7&Units=SI&Mask=480	reason=no_jcamp_links	message=
2026-07-02 23:52:48	cid=1146	cas=75-50-3	modality=ir	url=https://webbook.nist.gov/cgi/cbook.cgi?JCAMP=C75503&Index=2&Type=IR	reason=download_http_404	message=
2026-07-02 23:52:48	cid=1146	cas=75-50-3	modality=ir	url=https://webbook.nist.gov/cgi/cbook.cgi?JCAMP=C75503&Index=3&Type=IR	reason=download_http_404	message=
2026-07-02 23:52:48	cid=1146	cas=75-50-3	modality=ir	url=https://webbook.nist.gov/cgi/cbook.cgi?JCAMP=C75503&Index=4&Type=IR	reason=download_http_404	message=
2026-07-02 23:52:49	cid=1146	cas=75-50-3	modality=ir	url=https://webbook.nist.gov/cgi/cbook.cgi?JCAMP=C75503&Index=5&Type=IR	reason=download_http_404	message=
2026-07-02 23:52:59	cid=1146	cas=75-50-3	modality=ir	url=https://webbook.nist.gov/cgi/cbook.cgi?JCAMP=C75503&Index=6&Type=IR	reason=download_http_404	message=
2026-07-02 23:53:00	cid=1146	cas=75-50-3	modality=ir	url=https://webbook.nist.gov/cgi/cbook.cgi?JCAMP=C75503&Index=7&Type=IR	reason=download_http_404	message=
2026-07-02 23:53:00	cid=1146	cas=75-50-3	modality=ir	url=https://webbook.nist.gov/cgi/cbook.cgi?JCAMP=C75503&Index=8&Type=IR	reason=download_http_404	message=
2026-07-02 23:53:00	cid=1146	cas=75-50-3	modality=ir	url=https://webbook.nist.gov/cgi/cbook.cgi?JCAMP=C75503&Index=9&Type=IR	reason=download_http_404	message=
2026-07-02 23:53:04	cid=1147	cas=676-84-6	modality=	url=https://webbook.nist.gov/cgi/cbook.cgi?ID=676-84-6&Units=SI&Mask=480	reason=nist_not_found	message=
2026-07-02 23:53:08	cid=1148	cas=54-12-6	modality=uvvis	url=https://webbook.nist.gov/cgi/cbook.cgi?JCAMP=C73223&Index=0&Type=UVVis	reason=download_http_404	message=
2026-07-02 23:53:08	cid=1148	cas=54-12-6	modality=uvvis	url=https://webbook.nist.gov/cgi/cbook.cgi?JCAMP=C73223&Index=1&Type=UVVis	reason=download_http_404	message=
2026-07-02 23:53:10	cid=1148	cas=54-12-6	modality=uvvis	url=https://webbook.nist.gov/cgi/cbook.cgi?JCAMP=C73223&Index=2&Type=UVVis	reason=download_http_404	message=
2026-07-02 23:53:10	cid=1148	cas=54-12-6	modality=uvvis	url=https://webbook.nist.gov/cgi/cbook.cgi?JCAMP=C73223&Index=3&Type=UVVis	reason=download_http_404	message=
2026-07-02 23:53:15	cid=1148	cas=54-12-6	modality=uvvis	url=https://webbook.nist.gov/cgi/cbook.cgi?JCAMP=C73223&Index=4&Type=UVVis	reason=download_http_404	message=
2026-07-02 23:53:15	cid=1148	cas=54-12-6	modality=uvvis	url=https://webbook.nist.gov/cgi/cbook.cgi?JCAMP=C73223&Index=5&Type=UVVis	reason=download_http_404	message=
2026-07-02 23:53:16	cid=1148	cas=54-12-6	modality=uvvis	url=https://webbook.nist.gov/cgi/cbook.cgi?JCAMP=C73223&Index=6&Type=UVVis	reason=download_http_404	message=
2026-07-02 23:53:16	cid=1148	cas=54-12-6	modality=uvvis	url=https://webbook.nist.gov/cgi/cbook.cgi?JCAMP=C73223&Index=7&Type=UVVis	reason=download_http_404	message=
2026-07-02 23:53:16	cid=1148	cas=54-12-6	modality=uvvis	url=https://webbook.nist.gov/cgi/cbook.cgi?JCAMP=C73223&Index=8&Type=UVVis	reason=download_http_404	message=
2026-07-02 23:53:27	cid=1148	cas=54-12-6	modality=uvvis	url=https://webbook.nist.gov/cgi/cbook.cgi?JCAMP=C73223&Index=9&Type=UVVis	reason=download_http_404	message=
2026-07-02 23:53:30	cid=1149	cas=	modality=	url=	reason=not_found	message=pubchem_synonyms_404
2026-07-02 23:53:32	cid=1150	cas=61-54-1	modality=	url=https://webbook.nist.gov/cgi/cbook.cgi?ID=61-54-1&Units=SI&Mask=480	reason=no_jcamp_links	message=
2026-07-02 23:53:35	cid=1151	cas=27821-54-1	modality=	url=https://webbook.nist.gov/cgi/cbook.cgi?ID=27821-54-1&Units=SI&Mask=480	reason=nist_not_found	message=
2026-07-02 23:53:37	cid=1153	cas=556-03-6	modality=	url=https://webbook.nist.gov/cgi/cbook.cgi?ID=556-03-6&Units=SI&Mask=480	reason=no_jcamp_links	message=
2026-07-02 23:53:38	cid=1155	cas=	modality=	url=	reason=not_found	message=pubchem_synonyms_404
2026-07-02 23:53:39	cid=1157	cas=	modality=	url=	reason=not_found	message=pubchem_synonyms_404
2026-07-02 23:53:41	cid=1158	cas=	modality=	url=	reason=not_found	message=no_cas_in_synonyms
2026-07-02 23:53:42	cid=1162	cas=	modality=	url=	reason=not_found	message=pubchem_synonyms_404
2026-07-02 23:53:43	cid=1163	cas=	modality=	url=	reason=not_found	message=no_cas_in_synonyms
2026-07-02 23:53:44	cid=1164	cas=	modality=	url=	reason=not_found	message=pubchem_synonyms_404
2026-07-02 23:53:45	cid=1165	cas=	modality=	url=	reason=not_found	message=no_cas_in_synonyms
2026-07-02 23:53:46	cid=1166	cas=16414-46-3	modality=	url=https://webbook.nist.gov/cgi/cbook.cgi?ID=16414-46-3&Units=SI&Mask=480	reason=nist_not_found	message=
2026-07-02 23:53:48	cid=1167	cas=26575-17-7	modality=	url=https://webbook.nist.gov/cgi/cbook.cgi?ID=26575-17-7&Units=SI&Mask=480	reason=nist_not_found	message=
2026-07-02 23:53:49	cid=1168	cas=	modality=	url=	reason=not_found	message=pubchem_synonyms_404
2026-07-02 23:53:50	cid=1169	cas=	modality=	url=	reason=not_found	message=no_cas_in_synonyms
2026-07-02 23:53:51	cid=1171	cas=	modality=	url=	reason=not_found	message=pubchem_synonyms_404
2026-07-02 23:53:53	cid=1172	cas=28086-43-3	modality=	url=https://webbook.nist.gov/cgi/cbook.cgi?ID=28086-43-3&Units=SI&Mask=480	reason=nist_not_found	message=
2026-07-02 23:54:05	cid=1174	cas=66-22-8	modality=ir	url=https://webbook.nist.gov/cgi/cbook.cgi?JCAMP=C66228&Index=3&Type=IR	reason=download_http_404	message=
2026-07-02 23:54:05	cid=1174	cas=66-22-8	modality=ir	url=https://webbook.nist.gov/cgi/cbook.cgi?JCAMP=C66228&Index=4&Type=IR	reason=download_http_404	message=
2026-07-02 23:54:06	cid=1174	cas=66-22-8	modality=ir	url=https://webbook.nist.gov/cgi/cbook.cgi?JCAMP=C66228&Index=5&Type=IR	reason=download_http_404	message=
2026-07-02 23:54:06	cid=1174	cas=66-22-8	modality=ir	url=https://webbook.nist.gov/cgi/cbook.cgi?JCAMP=C66228&Index=6&Type=IR	reason=download_http_404	message=
2026-07-02 23:54:06	cid=1174	cas=66-22-8	modality=ir	url=https://webbook.nist.gov/cgi/cbook.cgi?JCAMP=C66228&Index=7&Type=IR	reason=download_http_404	message=
2026-07-02 23:54:17	cid=1174	cas=66-22-8	modality=ir	url=https://webbook.nist.gov/cgi/cbook.cgi?JCAMP=C66228&Index=8&Type=IR	reason=download_http_404	message=
2026-07-02 23:54:18	cid=1174	cas=66-22-8	modality=ir	url=https://webbook.nist.gov/cgi/cbook.cgi?JCAMP=C66228&Index=9&Type=IR	reason=download_http_404	message=
2026-07-02 23:54:18	cid=1174	cas=66-22-8	modality=uvvis	url=https://webbook.nist.gov/cgi/cbook.cgi?JCAMP=C66228&Index=1&Type=UVVis	reason=download_http_404	message=
2026-07-02 23:54:18	cid=1174	cas=66-22-8	modality=uvvis	url=https://webbook.nist.gov/cgi/cbook.cgi?JCAMP=C66228&Index=2&Type=UVVis	reason=download_http_404	message=
2026-07-02 23:54:19	cid=1174	cas=66-22-8	modality=uvvis	url=https://webbook.nist.gov/cgi/cbook.cgi?JCAMP=C66228&Index=3&Type=UVVis	reason=download_http_404	message=
2026-07-02 23:54:29	cid=1174	cas=66-22-8	modality=uvvis	url=https://webbook.nist.gov/cgi/cbook.cgi?JCAMP=C66228&Index=4&Type=UVVis	reason=download_http_404	message=
2026-07-02 23:54:29	cid=1174	cas=66-22-8	modality=uvvis	url=https://webbook.nist.gov/cgi/cbook.cgi?JCAMP=C66228&Index=5&Type=UVVis	reason=download_http_404	message=
2026-07-02 23:54:30	cid=1174	cas=66-22-8	modality=uvvis	url=https://webbook.nist.gov/cgi/cbook.cgi?JCAMP=C66228&Index=6&Type=UVVis	reason=download_http_404	message=
2026-07-02 23:54:30	cid=1174	cas=66-22-8	modality=uvvis	url=https://webbook.nist.gov/cgi/cbook.cgi?JCAMP=C66228&Index=7&Type=UVVis	reason=download_http_404	message=
2026-07-02 23:54:31	cid=1174	cas=66-22-8	modality=uvvis	url=https://webbook.nist.gov/cgi/cbook.cgi?JCAMP=C66228&Index=8&Type=UVVis	reason=download_http_404	message=
2026-07-02 23:54:41	cid=1174	cas=66-22-8	modality=uvvis	url=https://webbook.nist.gov/cgi/cbook.cgi?JCAMP=C66228&Index=9&Type=UVVis	reason=download_http_404	message=
2026-07-02 23:54:47	cid=1175	cas=69-93-2	modality=ir	url=https://webbook.nist.gov/cgi/cbook.cgi?JCAMP=C69932&Index=1&Type=IR	reason=download_http_404	message=
2026-07-02 23:54:48	cid=1175	cas=69-93-2	modality=ir	url=https://webbook.nist.gov/cgi/cbook.cgi?JCAMP=C69932&Index=2&Type=IR	reason=download_http_404	message=
2026-07-02 23:54:48	cid=1175	cas=69-93-2	modality=ir	url=https://webbook.nist.gov/cgi/cbook.cgi?JCAMP=C69932&Index=3&Type=IR	reason=download_http_404	message=
2026-07-02 23:54:52	cid=1175	cas=69-93-2	modality=ir	url=https://webbook.nist.gov/cgi/cbook.cgi?JCAMP=C69932&Index=4&Type=IR	reason=download_http_404	message=
2026-07-02 23:54:56	cid=1175	cas=69-93-2	modality=ir	url=https://webbook.nist.gov/cgi/cbook.cgi?JCAMP=C69932&Index=5&Type=IR	reason=download_http_404	message=
2026-07-02 23:54:57	cid=1175	cas=69-93-2	modality=ir	url=https://webbook.nist.gov/cgi/cbook.cgi?JCAMP=C69932&Index=6&Type=IR	reason=download_http_404	message=
2026-07-02 23:55:01	cid=1175	cas=69-93-2	modality=ir	url=https://webbook.nist.gov/cgi/cbook.cgi?JCAMP=C69932&Index=7&Type=IR	reason=download_http_404	message=
2026-07-02 23:55:02	cid=1175	cas=69-93-2	modality=ir	url=https://webbook.nist.gov/cgi/cbook.cgi?JCAMP=C69932&Index=8&Type=IR	reason=download_http_404	message=
2026-07-02 23:55:03	cid=1175	cas=69-93-2	modality=ir	url=https://webbook.nist.gov/cgi/cbook.cgi?JCAMP=C69932&Index=9&Type=IR	reason=download_http_404	message=
2026-07-02 23:55:03	cid=1175	cas=69-93-2	modality=uvvis	url=https://webbook.nist.gov/cgi/cbook.cgi?JCAMP=C69932&Index=1&Type=UVVis	reason=download_http_404	message=
2026-07-02 23:55:03	cid=1175	cas=69-93-2	modality=uvvis	url=https://webbook.nist.gov/cgi/cbook.cgi?JCAMP=C69932&Index=2&Type=UVVis	reason=download_http_404	message=
2026-07-02 23:55:07	cid=1175	cas=69-93-2	modality=uvvis	url=https://webbook.nist.gov/cgi/cbook.cgi?JCAMP=C69932&Index=3&Type=UVVis	reason=download_http_404	message=
2026-07-02 23:55:12	cid=1175	cas=69-93-2	modality=uvvis	url=https://webbook.nist.gov/cgi/cbook.cgi?JCAMP=C69932&Index=4&Type=UVVis	reason=download_http_404	message=
2026-07-02 23:55:12	cid=1175	cas=69-93-2	modality=uvvis	url=https://webbook.nist.gov/cgi/cbook.cgi?JCAMP=C69932&Index=5&Type=UVVis	reason=download_http_404	message=
2026-07-02 23:55:16	cid=1175	cas=69-93-2	modality=uvvis	url=https://webbook.nist.gov/cgi/cbook.cgi?JCAMP=C69932&Index=6&Type=UVVis	reason=download_http_404	message=
2026-07-02 23:55:20	cid=1175	cas=69-93-2	modality=uvvis	url=https://webbook.nist.gov/cgi/cbook.cgi?JCAMP=C69932&Index=7&Type=UVVis	reason=download_http_404	message=
2026-07-02 23:55:20	cid=1175	cas=69-93-2	modality=uvvis	url=https://webbook.nist.gov/cgi/cbook.cgi?JCAMP=C69932&Index=8&Type=UVVis	reason=download_http_404	message=
2026-07-02 23:55:22	cid=1175	cas=69-93-2	modality=uvvis	url=https://webbook.nist.gov/cgi/cbook.cgi?JCAMP=C69932&Index=9&Type=UVVis	reason=download_http_404	message=
2026-07-02 23:55:39	cid=1176	cas=57-13-6	modality=ir	url=https://webbook.nist.gov/cgi/cbook.cgi?JCAMP=C57136&Index=2&Type=IR	reason=download_http_404	message=
2026-07-02 23:55:40	cid=1176	cas=57-13-6	modality=ir	url=https://webbook.nist.gov/cgi/cbook.cgi?JCAMP=C57136&Index=3&Type=IR	reason=download_http_404	message=
2026-07-02 23:55:40	cid=1176	cas=57-13-6	modality=ir	url=https://webbook.nist.gov/cgi/cbook.cgi?JCAMP=C57136&Index=4&Type=IR	reason=download_http_404	message=
2026-07-02 23:55:41	cid=1176	cas=57-13-6	modality=ir	url=https://webbook.nist.gov/cgi/cbook.cgi?JCAMP=C57136&Index=5&Type=IR	reason=download_http_404	message=
2026-07-02 23:55:42	cid=1176	cas=57-13-6	modality=ir	url=https://webbook.nist.gov/cgi/cbook.cgi?JCAMP=C57136&Index=6&Type=IR	reason=download_http_404	message=
2026-07-02 23:55:46	cid=1176	cas=57-13-6	modality=ir	url=https://webbook.nist.gov/cgi/cbook.cgi?JCAMP=C57136&Index=7&Type=IR	reason=download_http_404	message=
2026-07-02 23:55:47	cid=1176	cas=57-13-6	modality=ir	url=https://webbook.nist.gov/cgi/cbook.cgi?JCAMP=C57136&Index=8&Type=IR	reason=download_http_404	message=
2026-07-02 23:55:47	cid=1176	cas=57-13-6	modality=ir	url=https://webbook.nist.gov/cgi/cbook.cgi?JCAMP=C57136&Index=9&Type=IR	reason=download_http_404	message=
2026-07-02 23:55:48	cid=1176	cas=57-13-6	modality=uvvis	url=https://webbook.nist.gov/cgi/cbook.cgi?JCAMP=C57136&Index=1&Type=UVVis	reason=download_http_404	message=
2026-07-02 23:55:48	cid=1176	cas=57-13-6	modality=uvvis	url=https://webbook.nist.gov/cgi/cbook.cgi?JCAMP=C57136&Index=2&Type=UVVis	reason=download_http_404	message=
2026-07-02 23:55:53	cid=1176	cas=57-13-6	modality=uvvis	url=https://webbook.nist.gov/cgi/cbook.cgi?JCAMP=C57136&Index=3&Type=UVVis	reason=download_http_404	message=
2026-07-02 23:55:53	cid=1176	cas=57-13-6	modality=uvvis	url=https://webbook.nist.gov/cgi/cbook.cgi?JCAMP=C57136&Index=4&Type=UVVis	reason=download_http_404	message=
2026-07-02 23:55:54	cid=1176	cas=57-13-6	modality=uvvis	url=https://webbook.nist.gov/cgi/cbook.cgi?JCAMP=C57136&Index=5&Type=UVVis	reason=download_http_404	message=
2026-07-02 23:55:55	cid=1176	cas=57-13-6	modality=uvvis	url=https://webbook.nist.gov/cgi/cbook.cgi?JCAMP=C57136&Index=6&Type=UVVis	reason=download_http_404	message=
2026-07-02 23:55:55	cid=1176	cas=57-13-6	modality=uvvis	url=https://webbook.nist.gov/cgi/cbook.cgi?JCAMP=C57136&Index=7&Type=UVVis	reason=download_http_404	message=
2026-07-02 23:55:59	cid=1176	cas=57-13-6	modality=uvvis	url=https://webbook.nist.gov/cgi/cbook.cgi?JCAMP=C57136&Index=8&Type=UVVis	reason=download_http_404	message=
2026-07-02 23:56:00	cid=1176	cas=57-13-6	modality=uvvis	url=https://webbook.nist.gov/cgi/cbook.cgi?JCAMP=C57136&Index=9&Type=UVVis	reason=download_http_404	message=
2026-07-02 23:56:03	cid=1177	cas=40436-51-9	modality=	url=https://webbook.nist.gov/cgi/cbook.cgi?ID=40436-51-9&Units=SI&Mask=480	reason=nist_not_found	message=
2026-07-02 23:56:04	cid=1178	cas=	modality=	url=	reason=not_found	message=no_cas_in_synonyms
2026-07-02 23:56:05	cid=1181	cas=	modality=	url=	reason=not_found	message=no_cas_in_synonyms
2026-07-02 23:56:12	cid=1182	cas=516-06-3	modality=ir	url=https://webbook.nist.gov/cgi/cbook.cgi?JCAMP=C640686&Index=0&Type=IR	reason=download_http_404	message=
2026-07-02 23:56:12	cid=1182	cas=516-06-3	modality=ir	url=https://webbook.nist.gov/cgi/cbook.cgi?JCAMP=C640686&Index=1&Type=IR	reason=download_http_404	message=
2026-07-02 23:56:13	cid=1182	cas=516-06-3	modality=ir	url=https://webbook.nist.gov/cgi/cbook.cgi?JCAMP=C640686&Index=2&Type=IR	reason=download_http_404	message=
2026-07-02 23:56:13	cid=1182	cas=516-06-3	modality=ir	url=https://webbook.nist.gov/cgi/cbook.cgi?JCAMP=C640686&Index=3&Type=IR	reason=download_http_404	message=
2026-07-02 23:56:18	cid=1182	cas=516-06-3	modality=ir	url=https://webbook.nist.gov/cgi/cbook.cgi?JCAMP=C640686&Index=4&Type=IR	reason=download_http_404	message=
2026-07-02 23:56:18	cid=1182	cas=516-06-3	modality=ir	url=https://webbook.nist.gov/cgi/cbook.cgi?JCAMP=C640686&Index=5&Type=IR	reason=download_http_404	message=
2026-07-02 23:56:18	cid=1182	cas=516-06-3	modality=ir	url=https://webbook.nist.gov/cgi/cbook.cgi?JCAMP=C640686&Index=6&Type=IR	reason=download_http_404	message=
2026-07-02 23:56:19	cid=1182	cas=516-06-3	modality=ir	url=https://webbook.nist.gov/cgi/cbook.cgi?JCAMP=C640686&Index=7&Type=IR	reason=download_http_404	message=
2026-07-02 23:56:29	cid=1182	cas=516-06-3	modality=ir	url=https://webbook.nist.gov/cgi/cbook.cgi?JCAMP=C640686&Index=8&Type=IR	reason=download_http_404	message=
2026-07-02 23:56:30	cid=1182	cas=516-06-3	modality=ir	url=https://webbook.nist.gov/cgi/cbook.cgi?JCAMP=C640686&Index=9&Type=IR	reason=download_http_404	message=
2026-07-02 23:56:30	cid=1182	cas=516-06-3	modality=uvvis	url=https://webbook.nist.gov/cgi/cbook.cgi?JCAMP=C640686&Index=0&Type=UVVis	reason=download_http_404	message=
2026-07-02 23:56:31	cid=1182	cas=516-06-3	modality=uvvis	url=https://webbook.nist.gov/cgi/cbook.cgi?JCAMP=C640686&Index=1&Type=UVVis	reason=download_http_404	message=
2026-07-02 23:56:32	cid=1182	cas=516-06-3	modality=uvvis	url=https://webbook.nist.gov/cgi/cbook.cgi?JCAMP=C640686&Index=2&Type=UVVis	reason=download_http_404	message=
2026-07-02 23:56:36	cid=1182	cas=516-06-3	modality=uvvis	url=https://webbook.nist.gov/cgi/cbook.cgi?JCAMP=C640686&Index=3&Type=UVVis	reason=download_http_404	message=
2026-07-02 23:56:36	cid=1182	cas=516-06-3	modality=uvvis	url=https://webbook.nist.gov/cgi/cbook.cgi?JCAMP=C640686&Index=4&Type=UVVis	reason=download_http_404	message=
2026-07-02 23:56:40	cid=1182	cas=516-06-3	modality=uvvis	url=https://webbook.nist.gov/cgi/cbook.cgi?JCAMP=C640686&Index=5&Type=UVVis	reason=download_http_404	message=
2026-07-02 23:56:42	cid=1182	cas=516-06-3	modality=uvvis	url=https://webbook.nist.gov/cgi/cbook.cgi?JCAMP=C640686&Index=6&Type=UVVis	reason=download_http_404	message=
2026-07-02 23:56:42	cid=1182	cas=516-06-3	modality=uvvis	url=https://webbook.nist.gov/cgi/cbook.cgi?JCAMP=C640686&Index=7&Type=UVVis	reason=download_http_404	message=
2026-07-02 23:56:42	cid=1182	cas=516-06-3	modality=uvvis	url=https://webbook.nist.gov/cgi/cbook.cgi?JCAMP=C640686&Index=8&Type=UVVis	reason=download_http_404	message=
2026-07-02 23:56:53	cid=1182	cas=516-06-3	modality=uvvis	url=https://webbook.nist.gov/cgi/cbook.cgi?JCAMP=C640686&Index=9&Type=UVVis	reason=download_http_404	message=
2026-07-02 23:57:01	cid=1183	cas=121-33-5	modality=ir	url=https://webbook.nist.gov/cgi/cbook.cgi?JCAMP=C121335&Index=3&Type=IR	reason=download_http_404	message=
2026-07-02 23:57:01	cid=1183	cas=121-33-5	modality=ir	url=https://webbook.nist.gov/cgi/cbook.cgi?JCAMP=C121335&Index=4&Type=IR	reason=download_http_404	message=
2026-07-02 23:57:02	cid=1183	cas=121-33-5	modality=ir	url=https://webbook.nist.gov/cgi/cbook.cgi?JCAMP=C121335&Index=5&Type=IR	reason=download_http_404	message=
2026-07-02 23:57:06	cid=1183	cas=121-33-5	modality=ir	url=https://webbook.nist.gov/cgi/cbook.cgi?JCAMP=C121335&Index=6&Type=IR	reason=download_http_404	message=
2026-07-02 23:57:07	cid=1183	cas=121-33-5	modality=ir	url=https://webbook.nist.gov/cgi/cbook.cgi?JCAMP=C121335&Index=7&Type=IR	reason=download_http_404	message=
2026-07-02 23:57:08	cid=1183	cas=121-33-5	modality=ir	url=https://webbook.nist.gov/cgi/cbook.cgi?JCAMP=C121335&Index=8&Type=IR	reason=download_http_404	message=
2026-07-02 23:57:08	cid=1183	cas=121-33-5	modality=ir	url=https://webbook.nist.gov/cgi/cbook.cgi?JCAMP=C121335&Index=9&Type=IR	reason=download_http_404	message=
2026-07-02 23:57:09	cid=1183	cas=121-33-5	modality=uvvis	url=https://webbook.nist.gov/cgi/cbook.cgi?JCAMP=C121335&Index=1&Type=UVVis	reason=download_http_404	message=
2026-07-02 23:57:14	cid=1183	cas=121-33-5	modality=uvvis	url=https://webbook.nist.gov/cgi/cbook.cgi?JCAMP=C121335&Index=2&Type=UVVis	reason=download_http_404	message=
2026-07-02 23:57:15	cid=1183	cas=121-33-5	modality=uvvis	url=https://webbook.nist.gov/cgi/cbook.cgi?JCAMP=C121335&Index=3&Type=UVVis	reason=download_http_404	message=
2026-07-02 23:57:15	cid=1183	cas=121-33-5	modality=uvvis	url=https://webbook.nist.gov/cgi/cbook.cgi?JCAMP=C121335&Index=4&Type=UVVis	reason=download_http_404	message=
2026-07-02 23:57:16	cid=1183	cas=121-33-5	modality=uvvis	url=https://webbook.nist.gov/cgi/cbook.cgi?JCAMP=C121335&Index=5&Type=UVVis	reason=download_http_404	message=
2026-07-02 23:57:17	cid=1183	cas=121-33-5	modality=uvvis	url=https://webbook.nist.gov/cgi/cbook.cgi?JCAMP=C121335&Index=6&Type=UVVis	reason=download_http_404	message=
2026-07-02 23:57:21	cid=1183	cas=121-33-5	modality=uvvis	url=https://webbook.nist.gov/cgi/cbook.cgi?JCAMP=C121335&Index=7&Type=UVVis	reason=download_http_404	message=
2026-07-02 23:57:21	cid=1183	cas=121-33-5	modality=uvvis	url=https://webbook.nist.gov/cgi/cbook.cgi?JCAMP=C121335&Index=8&Type=UVVis	reason=download_http_404	message=
2026-07-02 23:57:25	cid=1183	cas=121-33-5	modality=uvvis	url=https://webbook.nist.gov/cgi/cbook.cgi?JCAMP=C121335&Index=9&Type=UVVis	reason=download_http_404	message=
2026-07-02 23:57:27	cid=1184	cas=	modality=	url=	reason=not_found	message=no_cas_in_synonyms
2026-07-02 23:57:36	cid=1188	cas=69-89-6	modality=ir	url=https://webbook.nist.gov/cgi/cbook.cgi?JCAMP=C69896&Index=1&Type=IR	reason=download_http_404	message=
2026-07-02 23:57:37	cid=1188	cas=69-89-6	modality=ir	url=https://webbook.nist.gov/cgi/cbook.cgi?JCAMP=C69896&Index=2&Type=IR	reason=download_http_404	message=
2026-07-02 23:57:37	cid=1188	cas=69-89-6	modality=ir	url=https://webbook.nist.gov/cgi/cbook.cgi?JCAMP=C69896&Index=3&Type=IR	reason=download_http_404	message=
2026-07-02 23:57:38	cid=1188	cas=69-89-6	modality=ir	url=https://webbook.nist.gov/cgi/cbook.cgi?JCAMP=C69896&Index=4&Type=IR	reason=download_http_404	message=
2026-07-02 23:57:48	cid=1188	cas=69-89-6	modality=ir	url=https://webbook.nist.gov/cgi/cbook.cgi?JCAMP=C69896&Index=5&Type=IR	reason=download_http_404	message=
2026-07-02 23:57:49	cid=1188	cas=69-89-6	modality=ir	url=https://webbook.nist.gov/cgi/cbook.cgi?JCAMP=C69896&Index=6&Type=IR	reason=download_http_404	message=
2026-07-02 23:57:49	cid=1188	cas=69-89-6	modality=ir	url=https://webbook.nist.gov/cgi/cbook.cgi?JCAMP=C69896&Index=7&Type=IR	reason=download_http_404	message=
2026-07-02 23:57:50	cid=1188	cas=69-89-6	modality=ir	url=https://webbook.nist.gov/cgi/cbook.cgi?JCAMP=C69896&Index=8&Type=IR	reason=download_http_404	message=
2026-07-02 23:57:52	cid=1188	cas=69-89-6	modality=ir	url=https://webbook.nist.gov/cgi/cbook.cgi?JCAMP=C69896&Index=9&Type=IR	reason=download_http_404	message=
2026-07-02 23:57:56	cid=1188	cas=69-89-6	modality=uvvis	url=https://webbook.nist.gov/cgi/cbook.cgi?JCAMP=C69896&Index=1&Type=UVVis	reason=download_http_404	message=
2026-07-02 23:57:56	cid=1188	cas=69-89-6	modality=uvvis	url=https://webbook.nist.gov/cgi/cbook.cgi?JCAMP=C69896&Index=2&Type=UVVis	reason=download_http_404	message=
2026-07-02 23:57:57	cid=1188	cas=69-89-6	modality=uvvis	url=https://webbook.nist.gov/cgi/cbook.cgi?JCAMP=C69896&Index=3&Type=UVVis	reason=download_http_404	message=
2026-07-02 23:57:57	cid=1188	cas=69-89-6	modality=uvvis	url=https://webbook.nist.gov/cgi/cbook.cgi?JCAMP=C69896&Index=4&Type=UVVis	reason=download_http_404	message=
2026-07-02 23:57:58	cid=1188	cas=69-89-6	modality=uvvis	url=https://webbook.nist.gov/cgi/cbook.cgi?JCAMP=C69896&Index=5&Type=UVVis	reason=download_http_404	message=
2026-07-02 23:58:09	cid=1188	cas=69-89-6	modality=uvvis	url=https://webbook.nist.gov/cgi/cbook.cgi?JCAMP=C69896&Index=6&Type=UVVis	reason=download_http_404	message=
2026-07-02 23:58:10	cid=1188	cas=69-89-6	modality=uvvis	url=https://webbook.nist.gov/cgi/cbook.cgi?JCAMP=C69896&Index=7&Type=UVVis	reason=download_http_404	message=
2026-07-02 23:58:10	cid=1188	cas=69-89-6	modality=uvvis	url=https://webbook.nist.gov/cgi/cbook.cgi?JCAMP=C69896&Index=8&Type=UVVis	reason=download_http_404	message=
2026-07-02 23:58:11	cid=1188	cas=69-89-6	modality=uvvis	url=https://webbook.nist.gov/cgi/cbook.cgi?JCAMP=C69896&Index=9&Type=UVVis	reason=download_http_404	message=
2026-07-02 23:58:14	cid=1189	cas=6253-54-9	modality=	url=https://webbook.nist.gov/cgi/cbook.cgi?ID=6253-54-9&Units=SI&Mask=480	reason=nist_not_found	message=
2026-07-02 23:58:15	cid=1190	cas=	modality=	url=	reason=not_found	message=no_cas_in_synonyms
2026-07-02 23:58:16	cid=1191	cas=	modality=	url=	reason=not_found	message=pubchem_synonyms_404
2026-07-02 23:58:20	cid=1192	cas=24807-85-0	modality=	url=https://webbook.nist.gov/cgi/cbook.cgi?ID=24807-85-0&Units=SI&Mask=480	reason=nist_not_found	message=
2026-07-02 23:58:21	cid=1193	cas=	modality=	url=	reason=not_found	message=no_cas_in_synonyms
2026-07-02 23:58:24	cid=1194	cas=2756-89-0	modality=	url=https://webbook.nist.gov/cgi/cbook.cgi?ID=2756-89-0&Units=SI&Mask=480	reason=nist_not_found	message=
2026-07-02 23:58:27	cid=1195	cas=358-71-4	modality=	url=https://webbook.nist.gov/cgi/cbook.cgi?ID=358-71-4&Units=SI&Mask=480	reason=nist_not_found	message=
2026-07-02 23:58:28	cid=1196	cas=2906-39-0	modality=	url=https://webbook.nist.gov/cgi/cbook.cgi?ID=2906-39-0&Units=SI&Mask=480	reason=nist_not_found	message=
2026-07-02 23:58:30	cid=1197	cas=	modality=	url=	reason=not_found	message=pubchem_synonyms_404
2026-07-02 23:58:32	cid=1198	cas=320-77-4	modality=	url=https://webbook.nist.gov/cgi/cbook.cgi?ID=320-77-4&Units=SI&Mask=480	reason=nist_not_found	message=
2026-07-02 23:58:33	cid=1199	cas=296800-00-5	modality=	url=https://webbook.nist.gov/cgi/cbook.cgi?ID=296800-00-5&Units=SI&Mask=480	reason=nist_not_found	message=
2026-07-02 23:58:34	cid=1200	cas=	modality=	url=	reason=not_found	message=pubchem_synonyms_404
2026-07-02 23:58:36	cid=1201	cas=	modality=	url=	reason=not_found	message=no_cas_in_synonyms
2026-07-02 23:58:37	cid=1202	cas=74034-56-3	modality=	url=https://webbook.nist.gov/cgi/cbook.cgi?ID=74034-56-3&Units=SI&Mask=480	reason=nist_not_found	message=
2026-07-02 23:58:39	cid=1203	cas=13392-26-2	modality=	url=https://webbook.nist.gov/cgi/cbook.cgi?ID=13392-26-2&Units=SI&Mask=480	reason=nist_not_found	message=
2026-07-02 23:58:41	cid=1204	cas=148152-66-3	modality=	url=https://webbook.nist.gov/cgi/cbook.cgi?ID=148152-66-3&Units=SI&Mask=480	reason=nist_not_found	message=
2026-07-02 23:58:42	cid=1205	cas=	modality=	url=	reason=not_found	message=no_cas_in_synonyms
2026-07-02 23:58:44	cid=1206	cas=7632-10-2	modality=	url=https://webbook.nist.gov/cgi/cbook.cgi?ID=7632-10-2&Units=SI&Mask=480	reason=no_jcamp_links	message=
2026-07-02 23:58:46	cid=1207	cas=70449-94-4	modality=	url=https://webbook.nist.gov/cgi/cbook.cgi?ID=70449-94-4&Units=SI&Mask=480	reason=nist_not_found	message=
2026-07-02 23:58:47	cid=1208	cas=16808-63-2	modality=	url=https://webbook.nist.gov/cgi/cbook.cgi?ID=16808-63-2&Units=SI&Mask=480	reason=nist_not_found	message=
2026-07-02 23:58:49	cid=1209	cas=	modality=	url=	reason=not_found	message=no_cas_in_synonyms
2026-07-02 23:58:50	cid=1210	cas=	modality=	url=	reason=not_found	message=no_cas_in_synonyms
2026-07-02 23:58:52	cid=1211	cas=1019837-20-7	modality=	url=https://webbook.nist.gov/cgi/cbook.cgi?ID=1019837-20-7&Units=SI&Mask=480	reason=nist_not_found	message=
2026-07-02 23:58:53	cid=1212	cas=169209-66-9	modality=	url=https://webbook.nist.gov/cgi/cbook.cgi?ID=169209-66-9&Units=SI&Mask=480	reason=nist_not_found	message=
2026-07-02 23:58:56	cid=1213	cas=23333-91-7	modality=	url=https://webbook.nist.gov/cgi/cbook.cgi?ID=23333-91-7&Units=SI&Mask=480	reason=nist_not_found	message=
2026-07-02 23:58:58	cid=1214	cas=73550-55-7	modality=	url=https://webbook.nist.gov/cgi/cbook.cgi?ID=73550-55-7&Units=SI&Mask=480	reason=nist_not_found	message=
2026-07-02 23:59:00	cid=1215	cas=39226-94-3	modality=	url=https://webbook.nist.gov/cgi/cbook.cgi?ID=39226-94-3&Units=SI&Mask=480	reason=nist_not_found	message=
2026-07-02 23:59:02	cid=1216	cas=76326-31-3	modality=	url=https://webbook.nist.gov/cgi/cbook.cgi?ID=76326-31-3&Units=SI&Mask=480	reason=nist_not_found	message=
2026-07-02 23:59:04	cid=1217	cas=31932-87-3	modality=	url=https://webbook.nist.gov/cgi/cbook.cgi?ID=31932-87-3&Units=SI&Mask=480	reason=nist_not_found	message=
2026-07-02 23:59:07	cid=1218	cas=71636-61-8	modality=	url=https://webbook.nist.gov/cgi/cbook.cgi?ID=71636-61-8&Units=SI&Mask=480	reason=nist_not_found	message=
2026-07-02 23:59:09	cid=1219	cas=74938-11-7	modality=	url=https://webbook.nist.gov/cgi/cbook.cgi?ID=74938-11-7&Units=SI&Mask=480	reason=nist_not_found	message=
2026-07-02 23:59:10	cid=1220	cas=78950-78-4	modality=	url=https://webbook.nist.gov/cgi/cbook.cgi?ID=78950-78-4&Units=SI&Mask=480	reason=nist_not_found	message=
2026-07-02 23:59:12	cid=1221	cas=77521-29-0	modality=	url=https://webbook.nist.gov/cgi/cbook.cgi?ID=77521-29-0&Units=SI&Mask=480	reason=nist_not_found	message=
2026-07-02 23:59:14	cid=1222	cas=146669-29-6	modality=	url=https://webbook.nist.gov/cgi/cbook.cgi?ID=146669-29-6&Units=SI&Mask=480	reason=nist_not_found	message=
2026-07-02 23:59:16	cid=1223	cas=83829-76-9	modality=	url=https://webbook.nist.gov/cgi/cbook.cgi?ID=83829-76-9&Units=SI&Mask=480	reason=nist_not_found	message=
2026-07-02 23:59:17	cid=1224	cas=51152-91-1	modality=	url=https://webbook.nist.gov/cgi/cbook.cgi?ID=51152-91-1&Units=SI&Mask=480	reason=nist_not_found	message=
2026-07-02 23:59:19	cid=1225	cas=80751-65-1	modality=	url=https://webbook.nist.gov/cgi/cbook.cgi?ID=80751-65-1&Units=SI&Mask=480	reason=nist_not_found	message=
2026-07-02 23:59:20	cid=1226	cas=17079-18-4	modality=	url=https://webbook.nist.gov/cgi/cbook.cgi?ID=17079-18-4&Units=SI&Mask=480	reason=nist_not_found	message=
2026-07-02 23:59:22	cid=1227	cas=147732-31-8	modality=	url=https://webbook.nist.gov/cgi/cbook.cgi?ID=147732-31-8&Units=SI&Mask=480	reason=nist_not_found	message=
2026-07-02 23:59:24	cid=1228	cas=100828-16-8	modality=	url=https://webbook.nist.gov/cgi/cbook.cgi?ID=100828-16-8&Units=SI&Mask=480	reason=nist_not_found	message=
2026-07-02 23:59:27	cid=1229	cas=64584-34-5	modality=	url=https://webbook.nist.gov/cgi/cbook.cgi?ID=64584-34-5&Units=SI&Mask=480	reason=nist_not_found	message=
2026-07-02 23:59:28	cid=1230	cas=	modality=	url=	reason=not_found	message=pubchem_synonyms_404
2026-07-02 23:59:30	cid=1231	cas=104699-06-1	modality=	url=https://webbook.nist.gov/cgi/cbook.cgi?ID=104699-06-1&Units=SI&Mask=480	reason=nist_not_found	message=
2026-07-02 23:59:33	cid=1232	cas=1003-51-6	modality=	url=https://webbook.nist.gov/cgi/cbook.cgi?ID=1003-51-6&Units=SI&Mask=480	reason=nist_not_found	message=
2026-07-02 23:59:34	cid=1233	cas=2552-55-8	modality=	url=https://webbook.nist.gov/cgi/cbook.cgi?ID=2552-55-8&Units=SI&Mask=480	reason=nist_not_found	message=
2026-07-02 23:59:36	cid=1234	cas=16662-47-8	modality=	url=https://webbook.nist.gov/cgi/cbook.cgi?ID=16662-47-8&Units=SI&Mask=480	reason=no_jcamp_links	message=
