2026-07-03 02:19:08	cid=1	cas=14992-62-2	modality=	url=https://webbook.nist.gov/cgi/cbook.cgi?ID=14992-62-2&Units=SI&Mask=480	reason=nist_not_found	message=
2026-07-03 02:19:08	cid=2	cas=7559-18-4	modality=	url=https://webbook.nist.gov/cgi/cbook.cgi?ID=7559-18-4&Units=SI&Mask=480	reason=nist_not_found	message=
2026-07-03 02:19:09	cid=3	cas=	modality=	url=	reason=not_found	message=no_cas_in_synonyms
2026-07-03 02:19:10	cid=4	cas=78-96-6	modality=ir	url=https://webbook.nist.gov/cgi/cbook.cgi?JCAMP=C2799168&Index=0&Type=IR	reason=download_http_404	message=
2026-07-03 02:19:10	cid=4	cas=78-96-6	modality=ir	url=https://webbook.nist.gov/cgi/cbook.cgi?JCAMP=C2799168&Index=1&Type=IR	reason=download_http_404	message=
2026-07-03 02:19:10	cid=4	cas=78-96-6	modality=ir	url=https://webbook.nist.gov/cgi/cbook.cgi?JCAMP=C2799168&Index=2&Type=IR	reason=download_http_404	message=
2026-07-03 02:19:11	cid=4	cas=78-96-6	modality=ir	url=https://webbook.nist.gov/cgi/cbook.cgi?JCAMP=C2799168&Index=3&Type=IR	reason=download_http_404	message=
2026-07-03 02:19:11	cid=4	cas=78-96-6	modality=ir	url=https://webbook.nist.gov/cgi/cbook.cgi?JCAMP=C2799168&Index=4&Type=IR	reason=download_http_404	message=
2026-07-03 02:19:15	cid=4	cas=78-96-6	modality=ir	url=https://webbook.nist.gov/cgi/cbook.cgi?JCAMP=C2799168&Index=5&Type=IR	reason=download_http_404	message=
2026-07-03 02:19:15	cid=4	cas=78-96-6	modality=ir	url=https://webbook.nist.gov/cgi/cbook.cgi?JCAMP=C2799168&Index=6&Type=IR	reason=download_http_404	message=
2026-07-03 02:19:16	cid=4	cas=78-96-6	modality=ir	url=https://webbook.nist.gov/cgi/cbook.cgi?JCAMP=C2799168&Index=7&Type=IR	reason=download_http_404	message=
2026-07-03 02:19:16	cid=4	cas=78-96-6	modality=ir	url=https://webbook.nist.gov/cgi/cbook.cgi?JCAMP=C2799168&Index=8&Type=IR	reason=download_http_404	message=
2026-07-03 02:19:16	cid=4	cas=78-96-6	modality=ir	url=https://webbook.nist.gov/cgi/cbook.cgi?JCAMP=C2799168&Index=9&Type=IR	reason=download_http_404	message=
2026-07-03 02:19:16	cid=4	cas=78-96-6	modality=	url=https://webbook.nist.gov/cgi/cbook.cgi?ID=78-96-6&Units=SI&Mask=480	reason=all_jcamp_downloads_failed	message=ir:download_http_404;ir:download_http_404;ir:download_http_404;ir:download_http_404;ir:download_http_404;ir:download_http_404;ir:download_http_404;ir:download_http_404;ir:download_http_404;ir:download_http_404
2026-07-03 02:19:17	cid=5	cas=205189-34-0	modality=	url=https://webbook.nist.gov/cgi/cbook.cgi?ID=205189-34-0&Units=SI&Mask=480	reason=nist_not_found	message=
2026-07-03 02:19:21	cid=6	cas=97-00-7	modality=ir	url=https://webbook.nist.gov/cgi/cbook.cgi?JCAMP=C97007&Index=2&Type=IR	reason=download_http_404	message=
2026-07-03 02:19:22	cid=6	cas=97-00-7	modality=ir	url=https://webbook.nist.gov/cgi/cbook.cgi?JCAMP=C97007&Index=3&Type=IR	reason=download_http_404	message=
2026-07-03 02:19:22	cid=6	cas=97-00-7	modality=ir	url=https://webbook.nist.gov/cgi/cbook.cgi?JCAMP=C97007&Index=4&Type=IR	reason=download_http_404	message=
2026-07-03 02:19:22	cid=6	cas=97-00-7	modality=ir	url=https://webbook.nist.gov/cgi/cbook.cgi?JCAMP=C97007&Index=5&Type=IR	reason=download_http_404	message=
2026-07-03 02:19:23	cid=6	cas=97-00-7	modality=ir	url=https://webbook.nist.gov/cgi/cbook.cgi?JCAMP=C97007&Index=6&Type=IR	reason=download_http_404	message=
2026-07-03 02:19:27	cid=6	cas=97-00-7	modality=ir	url=https://webbook.nist.gov/cgi/cbook.cgi?JCAMP=C97007&Index=7&Type=IR	reason=download_http_404	message=
2026-07-03 02:19:27	cid=6	cas=97-00-7	modality=ir	url=https://webbook.nist.gov/cgi/cbook.cgi?JCAMP=C97007&Index=8&Type=IR	reason=download_http_404	message=
2026-07-03 02:19:27	cid=6	cas=97-00-7	modality=ir	url=https://webbook.nist.gov/cgi/cbook.cgi?JCAMP=C97007&Index=9&Type=IR	reason=download_http_404	message=
2026-07-03 02:19:28	cid=6	cas=97-00-7	modality=uvvis	url=https://webbook.nist.gov/cgi/cbook.cgi?JCAMP=C97007&Index=1&Type=UVVis	reason=download_http_404	message=
2026-07-03 02:19:28	cid=6	cas=97-00-7	modality=uvvis	url=https://webbook.nist.gov/cgi/cbook.cgi?JCAMP=C97007&Index=2&Type=UVVis	reason=download_http_404	message=
2026-07-03 02:19:32	cid=6	cas=97-00-7	modality=uvvis	url=https://webbook.nist.gov/cgi/cbook.cgi?JCAMP=C97007&Index=3&Type=UVVis	reason=download_http_404	message=
2026-07-03 02:19:32	cid=6	cas=97-00-7	modality=uvvis	url=https://webbook.nist.gov/cgi/cbook.cgi?JCAMP=C97007&Index=4&Type=UVVis	reason=download_http_404	message=
2026-07-03 02:19:33	cid=6	cas=97-00-7	modality=uvvis	url=https://webbook.nist.gov/cgi/cbook.cgi?JCAMP=C97007&Index=5&Type=UVVis	reason=download_http_404	message=
2026-07-03 02:19:33	cid=6	cas=97-00-7	modality=uvvis	url=https://webbook.nist.gov/cgi/cbook.cgi?JCAMP=C97007&Index=6&Type=UVVis	reason=download_http_404	message=
2026-07-03 02:19:33	cid=6	cas=97-00-7	modality=uvvis	url=https://webbook.nist.gov/cgi/cbook.cgi?JCAMP=C97007&Index=7&Type=UVVis	reason=download_http_404	message=
2026-07-03 02:19:37	cid=6	cas=97-00-7	modality=uvvis	url=https://webbook.nist.gov/cgi/cbook.cgi?JCAMP=C97007&Index=8&Type=UVVis	reason=download_http_404	message=
2026-07-03 02:19:38	cid=6	cas=97-00-7	modality=uvvis	url=https://webbook.nist.gov/cgi/cbook.cgi?JCAMP=C97007&Index=9&Type=UVVis	reason=download_http_404	message=
2026-07-03 02:19:38	cid=6	cas=97-00-7	modality=	url=https://webbook.nist.gov/cgi/cbook.cgi?ID=97-00-7&Units=SI&Mask=480	reason=all_jcamp_downloads_failed	message=ir:download_http_404;ir:download_http_404;ir:download_http_404;ir:download_http_404;ir:download_http_404;ir:download_http_404;ir:download_http_404;ir:download_http_404;uvvis:download_http_404;uvvis:download_http_404;uvvis:download_http_404;uvvis:download_http_404;uvvis:download_http_404;uvvis:download_http_404;uvvis:download_http_404;uvvis:download_http_404;uvvis:download_http_404
2026-07-03 02:19:38	cid=7	cas=2715-68-6	modality=	url=https://webbook.nist.gov/cgi/cbook.cgi?ID=2715-68-6&Units=SI&Mask=480	reason=no_jcamp_links	message=
2026-07-03 02:19:39	cid=8	cas=562-43-6	modality=	url=https://webbook.nist.gov/cgi/cbook.cgi?ID=562-43-6&Units=SI&Mask=480	reason=nist_not_found	message=
2026-07-03 02:19:40	cid=9	cas=13004-72-3	modality=	url=https://webbook.nist.gov/cgi/cbook.cgi?ID=13004-72-3&Units=SI&Mask=480	reason=nist_not_found	message=
2026-07-03 02:19:41	cid=12	cas=634-94-6	modality=	url=https://webbook.nist.gov/cgi/cbook.cgi?ID=634-94-6&Units=SI&Mask=480	reason=nist_not_found	message=
2026-07-03 02:19:42	cid=13	cas=120-82-1	modality=ir	url=https://webbook.nist.gov/cgi/cbook.cgi?JCAMP=C120821&Index=3&Type=IR	reason=download_http_404	message=
2026-07-03 02:19:42	cid=13	cas=120-82-1	modality=ir	url=https://webbook.nist.gov/cgi/cbook.cgi?JCAMP=C120821&Index=4&Type=IR	reason=download_http_404	message=
2026-07-03 02:19:42	cid=13	cas=120-82-1	modality=ir	url=https://webbook.nist.gov/cgi/cbook.cgi?JCAMP=C120821&Index=5&Type=IR	reason=download_http_404	message=
2026-07-03 02:19:43	cid=13	cas=120-82-1	modality=ir	url=https://webbook.nist.gov/cgi/cbook.cgi?JCAMP=C120821&Index=6&Type=IR	reason=download_http_404	message=
2026-07-03 02:19:43	cid=13	cas=120-82-1	modality=ir	url=https://webbook.nist.gov/cgi/cbook.cgi?JCAMP=C120821&Index=7&Type=IR	reason=download_http_404	message=
2026-07-03 02:19:47	cid=13	cas=120-82-1	modality=ir	url=https://webbook.nist.gov/cgi/cbook.cgi?JCAMP=C120821&Index=8&Type=IR	reason=download_http_404	message=
2026-07-03 02:19:47	cid=13	cas=120-82-1	modality=ir	url=https://webbook.nist.gov/cgi/cbook.cgi?JCAMP=C120821&Index=9&Type=IR	reason=download_http_404	message=
2026-07-03 02:19:48	cid=13	cas=120-82-1	modality=uvvis	url=https://webbook.nist.gov/cgi/cbook.cgi?JCAMP=C120821&Index=1&Type=UVVis	reason=download_http_404	message=
2026-07-03 02:19:48	cid=13	cas=120-82-1	modality=uvvis	url=https://webbook.nist.gov/cgi/cbook.cgi?JCAMP=C120821&Index=2&Type=UVVis	reason=download_http_404	message=
2026-07-03 02:19:48	cid=13	cas=120-82-1	modality=uvvis	url=https://webbook.nist.gov/cgi/cbook.cgi?JCAMP=C120821&Index=3&Type=UVVis	reason=download_http_404	message=
2026-07-03 02:19:52	cid=13	cas=120-82-1	modality=uvvis	url=https://webbook.nist.gov/cgi/cbook.cgi?JCAMP=C120821&Index=4&Type=UVVis	reason=download_http_404	message=
2026-07-03 02:19:53	cid=13	cas=120-82-1	modality=uvvis	url=https://webbook.nist.gov/cgi/cbook.cgi?JCAMP=C120821&Index=5&Type=UVVis	reason=download_http_404	message=
2026-07-03 02:19:53	cid=13	cas=120-82-1	modality=uvvis	url=https://webbook.nist.gov/cgi/cbook.cgi?JCAMP=C120821&Index=6&Type=UVVis	reason=download_http_404	message=
2026-07-03 02:19:53	cid=13	cas=120-82-1	modality=uvvis	url=https://webbook.nist.gov/cgi/cbook.cgi?JCAMP=C120821&Index=7&Type=UVVis	reason=download_http_404	message=
2026-07-03 02:19:54	cid=13	cas=120-82-1	modality=uvvis	url=https://webbook.nist.gov/cgi/cbook.cgi?JCAMP=C120821&Index=8&Type=UVVis	reason=download_http_404	message=
2026-07-03 02:19:58	cid=13	cas=120-82-1	modality=uvvis	url=https://webbook.nist.gov/cgi/cbook.cgi?JCAMP=C120821&Index=9&Type=UVVis	reason=download_http_404	message=
2026-07-03 02:19:58	cid=13	cas=120-82-1	modality=	url=https://webbook.nist.gov/cgi/cbook.cgi?ID=120-82-1&Units=SI&Mask=480	reason=all_jcamp_downloads_failed	message=ir:download_http_404;ir:download_http_404;ir:download_http_404;ir:download_http_404;ir:download_http_404;ir:download_http_404;ir:download_http_404;uvvis:download_http_404;uvvis:download_http_404;uvvis:download_http_404;uvvis:download_http_404;uvvis:download_http_404;uvvis:download_http_404;uvvis:download_http_404;uvvis:download_http_404;uvvis:download_http_404
2026-07-03 02:19:58	cid=14	cas=	modality=	url=	reason=not_found	message=no_cas_in_synonyms
2026-07-03 02:19:58	cid=15	cas=	modality=	url=	reason=not_found	message=no_cas_in_synonyms
2026-07-03 02:19:59	cid=16	cas=56403-09-9	modality=	url=https://webbook.nist.gov/cgi/cbook.cgi?ID=56403-09-9&Units=SI&Mask=480	reason=no_jcamp_links	message=
2026-07-03 02:19:59	cid=17	cas=16052-12-3	modality=	url=https://webbook.nist.gov/cgi/cbook.cgi?ID=16052-12-3&Units=SI&Mask=480	reason=nist_not_found	message=
2026-07-03 02:20:00	cid=18	cas=	modality=	url=	reason=not_found	message=no_cas_in_synonyms
2026-07-03 02:20:01	cid=19	cas=303-38-8	modality=ir	url=https://webbook.nist.gov/cgi/cbook.cgi?JCAMP=C303388&Index=1&Type=IR	reason=download_http_404	message=
2026-07-03 02:20:01	cid=19	cas=303-38-8	modality=ir	url=https://webbook.nist.gov/cgi/cbook.cgi?JCAMP=C303388&Index=2&Type=IR	reason=download_http_404	message=
2026-07-03 02:20:01	cid=19	cas=303-38-8	modality=ir	url=https://webbook.nist.gov/cgi/cbook.cgi?JCAMP=C303388&Index=3&Type=IR	reason=download_http_404	message=
2026-07-03 02:20:02	cid=19	cas=303-38-8	modality=ir	url=https://webbook.nist.gov/cgi/cbook.cgi?JCAMP=C303388&Index=4&Type=IR	reason=download_http_404	message=
2026-07-03 02:20:06	cid=19	cas=303-38-8	modality=ir	url=https://webbook.nist.gov/cgi/cbook.cgi?JCAMP=C303388&Index=5&Type=IR	reason=download_http_404	message=
2026-07-03 02:20:06	cid=19	cas=303-38-8	modality=ir	url=https://webbook.nist.gov/cgi/cbook.cgi?JCAMP=C303388&Index=6&Type=IR	reason=download_http_404	message=
2026-07-03 02:20:06	cid=19	cas=303-38-8	modality=ir	url=https://webbook.nist.gov/cgi/cbook.cgi?JCAMP=C303388&Index=7&Type=IR	reason=download_http_404	message=
2026-07-03 02:20:07	cid=19	cas=303-38-8	modality=ir	url=https://webbook.nist.gov/cgi/cbook.cgi?JCAMP=C303388&Index=8&Type=IR	reason=download_http_404	message=
2026-07-03 02:20:07	cid=19	cas=303-38-8	modality=ir	url=https://webbook.nist.gov/cgi/cbook.cgi?JCAMP=C303388&Index=9&Type=IR	reason=download_http_404	message=
2026-07-03 02:20:07	cid=19	cas=303-38-8	modality=	url=https://webbook.nist.gov/cgi/cbook.cgi?ID=303-38-8&Units=SI&Mask=480	reason=all_jcamp_downloads_failed	message=ir:download_http_404;ir:download_http_404;ir:download_http_404;ir:download_http_404;ir:download_http_404;ir:download_http_404;ir:download_http_404;ir:download_http_404;ir:download_http_404
2026-07-03 02:20:08	cid=20	cas=3714-73-6	modality=	url=https://webbook.nist.gov/cgi/cbook.cgi?ID=3714-73-6&Units=SI&Mask=480	reason=nist_not_found	message=
2026-07-03 02:20:08	cid=21	cas=3142-65-2	modality=	url=https://webbook.nist.gov/cgi/cbook.cgi?ID=3142-65-2&Units=SI&Mask=480	reason=nist_not_found	message=
2026-07-03 02:20:09	cid=22	cas=918-44-5	modality=	url=https://webbook.nist.gov/cgi/cbook.cgi?ID=918-44-5&Units=SI&Mask=480	reason=nist_not_found	message=
2026-07-03 02:20:10	cid=23	cas=16597-58-3	modality=	url=https://webbook.nist.gov/cgi/cbook.cgi?ID=16597-58-3&Units=SI&Mask=480	reason=nist_not_found	message=
2026-07-03 02:20:11	cid=24	cas=	modality=	url=	reason=not_found	message=pubchem_synonyms_404
2026-07-03 02:20:11	cid=26	cas=	modality=	url=	reason=not_found	message=pubchem_synonyms_404
2026-07-03 02:20:11	cid=28	cas=	modality=	url=	reason=not_found	message=no_cas_in_synonyms
2026-07-03 02:20:11	cid=29	cas=	modality=	url=	reason=not_found	message=no_cas_in_synonyms
2026-07-03 02:20:12	cid=30	cas=150994-59-5	modality=	url=https://webbook.nist.gov/cgi/cbook.cgi?ID=150994-59-5&Units=SI&Mask=480	reason=nist_not_found	message=
2026-07-03 02:20:12	cid=31	cas=	modality=	url=	reason=not_found	message=no_cas_in_synonyms
2026-07-03 02:20:12	cid=32	cas=	modality=	url=	reason=not_found	message=no_cas_in_synonyms
2026-07-03 02:20:13	cid=33	cas=107-20-0	modality=	url=https://webbook.nist.gov/cgi/cbook.cgi?ID=107-20-0&Units=SI&Mask=480	reason=no_jcamp_links	message=
2026-07-03 02:20:15	cid=34	cas=107-07-3	modality=ir	url=https://webbook.nist.gov/cgi/cbook.cgi?JCAMP=C107073&Index=1&Type=IR	reason=download_http_404	message=
2026-07-03 02:20:15	cid=34	cas=107-07-3	modality=ir	url=https://webbook.nist.gov/cgi/cbook.cgi?JCAMP=C107073&Index=2&Type=IR	reason=download_http_404	message=
2026-07-03 02:20:16	cid=34	cas=107-07-3	modality=ir	url=https://webbook.nist.gov/cgi/cbook.cgi?JCAMP=C107073&Index=3&Type=IR	reason=download_http_404	message=
2026-07-03 02:20:16	cid=34	cas=107-07-3	modality=ir	url=https://webbook.nist.gov/cgi/cbook.cgi?JCAMP=C107073&Index=4&Type=IR	reason=download_http_404	message=
2026-07-03 02:20:16	cid=34	cas=107-07-3	modality=ir	url=https://webbook.nist.gov/cgi/cbook.cgi?JCAMP=C107073&Index=5&Type=IR	reason=download_http_404	message=
2026-07-03 02:20:21	cid=34	cas=107-07-3	modality=ir	url=https://webbook.nist.gov/cgi/cbook.cgi?JCAMP=C107073&Index=6&Type=IR	reason=download_http_404	message=
2026-07-03 02:20:21	cid=34	cas=107-07-3	modality=ir	url=https://webbook.nist.gov/cgi/cbook.cgi?JCAMP=C107073&Index=7&Type=IR	reason=download_http_404	message=
2026-07-03 02:20:21	cid=34	cas=107-07-3	modality=ir	url=https://webbook.nist.gov/cgi/cbook.cgi?JCAMP=C107073&Index=8&Type=IR	reason=download_http_404	message=
2026-07-03 02:20:22	cid=34	cas=107-07-3	modality=ir	url=https://webbook.nist.gov/cgi/cbook.cgi?JCAMP=C107073&Index=9&Type=IR	reason=download_http_404	message=
2026-07-03 02:20:22	cid=34	cas=107-07-3	modality=	url=https://webbook.nist.gov/cgi/cbook.cgi?ID=107-07-3&Units=SI&Mask=480	reason=all_jcamp_downloads_failed	message=ir:download_http_404;ir:download_http_404;ir:download_http_404;ir:download_http_404;ir:download_http_404;ir:download_http_404;ir:download_http_404;ir:download_http_404;ir:download_http_404
2026-07-03 02:20:22	cid=35	cas=	modality=	url=	reason=not_found	message=no_cas_in_synonyms
2026-07-03 02:20:23	cid=36	cas=16048-89-8	modality=	url=https://webbook.nist.gov/cgi/cbook.cgi?ID=16048-89-8&Units=SI&Mask=480	reason=nist_not_found	message=
2026-07-03 02:20:24	cid=37	cas=158647-63-3	modality=	url=https://webbook.nist.gov/cgi/cbook.cgi?ID=158647-63-3&Units=SI&Mask=480	reason=nist_not_found	message=
2026-07-03 02:20:25	cid=38	cas=470-30-4	modality=	url=https://webbook.nist.gov/cgi/cbook.cgi?ID=470-30-4&Units=SI&Mask=480	reason=nist_not_found	message=
2026-07-03 02:20:26	cid=39	cas=13031-04-4	modality=	url=https://webbook.nist.gov/cgi/cbook.cgi?ID=13031-04-4&Units=SI&Mask=480	reason=nist_not_found	message=
2026-07-03 02:20:26	cid=40	cas=	modality=	url=	reason=not_found	message=no_cas_in_synonyms
2026-07-03 02:20:27	cid=41	cas=629647-81-0	modality=	url=https://webbook.nist.gov/cgi/cbook.cgi?ID=629647-81-0&Units=SI&Mask=480	reason=nist_not_found	message=
2026-07-03 02:20:28	cid=42	cas=6670-61-7	modality=	url=https://webbook.nist.gov/cgi/cbook.cgi?ID=6670-61-7&Units=SI&Mask=480	reason=nist_not_found	message=
2026-07-03 02:20:28	cid=43	cas=2889-31-8	modality=	url=https://webbook.nist.gov/cgi/cbook.cgi?ID=2889-31-8&Units=SI&Mask=480	reason=nist_not_found	message=
2026-07-03 02:20:29	cid=44	cas=	modality=	url=	reason=not_found	message=no_cas_in_synonyms
2026-07-03 02:20:30	cid=45	cas=80-69-3	modality=	url=https://webbook.nist.gov/cgi/cbook.cgi?ID=80-69-3&Units=SI&Mask=480	reason=no_jcamp_links	message=
2026-07-03 02:20:30	cid=46	cas=	modality=	url=	reason=not_found	message=no_cas_in_synonyms
2026-07-03 02:20:31	cid=47	cas=1460-34-0	modality=	url=https://webbook.nist.gov/cgi/cbook.cgi?ID=1460-34-0&Units=SI&Mask=480	reason=nist_not_found	message=
2026-07-03 02:20:31	cid=48	cas=18465-19-5	modality=	url=https://webbook.nist.gov/cgi/cbook.cgi?ID=18465-19-5&Units=SI&Mask=480	reason=nist_not_found	message=
2026-07-03 02:20:32	cid=49	cas=759-05-7	modality=	url=https://webbook.nist.gov/cgi/cbook.cgi?ID=759-05-7&Units=SI&Mask=480	reason=nist_not_found	message=
2026-07-03 02:20:33	cid=50	cas=73803-83-5	modality=	url=https://webbook.nist.gov/cgi/cbook.cgi?ID=73803-83-5&Units=SI&Mask=480	reason=nist_not_found	message=
2026-07-03 02:20:34	cid=51	cas=328-50-7	modality=	url=https://webbook.nist.gov/cgi/cbook.cgi?ID=328-50-7&Units=SI&Mask=480	reason=no_jcamp_links	message=
2026-07-03 02:20:34	cid=55	cas=	modality=	url=	reason=not_found	message=pubchem_synonyms_404
2026-07-03 02:20:34	cid=56	cas=	modality=	url=	reason=not_found	message=pubchem_synonyms_404
2026-07-03 02:20:35	cid=57	cas=42187-47-3	modality=	url=https://webbook.nist.gov/cgi/cbook.cgi?ID=42187-47-3&Units=SI&Mask=480	reason=nist_not_found	message=
2026-07-03 02:20:36	cid=58	cas=600-18-0	modality=ir	url=https://webbook.nist.gov/cgi/cbook.cgi?JCAMP=C600180&Index=1&Type=IR	reason=download_http_404	message=
2026-07-03 02:20:37	cid=58	cas=600-18-0	modality=ir	url=https://webbook.nist.gov/cgi/cbook.cgi?JCAMP=C600180&Index=2&Type=IR	reason=download_http_404	message=
2026-07-03 02:20:37	cid=58	cas=600-18-0	modality=ir	url=https://webbook.nist.gov/cgi/cbook.cgi?JCAMP=C600180&Index=3&Type=IR	reason=download_http_404	message=
2026-07-03 02:20:37	cid=58	cas=600-18-0	modality=ir	url=https://webbook.nist.gov/cgi/cbook.cgi?JCAMP=C600180&Index=4&Type=IR	reason=download_http_404	message=
2026-07-03 02:20:38	cid=58	cas=600-18-0	modality=ir	url=https://webbook.nist.gov/cgi/cbook.cgi?JCAMP=C600180&Index=5&Type=IR	reason=download_http_404	message=
2026-07-03 02:20:42	cid=58	cas=600-18-0	modality=ir	url=https://webbook.nist.gov/cgi/cbook.cgi?JCAMP=C600180&Index=6&Type=IR	reason=download_http_404	message=
2026-07-03 02:20:42	cid=58	cas=600-18-0	modality=ir	url=https://webbook.nist.gov/cgi/cbook.cgi?JCAMP=C600180&Index=7&Type=IR	reason=download_http_404	message=
2026-07-03 02:20:43	cid=58	cas=600-18-0	modality=ir	url=https://webbook.nist.gov/cgi/cbook.cgi?JCAMP=C600180&Index=8&Type=IR	reason=download_http_404	message=
2026-07-03 02:20:43	cid=58	cas=600-18-0	modality=ir	url=https://webbook.nist.gov/cgi/cbook.cgi?JCAMP=C600180&Index=9&Type=IR	reason=download_http_404	message=
2026-07-03 02:20:43	cid=58	cas=600-18-0	modality=	url=https://webbook.nist.gov/cgi/cbook.cgi?ID=600-18-0&Units=SI&Mask=480	reason=all_jcamp_downloads_failed	message=ir:download_http_404;ir:download_http_404;ir:download_http_404;ir:download_http_404;ir:download_http_404;ir:download_http_404;ir:download_http_404;ir:download_http_404;ir:download_http_404
2026-07-03 02:20:44	cid=59	cas=2553-59-5	modality=	url=https://webbook.nist.gov/cgi/cbook.cgi?ID=2553-59-5&Units=SI&Mask=480	reason=nist_not_found	message=
2026-07-03 02:20:44	cid=60	cas=	modality=	url=	reason=not_found	message=no_cas_in_synonyms
2026-07-03 02:20:45	cid=61	cas=138-81-8	modality=	url=https://webbook.nist.gov/cgi/cbook.cgi?ID=138-81-8&Units=SI&Mask=480	reason=nist_not_found	message=
2026-07-03 02:20:45	cid=62	cas=	modality=	url=	reason=not_found	message=no_cas_in_synonyms
2026-07-03 02:20:46	cid=63	cas=24317-81-5	modality=	url=https://webbook.nist.gov/cgi/cbook.cgi?ID=24317-81-5&Units=SI&Mask=480	reason=nist_not_found	message=
2026-07-03 02:20:46	cid=64	cas=	modality=	url=	reason=not_found	message=no_cas_in_synonyms
2026-07-03 02:20:47	cid=65	cas=824-69-1	modality=	url=https://webbook.nist.gov/cgi/cbook.cgi?ID=824-69-1&Units=SI&Mask=480	reason=no_jcamp_links	message=
2026-07-03 02:20:49	cid=66	cas=583-78-8	modality=ir	url=https://webbook.nist.gov/cgi/cbook.cgi?JCAMP=C583788&Index=2&Type=IR	reason=download_http_404	message=
2026-07-03 02:20:49	cid=66	cas=583-78-8	modality=ir	url=https://webbook.nist.gov/cgi/cbook.cgi?JCAMP=C583788&Index=3&Type=IR	reason=download_http_404	message=
2026-07-03 02:20:49	cid=66	cas=583-78-8	modality=ir	url=https://webbook.nist.gov/cgi/cbook.cgi?JCAMP=C583788&Index=4&Type=IR	reason=download_http_404	message=
2026-07-03 02:20:50	cid=66	cas=583-78-8	modality=ir	url=https://webbook.nist.gov/cgi/cbook.cgi?JCAMP=C583788&Index=5&Type=IR	reason=download_http_404	message=
2026-07-03 02:20:50	cid=66	cas=583-78-8	modality=ir	url=https://webbook.nist.gov/cgi/cbook.cgi?JCAMP=C583788&Index=6&Type=IR	reason=download_http_404	message=
2026-07-03 02:20:54	cid=66	cas=583-78-8	modality=ir	url=https://webbook.nist.gov/cgi/cbook.cgi?JCAMP=C583788&Index=7&Type=IR	reason=download_http_404	message=
2026-07-03 02:20:54	cid=66	cas=583-78-8	modality=ir	url=https://webbook.nist.gov/cgi/cbook.cgi?JCAMP=C583788&Index=8&Type=IR	reason=download_http_404	message=
2026-07-03 02:20:55	cid=66	cas=583-78-8	modality=ir	url=https://webbook.nist.gov/cgi/cbook.cgi?JCAMP=C583788&Index=9&Type=IR	reason=download_http_404	message=
2026-07-03 02:20:55	cid=66	cas=583-78-8	modality=	url=https://webbook.nist.gov/cgi/cbook.cgi?ID=583-78-8&Units=SI&Mask=480	reason=all_jcamp_downloads_failed	message=ir:download_http_404;ir:download_http_404;ir:download_http_404;ir:download_http_404;ir:download_http_404;ir:download_http_404;ir:download_http_404;ir:download_http_404
2026-07-03 02:20:55	cid=67	cas=	modality=	url=	reason=not_found	message=no_cas_in_synonyms
2026-07-03 02:20:56	cid=68	cas=141816-32-2	modality=	url=https://webbook.nist.gov/cgi/cbook.cgi?ID=141816-32-2&Units=SI&Mask=480	reason=nist_not_found	message=
2026-07-03 02:20:56	cid=69	cas=7244-95-3	modality=	url=https://webbook.nist.gov/cgi/cbook.cgi?ID=7244-95-3&Units=SI&Mask=480	reason=nist_not_found	message=
2026-07-03 02:20:57	cid=70	cas=816-66-0	modality=	url=https://webbook.nist.gov/cgi/cbook.cgi?ID=816-66-0&Units=SI&Mask=480	reason=no_jcamp_links	message=
2026-07-03 02:20:58	cid=71	cas=3184-35-8	modality=	url=https://webbook.nist.gov/cgi/cbook.cgi?ID=3184-35-8&Units=SI&Mask=480	reason=no_jcamp_links	message=
2026-07-03 02:20:59	cid=72	cas=99-50-3	modality=	url=https://webbook.nist.gov/cgi/cbook.cgi?ID=99-50-3&Units=SI&Mask=480	reason=no_jcamp_links	message=
2026-07-03 02:20:59	cid=73	cas=	modality=	url=	reason=not_found	message=no_cas_in_synonyms
2026-07-03 02:21:00	cid=75	cas=352-92-1	modality=	url=https://webbook.nist.gov/cgi/cbook.cgi?ID=352-92-1&Units=SI&Mask=480	reason=nist_not_found	message=
2026-07-03 02:21:01	cid=76	cas=67034-83-7	modality=	url=https://webbook.nist.gov/cgi/cbook.cgi?ID=67034-83-7&Units=SI&Mask=480	reason=nist_not_found	message=
2026-07-03 02:21:02	cid=77	cas=3237-44-3	modality=	url=https://webbook.nist.gov/cgi/cbook.cgi?ID=3237-44-3&Units=SI&Mask=480	reason=nist_not_found	message=
2026-07-03 02:21:03	cid=78	cas=3981-36-0	modality=	url=https://webbook.nist.gov/cgi/cbook.cgi?ID=3981-36-0&Units=SI&Mask=480	reason=nist_not_found	message=
2026-07-03 02:21:04	cid=79	cas=100-54-9	modality=ir	url=https://webbook.nist.gov/cgi/cbook.cgi?JCAMP=C100549&Index=2&Type=IR	reason=download_http_404	message=
2026-07-03 02:21:04	cid=79	cas=100-54-9	modality=ir	url=https://webbook.nist.gov/cgi/cbook.cgi?JCAMP=C100549&Index=3&Type=IR	reason=download_http_404	message=
2026-07-03 02:21:05	cid=79	cas=100-54-9	modality=ir	url=https://webbook.nist.gov/cgi/cbook.cgi?JCAMP=C100549&Index=4&Type=IR	reason=download_http_404	message=
2026-07-03 02:21:05	cid=79	cas=100-54-9	modality=ir	url=https://webbook.nist.gov/cgi/cbook.cgi?JCAMP=C100549&Index=5&Type=IR	reason=download_http_404	message=
2026-07-03 02:21:05	cid=79	cas=100-54-9	modality=ir	url=https://webbook.nist.gov/cgi/cbook.cgi?JCAMP=C100549&Index=6&Type=IR	reason=download_http_404	message=
2026-07-03 02:21:10	cid=79	cas=100-54-9	modality=ir	url=https://webbook.nist.gov/cgi/cbook.cgi?JCAMP=C100549&Index=7&Type=IR	reason=download_http_404	message=
2026-07-03 02:21:10	cid=79	cas=100-54-9	modality=ir	url=https://webbook.nist.gov/cgi/cbook.cgi?JCAMP=C100549&Index=8&Type=IR	reason=download_http_404	message=
2026-07-03 02:21:10	cid=79	cas=100-54-9	modality=ir	url=https://webbook.nist.gov/cgi/cbook.cgi?JCAMP=C100549&Index=9&Type=IR	reason=download_http_404	message=
2026-07-03 02:21:11	cid=79	cas=100-54-9	modality=uvvis	url=https://webbook.nist.gov/cgi/cbook.cgi?JCAMP=C100549&Index=1&Type=UVVis	reason=download_http_404	message=
2026-07-03 02:21:11	cid=79	cas=100-54-9	modality=uvvis	url=https://webbook.nist.gov/cgi/cbook.cgi?JCAMP=C100549&Index=2&Type=UVVis	reason=download_http_404	message=
2026-07-03 02:21:15	cid=79	cas=100-54-9	modality=uvvis	url=https://webbook.nist.gov/cgi/cbook.cgi?JCAMP=C100549&Index=3&Type=UVVis	reason=download_http_404	message=
2026-07-03 02:21:15	cid=79	cas=100-54-9	modality=uvvis	url=https://webbook.nist.gov/cgi/cbook.cgi?JCAMP=C100549&Index=4&Type=UVVis	reason=download_http_404	message=
2026-07-03 02:21:16	cid=79	cas=100-54-9	modality=uvvis	url=https://webbook.nist.gov/cgi/cbook.cgi?JCAMP=C100549&Index=5&Type=UVVis	reason=download_http_404	message=
2026-07-03 02:21:16	cid=79	cas=100-54-9	modality=uvvis	url=https://webbook.nist.gov/cgi/cbook.cgi?JCAMP=C100549&Index=6&Type=UVVis	reason=download_http_404	message=
2026-07-03 02:21:17	cid=79	cas=100-54-9	modality=uvvis	url=https://webbook.nist.gov/cgi/cbook.cgi?JCAMP=C100549&Index=7&Type=UVVis	reason=download_http_404	message=
2026-07-03 02:21:21	cid=79	cas=100-54-9	modality=uvvis	url=https://webbook.nist.gov/cgi/cbook.cgi?JCAMP=C100549&Index=8&Type=UVVis	reason=download_http_404	message=
2026-07-03 02:21:21	cid=79	cas=100-54-9	modality=uvvis	url=https://webbook.nist.gov/cgi/cbook.cgi?JCAMP=C100549&Index=9&Type=UVVis	reason=download_http_404	message=
2026-07-03 02:21:21	cid=79	cas=100-54-9	modality=	url=https://webbook.nist.gov/cgi/cbook.cgi?ID=100-54-9&Units=SI&Mask=480	reason=all_jcamp_downloads_failed	message=ir:download_http_404;ir:download_http_404;ir:download_http_404;ir:download_http_404;ir:download_http_404;ir:download_http_404;ir:download_http_404;ir:download_http_404;uvvis:download_http_404;uvvis:download_http_404;uvvis:download_http_404;uvvis:download_http_404;uvvis:download_http_404;uvvis:download_http_404;uvvis:download_http_404;uvvis:download_http_404;uvvis:download_http_404
2026-07-03 02:21:21	cid=80	cas=	modality=	url=	reason=not_found	message=no_cas_in_synonyms
2026-07-03 02:21:21	cid=81	cas=	modality=	url=	reason=not_found	message=no_cas_in_synonyms
2026-07-03 02:21:22	cid=82	cas=27840-48-8	modality=	url=https://webbook.nist.gov/cgi/cbook.cgi?ID=27840-48-8&Units=SI&Mask=480	reason=nist_not_found	message=
2026-07-03 02:21:22	cid=85	cas=	modality=	url=	reason=not_found	message=no_cas_in_synonyms
2026-07-03 02:21:23	cid=86	cas=548-93-6	modality=	url=https://webbook.nist.gov/cgi/cbook.cgi?ID=548-93-6&Units=SI&Mask=480	reason=no_jcamp_links	message=
2026-07-03 02:21:24	cid=87	cas=2068-83-9	modality=	url=https://webbook.nist.gov/cgi/cbook.cgi?ID=2068-83-9&Units=SI&Mask=480	reason=nist_not_found	message=
2026-07-03 02:21:25	cid=89	cas=484-78-6	modality=	url=https://webbook.nist.gov/cgi/cbook.cgi?ID=484-78-6&Units=SI&Mask=480	reason=nist_not_found	message=
2026-07-03 02:21:26	cid=91	cas=621-54-5	modality=ir	url=https://webbook.nist.gov/cgi/cbook.cgi?JCAMP=C621545&Index=1&Type=IR	reason=download_http_404	message=
2026-07-03 02:21:26	cid=91	cas=621-54-5	modality=ir	url=https://webbook.nist.gov/cgi/cbook.cgi?JCAMP=C621545&Index=2&Type=IR	reason=download_http_404	message=
2026-07-03 02:21:27	cid=91	cas=621-54-5	modality=ir	url=https://webbook.nist.gov/cgi/cbook.cgi?JCAMP=C621545&Index=3&Type=IR	reason=download_http_404	message=
2026-07-03 02:21:27	cid=91	cas=621-54-5	modality=ir	url=https://webbook.nist.gov/cgi/cbook.cgi?JCAMP=C621545&Index=4&Type=IR	reason=download_http_404	message=
2026-07-03 02:21:27	cid=91	cas=621-54-5	modality=ir	url=https://webbook.nist.gov/cgi/cbook.cgi?JCAMP=C621545&Index=5&Type=IR	reason=download_http_404	message=
2026-07-03 02:21:31	cid=91	cas=621-54-5	modality=ir	url=https://webbook.nist.gov/cgi/cbook.cgi?JCAMP=C621545&Index=6&Type=IR	reason=download_http_404	message=
2026-07-03 02:21:32	cid=91	cas=621-54-5	modality=ir	url=https://webbook.nist.gov/cgi/cbook.cgi?JCAMP=C621545&Index=7&Type=IR	reason=download_http_404	message=
2026-07-03 02:21:32	cid=91	cas=621-54-5	modality=ir	url=https://webbook.nist.gov/cgi/cbook.cgi?JCAMP=C621545&Index=8&Type=IR	reason=download_http_404	message=
2026-07-03 02:21:33	cid=91	cas=621-54-5	modality=ir	url=https://webbook.nist.gov/cgi/cbook.cgi?JCAMP=C621545&Index=9&Type=IR	reason=download_http_404	message=
2026-07-03 02:21:33	cid=91	cas=621-54-5	modality=	url=https://webbook.nist.gov/cgi/cbook.cgi?ID=621-54-5&Units=SI&Mask=480	reason=all_jcamp_downloads_failed	message=ir:download_http_404;ir:download_http_404;ir:download_http_404;ir:download_http_404;ir:download_http_404;ir:download_http_404;ir:download_http_404;ir:download_http_404;ir:download_http_404
2026-07-03 02:21:33	cid=92	cas=	modality=	url=	reason=not_found	message=no_cas_in_synonyms
2026-07-03 02:21:34	cid=93	cas=689-31-6	modality=	url=https://webbook.nist.gov/cgi/cbook.cgi?ID=689-31-6&Units=SI&Mask=480	reason=no_jcamp_links	message=
2026-07-03 02:21:34	cid=95	cas=	modality=	url=	reason=not_found	message=no_cas_in_synonyms
2026-07-03 02:21:35	cid=96	cas=541-50-4	modality=	url=https://webbook.nist.gov/cgi/cbook.cgi?ID=541-50-4&Units=SI&Mask=480	reason=no_jcamp_links	message=
2026-07-03 02:21:35	cid=97	cas=	modality=	url=	reason=not_found	message=pubchem_synonyms_404
2026-07-03 02:21:36	cid=98	cas=2464-23-5	modality=	url=https://webbook.nist.gov/cgi/cbook.cgi?ID=2464-23-5&Units=SI&Mask=480	reason=nist_not_found	message=
2026-07-03 02:21:36	cid=100	cas=	modality=	url=	reason=not_found	message=pubchem_synonyms_404
2026-07-03 02:21:37	cid=101	cas=100-83-4	modality=ir	url=https://webbook.nist.gov/cgi/cbook.cgi?JCAMP=C100834&Index=1&Type=IR	reason=download_http_404	message=
2026-07-03 02:21:38	cid=101	cas=100-83-4	modality=ir	url=https://webbook.nist.gov/cgi/cbook.cgi?JCAMP=C100834&Index=2&Type=IR	reason=download_http_404	message=
2026-07-03 02:21:38	cid=101	cas=100-83-4	modality=ir	url=https://webbook.nist.gov/cgi/cbook.cgi?JCAMP=C100834&Index=3&Type=IR	reason=download_http_404	message=
2026-07-03 02:21:38	cid=101	cas=100-83-4	modality=ir	url=https://webbook.nist.gov/cgi/cbook.cgi?JCAMP=C100834&Index=4&Type=IR	reason=download_http_404	message=
2026-07-03 02:21:39	cid=101	cas=100-83-4	modality=ir	url=https://webbook.nist.gov/cgi/cbook.cgi?JCAMP=C100834&Index=5&Type=IR	reason=download_http_404	message=
2026-07-03 02:21:43	cid=101	cas=100-83-4	modality=ir	url=https://webbook.nist.gov/cgi/cbook.cgi?JCAMP=C100834&Index=6&Type=IR	reason=download_http_404	message=
2026-07-03 02:21:43	cid=101	cas=100-83-4	modality=ir	url=https://webbook.nist.gov/cgi/cbook.cgi?JCAMP=C100834&Index=7&Type=IR	reason=download_http_404	message=
2026-07-03 02:21:43	cid=101	cas=100-83-4	modality=ir	url=https://webbook.nist.gov/cgi/cbook.cgi?JCAMP=C100834&Index=8&Type=IR	reason=download_http_404	message=
2026-07-03 02:21:44	cid=101	cas=100-83-4	modality=ir	url=https://webbook.nist.gov/cgi/cbook.cgi?JCAMP=C100834&Index=9&Type=IR	reason=download_http_404	message=
2026-07-03 02:21:44	cid=101	cas=100-83-4	modality=uvvis	url=https://webbook.nist.gov/cgi/cbook.cgi?JCAMP=C100834&Index=1&Type=UVVis	reason=download_http_404	message=
2026-07-03 02:21:48	cid=101	cas=100-83-4	modality=uvvis	url=https://webbook.nist.gov/cgi/cbook.cgi?JCAMP=C100834&Index=2&Type=UVVis	reason=download_http_404	message=
2026-07-03 02:21:49	cid=101	cas=100-83-4	modality=uvvis	url=https://webbook.nist.gov/cgi/cbook.cgi?JCAMP=C100834&Index=3&Type=UVVis	reason=download_http_404	message=
2026-07-03 02:21:49	cid=101	cas=100-83-4	modality=uvvis	url=https://webbook.nist.gov/cgi/cbook.cgi?JCAMP=C100834&Index=4&Type=UVVis	reason=download_http_404	message=
2026-07-03 02:21:49	cid=101	cas=100-83-4	modality=uvvis	url=https://webbook.nist.gov/cgi/cbook.cgi?JCAMP=C100834&Index=5&Type=UVVis	reason=download_http_404	message=
2026-07-03 02:21:50	cid=101	cas=100-83-4	modality=uvvis	url=https://webbook.nist.gov/cgi/cbook.cgi?JCAMP=C100834&Index=6&Type=UVVis	reason=download_http_404	message=
2026-07-03 02:21:54	cid=101	cas=100-83-4	modality=uvvis	url=https://webbook.nist.gov/cgi/cbook.cgi?JCAMP=C100834&Index=7&Type=UVVis	reason=download_http_404	message=
2026-07-03 02:21:54	cid=101	cas=100-83-4	modality=uvvis	url=https://webbook.nist.gov/cgi/cbook.cgi?JCAMP=C100834&Index=8&Type=UVVis	reason=download_http_404	message=
2026-07-03 02:21:54	cid=101	cas=100-83-4	modality=uvvis	url=https://webbook.nist.gov/cgi/cbook.cgi?JCAMP=C100834&Index=9&Type=UVVis	reason=download_http_404	message=
2026-07-03 02:21:54	cid=101	cas=100-83-4	modality=	url=https://webbook.nist.gov/cgi/cbook.cgi?ID=100-83-4&Units=SI&Mask=480	reason=all_jcamp_downloads_failed	message=ir:download_http_404;ir:download_http_404;ir:download_http_404;ir:download_http_404;ir:download_http_404;ir:download_http_404;ir:download_http_404;ir:download_http_404;ir:download_http_404;uvvis:download_http_404;uvvis:download_http_404;uvvis:download_http_404;uvvis:download_http_404;uvvis:download_http_404;uvvis:download_http_404;uvvis:download_http_404;uvvis:download_http_404;uvvis:download_http_404
2026-07-03 02:21:56	cid=102	cas=620-24-6	modality=ir	url=https://webbook.nist.gov/cgi/cbook.cgi?JCAMP=C620246&Index=1&Type=IR	reason=download_http_404	message=
2026-07-03 02:21:56	cid=102	cas=620-24-6	modality=ir	url=https://webbook.nist.gov/cgi/cbook.cgi?JCAMP=C620246&Index=2&Type=IR	reason=download_http_404	message=
2026-07-03 02:22:00	cid=102	cas=620-24-6	modality=ir	url=https://webbook.nist.gov/cgi/cbook.cgi?JCAMP=C620246&Index=3&Type=IR	reason=download_http_404	message=
2026-07-03 02:22:01	cid=102	cas=620-24-6	modality=ir	url=https://webbook.nist.gov/cgi/cbook.cgi?JCAMP=C620246&Index=4&Type=IR	reason=download_http_404	message=
2026-07-03 02:22:01	cid=102	cas=620-24-6	modality=ir	url=https://webbook.nist.gov/cgi/cbook.cgi?JCAMP=C620246&Index=5&Type=IR	reason=download_http_404	message=
2026-07-03 02:22:01	cid=102	cas=620-24-6	modality=ir	url=https://webbook.nist.gov/cgi/cbook.cgi?JCAMP=C620246&Index=6&Type=IR	reason=download_http_404	message=
2026-07-03 02:22:02	cid=102	cas=620-24-6	modality=ir	url=https://webbook.nist.gov/cgi/cbook.cgi?JCAMP=C620246&Index=7&Type=IR	reason=download_http_404	message=
2026-07-03 02:22:06	cid=102	cas=620-24-6	modality=ir	url=https://webbook.nist.gov/cgi/cbook.cgi?JCAMP=C620246&Index=8&Type=IR	reason=download_http_404	message=
2026-07-03 02:22:06	cid=102	cas=620-24-6	modality=ir	url=https://webbook.nist.gov/cgi/cbook.cgi?JCAMP=C620246&Index=9&Type=IR	reason=download_http_404	message=
2026-07-03 02:22:06	cid=102	cas=620-24-6	modality=	url=https://webbook.nist.gov/cgi/cbook.cgi?ID=620-24-6&Units=SI&Mask=480	reason=all_jcamp_downloads_failed	message=ir:download_http_404;ir:download_http_404;ir:download_http_404;ir:download_http_404;ir:download_http_404;ir:download_http_404;ir:download_http_404;ir:download_http_404;ir:download_http_404
2026-07-03 02:22:07	cid=104	cas=1124-49-8	modality=	url=https://webbook.nist.gov/cgi/cbook.cgi?ID=1124-49-8&Units=SI&Mask=480	reason=nist_not_found	message=
2026-07-03 02:22:07	cid=105	cas=3913-50-6	modality=	url=https://webbook.nist.gov/cgi/cbook.cgi?ID=3913-50-6&Units=SI&Mask=480	reason=nist_not_found	message=
2026-07-03 02:22:08	cid=106	cas=17885-08-4	modality=	url=https://webbook.nist.gov/cgi/cbook.cgi?ID=17885-08-4&Units=SI&Mask=480	reason=nist_not_found	message=
2026-07-03 02:22:10	cid=107	cas=501-52-0	modality=ir	url=https://webbook.nist.gov/cgi/cbook.cgi?JCAMP=C501520&Index=2&Type=IR	reason=download_http_404	message=
2026-07-03 02:22:10	cid=107	cas=501-52-0	modality=ir	url=https://webbook.nist.gov/cgi/cbook.cgi?JCAMP=C501520&Index=3&Type=IR	reason=download_http_404	message=
2026-07-03 02:22:10	cid=107	cas=501-52-0	modality=ir	url=https://webbook.nist.gov/cgi/cbook.cgi?JCAMP=C501520&Index=4&Type=IR	reason=download_http_404	message=
2026-07-03 02:22:11	cid=107	cas=501-52-0	modality=ir	url=https://webbook.nist.gov/cgi/cbook.cgi?JCAMP=C501520&Index=5&Type=IR	reason=download_http_404	message=
2026-07-03 02:22:11	cid=107	cas=501-52-0	modality=ir	url=https://webbook.nist.gov/cgi/cbook.cgi?JCAMP=C501520&Index=6&Type=IR	reason=download_http_404	message=
2026-07-03 02:22:15	cid=107	cas=501-52-0	modality=ir	url=https://webbook.nist.gov/cgi/cbook.cgi?JCAMP=C501520&Index=7&Type=IR	reason=download_http_404	message=
2026-07-03 02:22:15	cid=107	cas=501-52-0	modality=ir	url=https://webbook.nist.gov/cgi/cbook.cgi?JCAMP=C501520&Index=8&Type=IR	reason=download_http_404	message=
2026-07-03 02:22:16	cid=107	cas=501-52-0	modality=ir	url=https://webbook.nist.gov/cgi/cbook.cgi?JCAMP=C501520&Index=9&Type=IR	reason=download_http_404	message=
2026-07-03 02:22:16	cid=107	cas=501-52-0	modality=uvvis	url=https://webbook.nist.gov/cgi/cbook.cgi?JCAMP=C501520&Index=1&Type=UVVis	reason=download_http_404	message=
2026-07-03 02:22:17	cid=107	cas=501-52-0	modality=uvvis	url=https://webbook.nist.gov/cgi/cbook.cgi?JCAMP=C501520&Index=2&Type=UVVis	reason=download_http_404	message=
2026-07-03 02:22:21	cid=107	cas=501-52-0	modality=uvvis	url=https://webbook.nist.gov/cgi/cbook.cgi?JCAMP=C501520&Index=3&Type=UVVis	reason=download_http_404	message=
2026-07-03 02:22:21	cid=107	cas=501-52-0	modality=uvvis	url=https://webbook.nist.gov/cgi/cbook.cgi?JCAMP=C501520&Index=4&Type=UVVis	reason=download_http_404	message=
2026-07-03 02:22:21	cid=107	cas=501-52-0	modality=uvvis	url=https://webbook.nist.gov/cgi/cbook.cgi?JCAMP=C501520&Index=5&Type=UVVis	reason=download_http_404	message=
2026-07-03 02:22:22	cid=107	cas=501-52-0	modality=uvvis	url=https://webbook.nist.gov/cgi/cbook.cgi?JCAMP=C501520&Index=6&Type=UVVis	reason=download_http_404	message=
2026-07-03 02:22:22	cid=107	cas=501-52-0	modality=uvvis	url=https://webbook.nist.gov/cgi/cbook.cgi?JCAMP=C501520&Index=7&Type=UVVis	reason=download_http_404	message=
2026-07-03 02:22:26	cid=107	cas=501-52-0	modality=uvvis	url=https://webbook.nist.gov/cgi/cbook.cgi?JCAMP=C501520&Index=8&Type=UVVis	reason=download_http_404	message=
2026-07-03 02:22:26	cid=107	cas=501-52-0	modality=uvvis	url=https://webbook.nist.gov/cgi/cbook.cgi?JCAMP=C501520&Index=9&Type=UVVis	reason=download_http_404	message=
2026-07-03 02:22:26	cid=107	cas=501-52-0	modality=	url=https://webbook.nist.gov/cgi/cbook.cgi?ID=501-52-0&Units=SI&Mask=480	reason=all_jcamp_downloads_failed	message=ir:download_http_404;ir:download_http_404;ir:download_http_404;ir:download_http_404;ir:download_http_404;ir:download_http_404;ir:download_http_404;ir:download_http_404;uvvis:download_http_404;uvvis:download_http_404;uvvis:download_http_404;uvvis:download_http_404;uvvis:download_http_404;uvvis:download_http_404;uvvis:download_http_404;uvvis:download_http_404;uvvis:download_http_404
2026-07-03 02:22:27	cid=108	cas=501-81-5	modality=	url=https://webbook.nist.gov/cgi/cbook.cgi?ID=501-81-5&Units=SI&Mask=480	reason=nist_not_found	message=
2026-07-03 02:22:28	cid=109	cas=2381-08-0	modality=	url=https://webbook.nist.gov/cgi/cbook.cgi?ID=2381-08-0&Units=SI&Mask=480	reason=nist_not_found	message=
2026-07-03 02:22:29	cid=110	cas=88947-38-0	modality=	url=https://webbook.nist.gov/cgi/cbook.cgi?ID=88947-38-0&Units=SI&Mask=480	reason=nist_not_found	message=
2026-07-03 02:22:29	cid=111	cas=462-88-4	modality=	url=https://webbook.nist.gov/cgi/cbook.cgi?ID=462-88-4&Units=SI&Mask=480	reason=nist_not_found	message=
2026-07-03 02:22:30	cid=112	cas=	modality=	url=	reason=not_found	message=pubchem_synonyms_404
2026-07-03 02:22:30	cid=113	cas=	modality=	url=	reason=not_found	message=no_cas_in_synonyms
2026-07-03 02:22:31	cid=114	cas=17270-50-7	modality=	url=https://webbook.nist.gov/cgi/cbook.cgi?ID=17270-50-7&Units=SI&Mask=480	reason=nist_not_found	message=
2026-07-03 02:22:31	cid=115	cas=	modality=	url=	reason=not_found	message=pubchem_synonyms_404
2026-07-03 02:22:31	cid=116	cas=	modality=	url=	reason=not_found	message=no_cas_in_synonyms
2026-07-03 02:22:32	cid=117	cas=4919-04-4	modality=	url=https://webbook.nist.gov/cgi/cbook.cgi?ID=4919-04-4&Units=SI&Mask=480	reason=nist_not_found	message=
2026-07-03 02:22:32	cid=118	cas=4390-05-0	modality=	url=https://webbook.nist.gov/cgi/cbook.cgi?ID=4390-05-0&Units=SI&Mask=480	reason=nist_not_found	message=
2026-07-03 02:22:34	cid=119	cas=56-12-2	modality=ir	url=https://webbook.nist.gov/cgi/cbook.cgi?JCAMP=C56122&Index=1&Type=IR	reason=download_http_404	message=
2026-07-03 02:22:34	cid=119	cas=56-12-2	modality=ir	url=https://webbook.nist.gov/cgi/cbook.cgi?JCAMP=C56122&Index=2&Type=IR	reason=download_http_404	message=
2026-07-03 02:22:35	cid=119	cas=56-12-2	modality=ir	url=https://webbook.nist.gov/cgi/cbook.cgi?JCAMP=C56122&Index=3&Type=IR	reason=download_http_404	message=
2026-07-03 02:22:35	cid=119	cas=56-12-2	modality=ir	url=https://webbook.nist.gov/cgi/cbook.cgi?JCAMP=C56122&Index=4&Type=IR	reason=download_http_404	message=
2026-07-03 02:22:35	cid=119	cas=56-12-2	modality=ir	url=https://webbook.nist.gov/cgi/cbook.cgi?JCAMP=C56122&Index=5&Type=IR	reason=download_http_404	message=
2026-07-03 02:22:46	cid=119	cas=56-12-2	modality=ir	url=https://webbook.nist.gov/cgi/cbook.cgi?JCAMP=C56122&Index=6&Type=IR	reason=download_http_404	message=
2026-07-03 02:22:46	cid=119	cas=56-12-2	modality=ir	url=https://webbook.nist.gov/cgi/cbook.cgi?JCAMP=C56122&Index=7&Type=IR	reason=download_http_404	message=
2026-07-03 02:22:46	cid=119	cas=56-12-2	modality=ir	url=https://webbook.nist.gov/cgi/cbook.cgi?JCAMP=C56122&Index=8&Type=IR	reason=download_http_404	message=
2026-07-03 02:22:47	cid=119	cas=56-12-2	modality=ir	url=https://webbook.nist.gov/cgi/cbook.cgi?JCAMP=C56122&Index=9&Type=IR	reason=download_http_404	message=
2026-07-03 02:22:47	cid=119	cas=56-12-2	modality=	url=https://webbook.nist.gov/cgi/cbook.cgi?ID=56-12-2&Units=SI&Mask=480	reason=all_jcamp_downloads_failed	message=ir:download_http_404;ir:download_http_404;ir:download_http_404;ir:download_http_404;ir:download_http_404;ir:download_http_404;ir:download_http_404;ir:download_http_404;ir:download_http_404
2026-07-03 02:22:47	cid=120	cas=3374-46-7	modality=	url=https://webbook.nist.gov/cgi/cbook.cgi?ID=3374-46-7&Units=SI&Mask=480	reason=nist_not_found	message=
2026-07-03 02:22:48	cid=121	cas=	modality=	url=	reason=not_found	message=no_cas_in_synonyms
2026-07-03 02:22:48	cid=122	cas=	modality=	url=	reason=not_found	message=no_cas_in_synonyms
2026-07-03 02:22:49	cid=123	cas=4210-97-3	modality=	url=https://webbook.nist.gov/cgi/cbook.cgi?ID=4210-97-3&Units=SI&Mask=480	reason=nist_not_found	message=
2026-07-03 02:22:49	cid=124	cas=3318-73-8	modality=	url=https://webbook.nist.gov/cgi/cbook.cgi?ID=3318-73-8&Units=SI&Mask=480	reason=nist_not_found	message=
2026-07-03 02:22:51	cid=125	cas=623-05-2	modality=ir	url=https://webbook.nist.gov/cgi/cbook.cgi?JCAMP=C623052&Index=1&Type=IR	reason=download_http_404	message=
2026-07-03 02:22:51	cid=125	cas=623-05-2	modality=ir	url=https://webbook.nist.gov/cgi/cbook.cgi?JCAMP=C623052&Index=2&Type=IR	reason=download_http_404	message=
2026-07-03 02:22:52	cid=125	cas=623-05-2	modality=ir	url=https://webbook.nist.gov/cgi/cbook.cgi?JCAMP=C623052&Index=3&Type=IR	reason=download_http_404	message=
2026-07-03 02:22:52	cid=125	cas=623-05-2	modality=ir	url=https://webbook.nist.gov/cgi/cbook.cgi?JCAMP=C623052&Index=4&Type=IR	reason=download_http_404	message=
2026-07-03 02:22:52	cid=125	cas=623-05-2	modality=ir	url=https://webbook.nist.gov/cgi/cbook.cgi?JCAMP=C623052&Index=5&Type=IR	reason=download_http_404	message=
2026-07-03 02:23:03	cid=125	cas=623-05-2	modality=ir	url=https://webbook.nist.gov/cgi/cbook.cgi?JCAMP=C623052&Index=6&Type=IR	reason=download_http_404	message=
2026-07-03 02:23:03	cid=125	cas=623-05-2	modality=ir	url=https://webbook.nist.gov/cgi/cbook.cgi?JCAMP=C623052&Index=7&Type=IR	reason=download_http_404	message=
2026-07-03 02:23:03	cid=125	cas=623-05-2	modality=ir	url=https://webbook.nist.gov/cgi/cbook.cgi?JCAMP=C623052&Index=8&Type=IR	reason=download_http_404	message=
2026-07-03 02:23:04	cid=125	cas=623-05-2	modality=ir	url=https://webbook.nist.gov/cgi/cbook.cgi?JCAMP=C623052&Index=9&Type=IR	reason=download_http_404	message=
2026-07-03 02:23:04	cid=125	cas=623-05-2	modality=uvvis	url=https://webbook.nist.gov/cgi/cbook.cgi?JCAMP=C623052&Index=1&Type=UVVis	reason=download_http_404	message=
2026-07-03 02:23:14	cid=125	cas=623-05-2	modality=uvvis	url=https://webbook.nist.gov/cgi/cbook.cgi?JCAMP=C623052&Index=2&Type=UVVis	reason=download_http_404	message=
2026-07-03 02:23:15	cid=125	cas=623-05-2	modality=uvvis	url=https://webbook.nist.gov/cgi/cbook.cgi?JCAMP=C623052&Index=3&Type=UVVis	reason=download_http_404	message=
2026-07-03 02:23:15	cid=125	cas=623-05-2	modality=uvvis	url=https://webbook.nist.gov/cgi/cbook.cgi?JCAMP=C623052&Index=4&Type=UVVis	reason=download_http_404	message=
2026-07-03 02:23:15	cid=125	cas=623-05-2	modality=uvvis	url=https://webbook.nist.gov/cgi/cbook.cgi?JCAMP=C623052&Index=5&Type=UVVis	reason=download_http_404	message=
2026-07-03 02:23:16	cid=125	cas=623-05-2	modality=uvvis	url=https://webbook.nist.gov/cgi/cbook.cgi?JCAMP=C623052&Index=6&Type=UVVis	reason=download_http_404	message=
2026-07-03 02:23:20	cid=125	cas=623-05-2	modality=uvvis	url=https://webbook.nist.gov/cgi/cbook.cgi?JCAMP=C623052&Index=7&Type=UVVis	reason=download_http_404	message=
2026-07-03 02:23:20	cid=125	cas=623-05-2	modality=uvvis	url=https://webbook.nist.gov/cgi/cbook.cgi?JCAMP=C623052&Index=8&Type=UVVis	reason=download_http_404	message=
2026-07-03 02:23:21	cid=125	cas=623-05-2	modality=uvvis	url=https://webbook.nist.gov/cgi/cbook.cgi?JCAMP=C623052&Index=9&Type=UVVis	reason=download_http_404	message=
2026-07-03 02:23:21	cid=125	cas=623-05-2	modality=	url=https://webbook.nist.gov/cgi/cbook.cgi?ID=623-05-2&Units=SI&Mask=480	reason=all_jcamp_downloads_failed	message=ir:download_http_404;ir:download_http_404;ir:download_http_404;ir:download_http_404;ir:download_http_404;ir:download_http_404;ir:download_http_404;ir:download_http_404;ir:download_http_404;uvvis:download_http_404;uvvis:download_http_404;uvvis:download_http_404;uvvis:download_http_404;uvvis:download_http_404;uvvis:download_http_404;uvvis:download_http_404;uvvis:download_http_404;uvvis:download_http_404
2026-07-03 02:23:22	cid=126	cas=123-08-0	modality=ir	url=https://webbook.nist.gov/cgi/cbook.cgi?JCAMP=C123080&Index=3&Type=IR	reason=download_http_404	message=
2026-07-03 02:23:23	cid=126	cas=123-08-0	modality=ir	url=https://webbook.nist.gov/cgi/cbook.cgi?JCAMP=C123080&Index=4&Type=IR	reason=download_http_404	message=
2026-07-03 02:23:27	cid=126	cas=123-08-0	modality=ir	url=https://webbook.nist.gov/cgi/cbook.cgi?JCAMP=C123080&Index=5&Type=IR	reason=download_http_404	message=
2026-07-03 02:23:31	cid=126	cas=123-08-0	modality=ir	url=https://webbook.nist.gov/cgi/cbook.cgi?JCAMP=C123080&Index=6&Type=IR	reason=download_http_404	message=
2026-07-03 02:23:31	cid=126	cas=123-08-0	modality=ir	url=https://webbook.nist.gov/cgi/cbook.cgi?JCAMP=C123080&Index=7&Type=IR	reason=download_http_404	message=
2026-07-03 02:23:35	cid=126	cas=123-08-0	modality=ir	url=https://webbook.nist.gov/cgi/cbook.cgi?JCAMP=C123080&Index=8&Type=IR	reason=download_http_404	message=
2026-07-03 02:23:39	cid=126	cas=123-08-0	modality=ir	url=https://webbook.nist.gov/cgi/cbook.cgi?JCAMP=C123080&Index=9&Type=IR	reason=download_http_404	message=
2026-07-03 02:23:40	cid=126	cas=123-08-0	modality=uvvis	url=https://webbook.nist.gov/cgi/cbook.cgi?JCAMP=C123080&Index=1&Type=UVVis	reason=download_http_404	message=
2026-07-03 02:23:44	cid=126	cas=123-08-0	modality=uvvis	url=https://webbook.nist.gov/cgi/cbook.cgi?JCAMP=C123080&Index=2&Type=UVVis	reason=download_http_404	message=
2026-07-03 02:23:48	cid=126	cas=123-08-0	modality=uvvis	url=https://webbook.nist.gov/cgi/cbook.cgi?JCAMP=C123080&Index=3&Type=UVVis	reason=download_http_404	message=
2026-07-03 02:23:48	cid=126	cas=123-08-0	modality=uvvis	url=https://webbook.nist.gov/cgi/cbook.cgi?JCAMP=C123080&Index=4&Type=UVVis	reason=download_http_404	message=
2026-07-03 02:23:52	cid=126	cas=123-08-0	modality=uvvis	url=https://webbook.nist.gov/cgi/cbook.cgi?JCAMP=C123080&Index=5&Type=UVVis	reason=download_http_404	message=
2026-07-03 02:23:56	cid=126	cas=123-08-0	modality=uvvis	url=https://webbook.nist.gov/cgi/cbook.cgi?JCAMP=C123080&Index=6&Type=UVVis	reason=download_http_404	message=
2026-07-03 02:23:56	cid=126	cas=123-08-0	modality=uvvis	url=https://webbook.nist.gov/cgi/cbook.cgi?JCAMP=C123080&Index=7&Type=UVVis	reason=download_http_404	message=
2026-07-03 02:24:00	cid=126	cas=123-08-0	modality=uvvis	url=https://webbook.nist.gov/cgi/cbook.cgi?JCAMP=C123080&Index=8&Type=UVVis	reason=download_http_404	message=
2026-07-03 02:24:04	cid=126	cas=123-08-0	modality=uvvis	url=https://webbook.nist.gov/cgi/cbook.cgi?JCAMP=C123080&Index=9&Type=UVVis	reason=download_http_404	message=
2026-07-03 02:24:04	cid=126	cas=123-08-0	modality=	url=https://webbook.nist.gov/cgi/cbook.cgi?ID=123-08-0&Units=SI&Mask=480	reason=all_jcamp_downloads_failed	message=ir:download_http_404;ir:download_http_404;ir:download_http_404;ir:download_http_404;ir:download_http_404;ir:download_http_404;ir:download_http_404;uvvis:download_http_404;uvvis:download_http_404;uvvis:download_http_404;uvvis:download_http_404;uvvis:download_http_404;uvvis:download_http_404;uvvis:download_http_404;uvvis:download_http_404;uvvis:download_http_404
2026-07-03 02:24:06	cid=127	cas=156-38-7	modality=uvvis	url=https://webbook.nist.gov/cgi/cbook.cgi?JCAMP=C156387&Index=1&Type=UVVis	reason=download_http_404	message=
2026-07-03 02:24:07	cid=127	cas=156-38-7	modality=uvvis	url=https://webbook.nist.gov/cgi/cbook.cgi?JCAMP=C156387&Index=2&Type=UVVis	reason=download_http_404	message=
2026-07-03 02:24:07	cid=127	cas=156-38-7	modality=uvvis	url=https://webbook.nist.gov/cgi/cbook.cgi?JCAMP=C156387&Index=3&Type=UVVis	reason=download_http_404	message=
2026-07-03 02:24:07	cid=127	cas=156-38-7	modality=uvvis	url=https://webbook.nist.gov/cgi/cbook.cgi?JCAMP=C156387&Index=4&Type=UVVis	reason=download_http_404	message=
2026-07-03 02:24:18	cid=127	cas=156-38-7	modality=uvvis	url=https://webbook.nist.gov/cgi/cbook.cgi?JCAMP=C156387&Index=5&Type=UVVis	reason=download_http_404	message=
2026-07-03 02:24:18	cid=127	cas=156-38-7	modality=uvvis	url=https://webbook.nist.gov/cgi/cbook.cgi?JCAMP=C156387&Index=6&Type=UVVis	reason=download_http_404	message=
2026-07-03 02:24:18	cid=127	cas=156-38-7	modality=uvvis	url=https://webbook.nist.gov/cgi/cbook.cgi?JCAMP=C156387&Index=7&Type=UVVis	reason=download_http_404	message=
2026-07-03 02:24:19	cid=127	cas=156-38-7	modality=uvvis	url=https://webbook.nist.gov/cgi/cbook.cgi?JCAMP=C156387&Index=8&Type=UVVis	reason=download_http_404	message=
2026-07-03 02:24:19	cid=127	cas=156-38-7	modality=uvvis	url=https://webbook.nist.gov/cgi/cbook.cgi?JCAMP=C156387&Index=9&Type=UVVis	reason=download_http_404	message=
2026-07-03 02:24:19	cid=127	cas=156-38-7	modality=	url=https://webbook.nist.gov/cgi/cbook.cgi?ID=156-38-7&Units=SI&Mask=480	reason=all_jcamp_downloads_failed	message=uvvis:download_http_404;uvvis:download_http_404;uvvis:download_http_404;uvvis:download_http_404;uvvis:download_http_404;uvvis:download_http_404;uvvis:download_http_404;uvvis:download_http_404;uvvis:download_http_404
2026-07-03 02:24:20	cid=128	cas=17340-16-8	modality=	url=https://webbook.nist.gov/cgi/cbook.cgi?ID=17340-16-8&Units=SI&Mask=480	reason=nist_not_found	message=
2026-07-03 02:24:21	cid=129	cas=1119-16-0	modality=	url=https://webbook.nist.gov/cgi/cbook.cgi?ID=1119-16-0&Units=SI&Mask=480	reason=no_jcamp_links	message=
2026-07-03 02:24:21	cid=130	cas=	modality=	url=	reason=not_found	message=no_cas_in_synonyms
2026-07-03 02:24:21	cid=131	cas=	modality=	url=	reason=not_found	message=no_cas_in_synonyms
2026-07-03 02:24:21	cid=132	cas=	modality=	url=	reason=not_found	message=pubchem_synonyms_404
2026-07-03 02:24:22	cid=133	cas=64595-66-0	modality=	url=https://webbook.nist.gov/cgi/cbook.cgi?ID=64595-66-0&Units=SI&Mask=480	reason=nist_not_found	message=
2026-07-03 02:24:23	cid=134	cas=10329-41-6	modality=	url=https://webbook.nist.gov/cgi/cbook.cgi?ID=10329-41-6&Units=SI&Mask=480	reason=nist_not_found	message=
2026-07-03 02:24:24	cid=135	cas=99-96-7	modality=ir	url=https://webbook.nist.gov/cgi/cbook.cgi?JCAMP=C99967&Index=2&Type=IR	reason=download_http_404	message=
2026-07-03 02:24:25	cid=135	cas=99-96-7	modality=ir	url=https://webbook.nist.gov/cgi/cbook.cgi?JCAMP=C99967&Index=3&Type=IR	reason=download_http_404	message=
2026-07-03 02:24:25	cid=135	cas=99-96-7	modality=ir	url=https://webbook.nist.gov/cgi/cbook.cgi?JCAMP=C99967&Index=4&Type=IR	reason=download_http_404	message=
2026-07-03 02:24:25	cid=135	cas=99-96-7	modality=ir	url=https://webbook.nist.gov/cgi/cbook.cgi?JCAMP=C99967&Index=5&Type=IR	reason=download_http_404	message=
2026-07-03 02:24:26	cid=135	cas=99-96-7	modality=ir	url=https://webbook.nist.gov/cgi/cbook.cgi?JCAMP=C99967&Index=6&Type=IR	reason=download_http_404	message=
2026-07-03 02:24:36	cid=135	cas=99-96-7	modality=ir	url=https://webbook.nist.gov/cgi/cbook.cgi?JCAMP=C99967&Index=7&Type=IR	reason=download_http_404	message=
2026-07-03 02:24:36	cid=135	cas=99-96-7	modality=ir	url=https://webbook.nist.gov/cgi/cbook.cgi?JCAMP=C99967&Index=8&Type=IR	reason=download_http_404	message=
2026-07-03 02:24:37	cid=135	cas=99-96-7	modality=ir	url=https://webbook.nist.gov/cgi/cbook.cgi?JCAMP=C99967&Index=9&Type=IR	reason=download_http_404	message=
2026-07-03 02:24:37	cid=135	cas=99-96-7	modality=uvvis	url=https://webbook.nist.gov/cgi/cbook.cgi?JCAMP=C99967&Index=1&Type=UVVis	reason=download_http_404	message=
2026-07-03 02:24:37	cid=135	cas=99-96-7	modality=uvvis	url=https://webbook.nist.gov/cgi/cbook.cgi?JCAMP=C99967&Index=2&Type=UVVis	reason=download_http_404	message=
2026-07-03 02:24:48	cid=135	cas=99-96-7	modality=uvvis	url=https://webbook.nist.gov/cgi/cbook.cgi?JCAMP=C99967&Index=3&Type=UVVis	reason=download_http_404	message=
2026-07-03 02:24:48	cid=135	cas=99-96-7	modality=uvvis	url=https://webbook.nist.gov/cgi/cbook.cgi?JCAMP=C99967&Index=4&Type=UVVis	reason=download_http_404	message=
2026-07-03 02:24:48	cid=135	cas=99-96-7	modality=uvvis	url=https://webbook.nist.gov/cgi/cbook.cgi?JCAMP=C99967&Index=5&Type=UVVis	reason=download_http_404	message=
2026-07-03 02:24:49	cid=135	cas=99-96-7	modality=uvvis	url=https://webbook.nist.gov/cgi/cbook.cgi?JCAMP=C99967&Index=6&Type=UVVis	reason=download_http_404	message=
2026-07-03 02:24:49	cid=135	cas=99-96-7	modality=uvvis	url=https://webbook.nist.gov/cgi/cbook.cgi?JCAMP=C99967&Index=7&Type=UVVis	reason=download_http_404	message=
2026-07-03 02:24:59	cid=135	cas=99-96-7	modality=uvvis	url=https://webbook.nist.gov/cgi/cbook.cgi?JCAMP=C99967&Index=8&Type=UVVis	reason=download_http_404	message=
2026-07-03 02:25:00	cid=135	cas=99-96-7	modality=uvvis	url=https://webbook.nist.gov/cgi/cbook.cgi?JCAMP=C99967&Index=9&Type=UVVis	reason=download_http_404	message=
2026-07-03 02:25:00	cid=135	cas=99-96-7	modality=	url=https://webbook.nist.gov/cgi/cbook.cgi?ID=99-96-7&Units=SI&Mask=480	reason=all_jcamp_downloads_failed	message=ir:download_http_404;ir:download_http_404;ir:download_http_404;ir:download_http_404;ir:download_http_404;ir:download_http_404;ir:download_http_404;ir:download_http_404;uvvis:download_http_404;uvvis:download_http_404;uvvis:download_http_404;uvvis:download_http_404;uvvis:download_http_404;uvvis:download_http_404;uvvis:download_http_404;uvvis:download_http_404;uvvis:download_http_404
2026-07-03 02:25:01	cid=137	cas=106-60-5	modality=	url=https://webbook.nist.gov/cgi/cbook.cgi?ID=106-60-5&Units=SI&Mask=480	reason=nist_not_found	message=
2026-07-03 02:25:02	cid=138	cas=660-88-8	modality=	url=https://webbook.nist.gov/cgi/cbook.cgi?ID=660-88-8&Units=SI&Mask=480	reason=no_jcamp_links	message=
2026-07-03 02:25:02	cid=139	cas=	modality=	url=	reason=not_found	message=pubchem_synonyms_404
2026-07-03 02:25:02	cid=140	cas=	modality=	url=	reason=not_found	message=no_cas_in_synonyms
2026-07-03 02:25:02	cid=141	cas=	modality=	url=	reason=not_found	message=pubchem_synonyms_404
2026-07-03 02:25:03	cid=142	cas=72-90-2	modality=	url=https://webbook.nist.gov/cgi/cbook.cgi?ID=72-90-2&Units=SI&Mask=480	reason=nist_not_found	message=
2026-07-03 02:25:04	cid=144	cas=56-69-9	modality=	url=https://webbook.nist.gov/cgi/cbook.cgi?ID=56-69-9&Units=SI&Mask=480	reason=nist_not_found	message=
2026-07-03 02:25:04	cid=145	cas=	modality=	url=	reason=not_found	message=no_cas_in_synonyms
2026-07-03 02:25:05	cid=149	cas=2457-81-0	modality=	url=https://webbook.nist.gov/cgi/cbook.cgi?ID=2457-81-0&Units=SI&Mask=480	reason=nist_not_found	message=
2026-07-03 02:25:05	cid=150	cas=	modality=	url=	reason=not_found	message=no_cas_in_synonyms
2026-07-03 02:25:06	cid=151	cas=349-34-8	modality=	url=https://webbook.nist.gov/cgi/cbook.cgi?ID=349-34-8&Units=SI&Mask=480	reason=nist_not_found	message=
2026-07-03 02:25:06	cid=152	cas=92379-77-6	modality=	url=https://webbook.nist.gov/cgi/cbook.cgi?ID=92379-77-6&Units=SI&Mask=480	reason=nist_not_found	message=
2026-07-03 02:25:07	cid=153	cas=	modality=	url=	reason=not_found	message=no_cas_in_synonyms
2026-07-03 02:25:07	cid=154	cas=	modality=	url=	reason=not_found	message=no_cas_in_synonyms
2026-07-03 02:25:07	cid=155	cas=4919-06-6	modality=	url=https://webbook.nist.gov/cgi/cbook.cgi?ID=4919-06-6&Units=SI&Mask=480	reason=nist_not_found	message=
2026-07-03 02:25:08	cid=156	cas=10593-78-9	modality=	url=https://webbook.nist.gov/cgi/cbook.cgi?ID=10593-78-9&Units=SI&Mask=480	reason=nist_not_found	message=
2026-07-03 02:25:08	cid=157	cas=	modality=	url=	reason=not_found	message=no_cas_in_synonyms
2026-07-03 02:25:09	cid=158	cas=154170-57-7	modality=	url=https://webbook.nist.gov/cgi/cbook.cgi?ID=154170-57-7&Units=SI&Mask=480	reason=nist_not_found	message=
2026-07-03 02:25:10	cid=159	cas=63859-31-4	modality=	url=https://webbook.nist.gov/cgi/cbook.cgi?ID=63859-31-4&Units=SI&Mask=480	reason=nist_not_found	message=
2026-07-03 02:25:11	cid=160	cas=146388-90-1	modality=	url=https://webbook.nist.gov/cgi/cbook.cgi?ID=146388-90-1&Units=SI&Mask=480	reason=nist_not_found	message=
2026-07-03 02:25:11	cid=161	cas=	modality=	url=	reason=not_found	message=pubchem_synonyms_404
2026-07-03 02:25:12	cid=162	cas=3115-55-7	modality=	url=https://webbook.nist.gov/cgi/cbook.cgi?ID=3115-55-7&Units=SI&Mask=480	reason=nist_not_found	message=
2026-07-03 02:25:12	cid=164	cas=764-17-0	modality=	url=https://webbook.nist.gov/cgi/cbook.cgi?ID=764-17-0&Units=SI&Mask=480	reason=nist_not_found	message=
2026-07-03 02:25:13	cid=165	cas=	modality=	url=	reason=not_found	message=pubchem_synonyms_404
2026-07-03 02:25:13	cid=166	cas=	modality=	url=	reason=not_found	message=pubchem_synonyms_404
2026-07-03 02:25:13	cid=167	cas=	modality=	url=	reason=not_found	message=no_cas_in_synonyms
2026-07-03 02:25:13	cid=168	cas=	modality=	url=	reason=not_found	message=no_cas_in_synonyms
2026-07-03 02:25:14	cid=169	cas=73151-67-4	modality=	url=https://webbook.nist.gov/cgi/cbook.cgi?ID=73151-67-4&Units=SI&Mask=480	reason=nist_not_found	message=
2026-07-03 02:25:14	cid=172	cas=	modality=	url=	reason=not_found	message=no_cas_in_synonyms
2026-07-03 02:25:15	cid=173	cas=4707-58-8	modality=	url=https://webbook.nist.gov/cgi/cbook.cgi?ID=4707-58-8&Units=SI&Mask=480	reason=nist_not_found	message=
2026-07-03 02:25:17	cid=174	cas=107-21-1	modality=ir	url=https://webbook.nist.gov/cgi/cbook.cgi?JCAMP=C107211&Index=2&Type=IR	reason=download_http_404	message=
2026-07-03 02:25:17	cid=174	cas=107-21-1	modality=ir	url=https://webbook.nist.gov/cgi/cbook.cgi?JCAMP=C107211&Index=3&Type=IR	reason=download_http_404	message=
2026-07-03 02:25:17	cid=174	cas=107-21-1	modality=ir	url=https://webbook.nist.gov/cgi/cbook.cgi?JCAMP=C107211&Index=4&Type=IR	reason=download_http_404	message=
2026-07-03 02:25:18	cid=174	cas=107-21-1	modality=ir	url=https://webbook.nist.gov/cgi/cbook.cgi?JCAMP=C107211&Index=5&Type=IR	reason=download_http_404	message=
2026-07-03 02:25:18	cid=174	cas=107-21-1	modality=ir	url=https://webbook.nist.gov/cgi/cbook.cgi?JCAMP=C107211&Index=6&Type=IR	reason=download_http_404	message=
2026-07-03 02:25:29	cid=174	cas=107-21-1	modality=ir	url=https://webbook.nist.gov/cgi/cbook.cgi?JCAMP=C107211&Index=7&Type=IR	reason=download_http_404	message=
2026-07-03 02:25:29	cid=174	cas=107-21-1	modality=ir	url=https://webbook.nist.gov/cgi/cbook.cgi?JCAMP=C107211&Index=8&Type=IR	reason=download_http_404	message=
2026-07-03 02:25:29	cid=174	cas=107-21-1	modality=ir	url=https://webbook.nist.gov/cgi/cbook.cgi?JCAMP=C107211&Index=9&Type=IR	reason=download_http_404	message=
2026-07-03 02:25:29	cid=174	cas=107-21-1	modality=	url=https://webbook.nist.gov/cgi/cbook.cgi?ID=107-21-1&Units=SI&Mask=480	reason=all_jcamp_downloads_failed	message=ir:download_http_404;ir:download_http_404;ir:download_http_404;ir:download_http_404;ir:download_http_404;ir:download_http_404;ir:download_http_404;ir:download_http_404
2026-07-03 02:25:30	cid=175	cas=71-50-1	modality=	url=https://webbook.nist.gov/cgi/cbook.cgi?ID=71-50-1&Units=SI&Mask=480	reason=no_jcamp_links	message=
2026-07-03 02:25:32	cid=176	cas=64-19-7	modality=ir	url=https://webbook.nist.gov/cgi/cbook.cgi?JCAMP=C1186523&Index=0&Type=IR	reason=download_http_404	message=
2026-07-03 02:25:32	cid=176	cas=64-19-7	modality=ir	url=https://webbook.nist.gov/cgi/cbook.cgi?JCAMP=C1186523&Index=1&Type=IR	reason=download_http_404	message=
2026-07-03 02:25:36	cid=176	cas=64-19-7	modality=ir	url=https://webbook.nist.gov/cgi/cbook.cgi?JCAMP=C1186523&Index=2&Type=IR	reason=download_http_404	message=
2026-07-03 02:25:40	cid=176	cas=64-19-7	modality=ir	url=https://webbook.nist.gov/cgi/cbook.cgi?JCAMP=C1186523&Index=3&Type=IR	reason=download_http_404	message=
2026-07-03 02:25:40	cid=176	cas=64-19-7	modality=ir	url=https://webbook.nist.gov/cgi/cbook.cgi?JCAMP=C1186523&Index=4&Type=IR	reason=download_http_404	message=
2026-07-03 02:25:44	cid=176	cas=64-19-7	modality=ir	url=https://webbook.nist.gov/cgi/cbook.cgi?JCAMP=C1186523&Index=5&Type=IR	reason=download_http_404	message=
2026-07-03 02:25:48	cid=176	cas=64-19-7	modality=ir	url=https://webbook.nist.gov/cgi/cbook.cgi?JCAMP=C1186523&Index=6&Type=IR	reason=download_http_404	message=
2026-07-03 02:25:49	cid=176	cas=64-19-7	modality=ir	url=https://webbook.nist.gov/cgi/cbook.cgi?JCAMP=C1186523&Index=7&Type=IR	reason=download_http_404	message=
2026-07-03 02:25:53	cid=176	cas=64-19-7	modality=ir	url=https://webbook.nist.gov/cgi/cbook.cgi?JCAMP=C1186523&Index=8&Type=IR	reason=download_http_404	message=
2026-07-03 02:25:57	cid=176	cas=64-19-7	modality=ir	url=https://webbook.nist.gov/cgi/cbook.cgi?JCAMP=C1186523&Index=9&Type=IR	reason=download_http_404	message=
2026-07-03 02:25:57	cid=176	cas=64-19-7	modality=uvvis	url=https://webbook.nist.gov/cgi/cbook.cgi?JCAMP=C1186523&Index=0&Type=UVVis	reason=download_http_404	message=
2026-07-03 02:26:01	cid=176	cas=64-19-7	modality=uvvis	url=https://webbook.nist.gov/cgi/cbook.cgi?JCAMP=C1186523&Index=1&Type=UVVis	reason=download_http_404	message=
2026-07-03 02:26:05	cid=176	cas=64-19-7	modality=uvvis	url=https://webbook.nist.gov/cgi/cbook.cgi?JCAMP=C1186523&Index=2&Type=UVVis	reason=download_http_404	message=
2026-07-03 02:26:06	cid=176	cas=64-19-7	modality=uvvis	url=https://webbook.nist.gov/cgi/cbook.cgi?JCAMP=C1186523&Index=3&Type=UVVis	reason=download_http_404	message=
2026-07-03 02:26:10	cid=176	cas=64-19-7	modality=uvvis	url=https://webbook.nist.gov/cgi/cbook.cgi?JCAMP=C1186523&Index=4&Type=UVVis	reason=download_http_404	message=
2026-07-03 02:26:14	cid=176	cas=64-19-7	modality=uvvis	url=https://webbook.nist.gov/cgi/cbook.cgi?JCAMP=C1186523&Index=5&Type=UVVis	reason=download_http_404	message=
2026-07-03 02:26:14	cid=176	cas=64-19-7	modality=uvvis	url=https://webbook.nist.gov/cgi/cbook.cgi?JCAMP=C1186523&Index=6&Type=UVVis	reason=download_http_404	message=
2026-07-03 02:26:18	cid=176	cas=64-19-7	modality=uvvis	url=https://webbook.nist.gov/cgi/cbook.cgi?JCAMP=C1186523&Index=7&Type=UVVis	reason=download_http_404	message=
2026-07-03 02:26:22	cid=176	cas=64-19-7	modality=uvvis	url=https://webbook.nist.gov/cgi/cbook.cgi?JCAMP=C1186523&Index=8&Type=UVVis	reason=download_http_404	message=
2026-07-03 02:26:22	cid=176	cas=64-19-7	modality=uvvis	url=https://webbook.nist.gov/cgi/cbook.cgi?JCAMP=C1186523&Index=9&Type=UVVis	reason=download_http_404	message=
2026-07-03 02:26:22	cid=176	cas=64-19-7	modality=	url=https://webbook.nist.gov/cgi/cbook.cgi?ID=64-19-7&Units=SI&Mask=480	reason=all_jcamp_downloads_failed	message=ir:download_http_404;ir:download_http_404;ir:download_http_404;ir:download_http_404;ir:download_http_404;ir:download_http_404;ir:download_http_404;ir:download_http_404;ir:download_http_404;ir:download_http_404;uvvis:download_http_404;uvvis:download_http_404;uvvis:download_http_404;uvvis:download_http_404;uvvis:download_http_404;uvvis:download_http_404;uvvis:download_http_404;uvvis:download_http_404;uvvis:download_http_404;uvvis:download_http_404
2026-07-03 02:26:24	cid=177	cas=75-07-0	modality=ir	url=https://webbook.nist.gov/cgi/cbook.cgi?JCAMP=C75070&Index=3&Type=IR	reason=download_http_404	message=
2026-07-03 02:26:24	cid=177	cas=75-07-0	modality=ir	url=https://webbook.nist.gov/cgi/cbook.cgi?JCAMP=C75070&Index=4&Type=IR	reason=download_http_404	message=
2026-07-03 02:26:25	cid=177	cas=75-07-0	modality=ir	url=https://webbook.nist.gov/cgi/cbook.cgi?JCAMP=C75070&Index=5&Type=IR	reason=download_http_404	message=
2026-07-03 02:26:35	cid=177	cas=75-07-0	modality=ir	url=https://webbook.nist.gov/cgi/cbook.cgi?JCAMP=C75070&Index=6&Type=IR	reason=download_http_404	message=
2026-07-03 02:26:35	cid=177	cas=75-07-0	modality=ir	url=https://webbook.nist.gov/cgi/cbook.cgi?JCAMP=C75070&Index=7&Type=IR	reason=download_http_404	message=
2026-07-03 02:26:36	cid=177	cas=75-07-0	modality=ir	url=https://webbook.nist.gov/cgi/cbook.cgi?JCAMP=C75070&Index=8&Type=IR	reason=download_http_404	message=
2026-07-03 02:26:36	cid=177	cas=75-07-0	modality=ir	url=https://webbook.nist.gov/cgi/cbook.cgi?JCAMP=C75070&Index=9&Type=IR	reason=download_http_404	message=
2026-07-03 02:26:36	cid=177	cas=75-07-0	modality=uvvis	url=https://webbook.nist.gov/cgi/cbook.cgi?JCAMP=C75070&Index=1&Type=UVVis	reason=download_http_404	message=
2026-07-03 02:26:47	cid=177	cas=75-07-0	modality=uvvis	url=https://webbook.nist.gov/cgi/cbook.cgi?JCAMP=C75070&Index=2&Type=UVVis	reason=download_http_404	message=
2026-07-03 02:26:47	cid=177	cas=75-07-0	modality=uvvis	url=https://webbook.nist.gov/cgi/cbook.cgi?JCAMP=C75070&Index=3&Type=UVVis	reason=download_http_404	message=
2026-07-03 02:26:47	cid=177	cas=75-07-0	modality=uvvis	url=https://webbook.nist.gov/cgi/cbook.cgi?JCAMP=C75070&Index=4&Type=UVVis	reason=download_http_404	message=
2026-07-03 02:26:48	cid=177	cas=75-07-0	modality=uvvis	url=https://webbook.nist.gov/cgi/cbook.cgi?JCAMP=C75070&Index=5&Type=UVVis	reason=download_http_404	message=
2026-07-03 02:26:48	cid=177	cas=75-07-0	modality=uvvis	url=https://webbook.nist.gov/cgi/cbook.cgi?JCAMP=C75070&Index=6&Type=UVVis	reason=download_http_404	message=
2026-07-03 02:26:52	cid=177	cas=75-07-0	modality=uvvis	url=https://webbook.nist.gov/cgi/cbook.cgi?JCAMP=C75070&Index=7&Type=UVVis	reason=download_http_404	message=
2026-07-03 02:26:56	cid=177	cas=75-07-0	modality=uvvis	url=https://webbook.nist.gov/cgi/cbook.cgi?JCAMP=C75070&Index=8&Type=UVVis	reason=download_http_404	message=
2026-07-03 02:26:57	cid=177	cas=75-07-0	modality=uvvis	url=https://webbook.nist.gov/cgi/cbook.cgi?JCAMP=C75070&Index=9&Type=UVVis	reason=download_http_404	message=
2026-07-03 02:26:57	cid=177	cas=75-07-0	modality=	url=https://webbook.nist.gov/cgi/cbook.cgi?ID=75-07-0&Units=SI&Mask=480	reason=all_jcamp_downloads_failed	message=ir:download_http_404;ir:download_http_404;ir:download_http_404;ir:download_http_404;ir:download_http_404;ir:download_http_404;ir:download_http_404;uvvis:download_http_404;uvvis:download_http_404;uvvis:download_http_404;uvvis:download_http_404;uvvis:download_http_404;uvvis:download_http_404;uvvis:download_http_404;uvvis:download_http_404;uvvis:download_http_404
2026-07-03 02:26:59	cid=178	cas=60-35-5	modality=ir	url=https://webbook.nist.gov/cgi/cbook.cgi?JCAMP=C60355&Index=3&Type=IR	reason=download_http_404	message=
2026-07-03 02:26:59	cid=178	cas=60-35-5	modality=ir	url=https://webbook.nist.gov/cgi/cbook.cgi?JCAMP=C60355&Index=4&Type=IR	reason=download_http_404	message=
2026-07-03 02:26:59	cid=178	cas=60-35-5	modality=ir	url=https://webbook.nist.gov/cgi/cbook.cgi?JCAMP=C60355&Index=5&Type=IR	reason=download_http_404	message=
2026-07-03 02:27:10	cid=178	cas=60-35-5	modality=ir	url=https://webbook.nist.gov/cgi/cbook.cgi?JCAMP=C60355&Index=6&Type=IR	reason=download_http_404	message=
2026-07-03 02:27:10	cid=178	cas=60-35-5	modality=ir	url=https://webbook.nist.gov/cgi/cbook.cgi?JCAMP=C60355&Index=7&Type=IR	reason=download_http_404	message=
2026-07-03 02:27:10	cid=178	cas=60-35-5	modality=ir	url=https://webbook.nist.gov/cgi/cbook.cgi?JCAMP=C60355&Index=8&Type=IR	reason=download_http_404	message=
2026-07-03 02:27:11	cid=178	cas=60-35-5	modality=ir	url=https://webbook.nist.gov/cgi/cbook.cgi?JCAMP=C60355&Index=9&Type=IR	reason=download_http_404	message=
2026-07-03 02:27:11	cid=178	cas=60-35-5	modality=	url=https://webbook.nist.gov/cgi/cbook.cgi?ID=60-35-5&Units=SI&Mask=480	reason=all_jcamp_downloads_failed	message=ir:download_http_404;ir:download_http_404;ir:download_http_404;ir:download_http_404;ir:download_http_404;ir:download_http_404;ir:download_http_404
2026-07-03 02:27:12	cid=179	cas=513-86-0	modality=ir	url=https://webbook.nist.gov/cgi/cbook.cgi?JCAMP=C52217024&Index=0&Type=IR	reason=download_http_404	message=
2026-07-03 02:27:16	cid=179	cas=513-86-0	modality=ir	url=https://webbook.nist.gov/cgi/cbook.cgi?JCAMP=C52217024&Index=1&Type=IR	reason=download_http_404	message=
2026-07-03 02:27:17	cid=179	cas=513-86-0	modality=ir	url=https://webbook.nist.gov/cgi/cbook.cgi?JCAMP=C52217024&Index=2&Type=IR	reason=download_http_404	message=
2026-07-03 02:27:17	cid=179	cas=513-86-0	modality=ir	url=https://webbook.nist.gov/cgi/cbook.cgi?JCAMP=C52217024&Index=3&Type=IR	reason=download_http_404	message=
2026-07-03 02:27:18	cid=179	cas=513-86-0	modality=ir	url=https://webbook.nist.gov/cgi/cbook.cgi?JCAMP=C52217024&Index=4&Type=IR	reason=download_http_404	message=
2026-07-03 02:27:22	cid=179	cas=513-86-0	modality=ir	url=https://webbook.nist.gov/cgi/cbook.cgi?JCAMP=C52217024&Index=5&Type=IR	reason=download_http_404	message=
2026-07-03 02:27:22	cid=179	cas=513-86-0	modality=ir	url=https://webbook.nist.gov/cgi/cbook.cgi?JCAMP=C52217024&Index=6&Type=IR	reason=download_http_404	message=
2026-07-03 02:27:26	cid=179	cas=513-86-0	modality=ir	url=https://webbook.nist.gov/cgi/cbook.cgi?JCAMP=C52217024&Index=7&Type=IR	reason=download_http_404	message=
2026-07-03 02:27:30	cid=179	cas=513-86-0	modality=ir	url=https://webbook.nist.gov/cgi/cbook.cgi?JCAMP=C52217024&Index=8&Type=IR	reason=download_http_404	message=
2026-07-03 02:27:31	cid=179	cas=513-86-0	modality=ir	url=https://webbook.nist.gov/cgi/cbook.cgi?JCAMP=C52217024&Index=9&Type=IR	reason=download_http_404	message=
2026-07-03 02:27:31	cid=179	cas=513-86-0	modality=	url=https://webbook.nist.gov/cgi/cbook.cgi?ID=513-86-0&Units=SI&Mask=480	reason=all_jcamp_downloads_failed	message=ir:download_http_404;ir:download_http_404;ir:download_http_404;ir:download_http_404;ir:download_http_404;ir:download_http_404;ir:download_http_404;ir:download_http_404;ir:download_http_404;ir:download_http_404
2026-07-03 02:27:32	cid=180	cas=67-64-1	modality=ir	url=https://webbook.nist.gov/cgi/cbook.cgi?JCAMP=C666524&Index=0&Type=IR	reason=download_http_404	message=
2026-07-03 02:27:32	cid=180	cas=67-64-1	modality=ir	url=https://webbook.nist.gov/cgi/cbook.cgi?JCAMP=C666524&Index=1&Type=IR	reason=download_http_404	message=
2026-07-03 02:27:33	cid=180	cas=67-64-1	modality=ir	url=https://webbook.nist.gov/cgi/cbook.cgi?JCAMP=C666524&Index=2&Type=IR	reason=download_http_404	message=
2026-07-03 02:27:43	cid=180	cas=67-64-1	modality=ir	url=https://webbook.nist.gov/cgi/cbook.cgi?JCAMP=C666524&Index=3&Type=IR	reason=download_http_404	message=
2026-07-03 02:27:44	cid=180	cas=67-64-1	modality=ir	url=https://webbook.nist.gov/cgi/cbook.cgi?JCAMP=C666524&Index=4&Type=IR	reason=download_http_404	message=
2026-07-03 02:27:44	cid=180	cas=67-64-1	modality=ir	url=https://webbook.nist.gov/cgi/cbook.cgi?JCAMP=C666524&Index=5&Type=IR	reason=download_http_404	message=
2026-07-03 02:27:44	cid=180	cas=67-64-1	modality=ir	url=https://webbook.nist.gov/cgi/cbook.cgi?JCAMP=C666524&Index=6&Type=IR	reason=download_http_404	message=
2026-07-03 02:27:45	cid=180	cas=67-64-1	modality=ir	url=https://webbook.nist.gov/cgi/cbook.cgi?JCAMP=C666524&Index=7&Type=IR	reason=download_http_404	message=
2026-07-03 02:27:55	cid=180	cas=67-64-1	modality=ir	url=https://webbook.nist.gov/cgi/cbook.cgi?JCAMP=C666524&Index=8&Type=IR	reason=download_http_404	message=
2026-07-03 02:27:55	cid=180	cas=67-64-1	modality=ir	url=https://webbook.nist.gov/cgi/cbook.cgi?JCAMP=C666524&Index=9&Type=IR	reason=download_http_404	message=
2026-07-03 02:27:56	cid=180	cas=67-64-1	modality=uvvis	url=https://webbook.nist.gov/cgi/cbook.cgi?JCAMP=C666524&Index=0&Type=UVVis	reason=download_http_404	message=
2026-07-03 02:27:56	cid=180	cas=67-64-1	modality=uvvis	url=https://webbook.nist.gov/cgi/cbook.cgi?JCAMP=C666524&Index=1&Type=UVVis	reason=download_http_404	message=
2026-07-03 02:27:56	cid=180	cas=67-64-1	modality=uvvis	url=https://webbook.nist.gov/cgi/cbook.cgi?JCAMP=C666524&Index=2&Type=UVVis	reason=download_http_404	message=
2026-07-03 02:28:07	cid=180	cas=67-64-1	modality=uvvis	url=https://webbook.nist.gov/cgi/cbook.cgi?JCAMP=C666524&Index=3&Type=UVVis	reason=download_http_404	message=
2026-07-03 02:28:07	cid=180	cas=67-64-1	modality=uvvis	url=https://webbook.nist.gov/cgi/cbook.cgi?JCAMP=C666524&Index=4&Type=UVVis	reason=download_http_404	message=
2026-07-03 02:28:07	cid=180	cas=67-64-1	modality=uvvis	url=https://webbook.nist.gov/cgi/cbook.cgi?JCAMP=C666524&Index=5&Type=UVVis	reason=download_http_404	message=
2026-07-03 02:28:08	cid=180	cas=67-64-1	modality=uvvis	url=https://webbook.nist.gov/cgi/cbook.cgi?JCAMP=C666524&Index=6&Type=UVVis	reason=download_http_404	message=
2026-07-03 02:28:08	cid=180	cas=67-64-1	modality=uvvis	url=https://webbook.nist.gov/cgi/cbook.cgi?JCAMP=C666524&Index=7&Type=UVVis	reason=download_http_404	message=
2026-07-03 02:28:18	cid=180	cas=67-64-1	modality=uvvis	url=https://webbook.nist.gov/cgi/cbook.cgi?JCAMP=C666524&Index=8&Type=UVVis	reason=download_http_404	message=
2026-07-03 02:28:19	cid=180	cas=67-64-1	modality=uvvis	url=https://webbook.nist.gov/cgi/cbook.cgi?JCAMP=C666524&Index=9&Type=UVVis	reason=download_http_404	message=
2026-07-03 02:28:19	cid=180	cas=67-64-1	modality=	url=https://webbook.nist.gov/cgi/cbook.cgi?ID=67-64-1&Units=SI&Mask=480	reason=all_jcamp_downloads_failed	message=ir:download_http_404;ir:download_http_404;ir:download_http_404;ir:download_http_404;ir:download_http_404;ir:download_http_404;ir:download_http_404;ir:download_http_404;ir:download_http_404;ir:download_http_404;uvvis:download_http_404;uvvis:download_http_404;uvvis:download_http_404;uvvis:download_http_404;uvvis:download_http_404;uvvis:download_http_404;uvvis:download_http_404;uvvis:download_http_404;uvvis:download_http_404;uvvis:download_http_404
2026-07-03 02:28:19	cid=180	cas=67-64-1	modality=	url=	reason=unexpected_OSError	message=[Errno 22] Invalid argument
2026-07-03 02:29:23	cid=184	cas=	modality=	url=	reason=not_found	message=no_cas_in_synonyms
2026-07-03 02:29:24	cid=185	cas=5817-08-3	modality=	url=https://webbook.nist.gov/cgi/cbook.cgi?ID=5817-08-3&Units=SI&Mask=480	reason=nist_not_found	message=
2026-07-03 02:29:25	cid=186	cas=590-54-5	modality=	url=https://webbook.nist.gov/cgi/cbook.cgi?ID=590-54-5&Units=SI&Mask=480	reason=nist_not_found	message=
2026-07-03 02:29:25	cid=187	cas=51-84-3	modality=	url=https://webbook.nist.gov/cgi/cbook.cgi?ID=51-84-3&Units=SI&Mask=480	reason=nist_not_found	message=
2026-07-03 02:29:26	cid=188	cas=	modality=	url=	reason=not_found	message=pubchem_synonyms_404
2026-07-03 02:29:26	cid=189	cas=4985-36-8	modality=	url=https://webbook.nist.gov/cgi/cbook.cgi?ID=4985-36-8&Units=SI&Mask=480	reason=nist_not_found	message=
2026-07-03 02:29:27	cid=190	cas=73-24-5	modality=ir	url=https://webbook.nist.gov/cgi/cbook.cgi?JCAMP=C73245&Index=3&Type=IR	reason=download_http_404	message=
2026-07-03 02:29:27	cid=190	cas=73-24-5	modality=ir	url=https://webbook.nist.gov/cgi/cbook.cgi?JCAMP=C73245&Index=4&Type=IR	reason=download_http_404	message=
2026-07-03 02:29:28	cid=190	cas=73-24-5	modality=ir	url=https://webbook.nist.gov/cgi/cbook.cgi?JCAMP=C73245&Index=5&Type=IR	reason=download_http_404	message=
2026-07-03 02:29:28	cid=190	cas=73-24-5	modality=ir	url=https://webbook.nist.gov/cgi/cbook.cgi?JCAMP=C73245&Index=6&Type=IR	reason=download_http_404	message=
2026-07-03 02:29:28	cid=190	cas=73-24-5	modality=ir	url=https://webbook.nist.gov/cgi/cbook.cgi?JCAMP=C73245&Index=7&Type=IR	reason=download_http_404	message=
2026-07-03 02:29:39	cid=190	cas=73-24-5	modality=ir	url=https://webbook.nist.gov/cgi/cbook.cgi?JCAMP=C73245&Index=8&Type=IR	reason=download_http_404	message=
2026-07-03 02:29:39	cid=190	cas=73-24-5	modality=ir	url=https://webbook.nist.gov/cgi/cbook.cgi?JCAMP=C73245&Index=9&Type=IR	reason=download_http_404	message=
2026-07-03 02:29:39	cid=190	cas=73-24-5	modality=	url=https://webbook.nist.gov/cgi/cbook.cgi?ID=73-24-5&Units=SI&Mask=480	reason=all_jcamp_downloads_failed	message=ir:download_http_404;ir:download_http_404;ir:download_http_404;ir:download_http_404;ir:download_http_404;ir:download_http_404;ir:download_http_404
2026-07-03 02:29:39	cid=191	cas=3228-71-5	modality=	url=https://webbook.nist.gov/cgi/cbook.cgi?ID=3228-71-5&Units=SI&Mask=480	reason=nist_not_found	message=
2026-07-03 02:29:40	cid=192	cas=	modality=	url=	reason=not_found	message=no_cas_in_synonyms
2026-07-03 02:29:40	cid=193	cas=53276-26-9	modality=	url=https://webbook.nist.gov/cgi/cbook.cgi?ID=53276-26-9&Units=SI&Mask=480	reason=nist_not_found	message=
2026-07-03 02:29:40	cid=195	cas=	modality=	url=	reason=not_found	message=no_cas_in_synonyms
2026-07-03 02:29:41	cid=196	cas=124-04-9	modality=ir	url=https://webbook.nist.gov/cgi/cbook.cgi?JCAMP=C124049&Index=2&Type=IR	reason=download_http_404	message=
2026-07-03 02:29:42	cid=196	cas=124-04-9	modality=ir	url=https://webbook.nist.gov/cgi/cbook.cgi?JCAMP=C124049&Index=3&Type=IR	reason=download_http_404	message=
2026-07-03 02:29:42	cid=196	cas=124-04-9	modality=ir	url=https://webbook.nist.gov/cgi/cbook.cgi?JCAMP=C124049&Index=4&Type=IR	reason=download_http_404	message=
2026-07-03 02:29:52	cid=196	cas=124-04-9	modality=ir	url=https://webbook.nist.gov/cgi/cbook.cgi?JCAMP=C124049&Index=5&Type=IR	reason=download_http_404	message=
2026-07-03 02:29:52	cid=196	cas=124-04-9	modality=ir	url=https://webbook.nist.gov/cgi/cbook.cgi?JCAMP=C124049&Index=6&Type=IR	reason=download_http_404	message=
2026-07-03 02:29:53	cid=196	cas=124-04-9	modality=ir	url=https://webbook.nist.gov/cgi/cbook.cgi?JCAMP=C124049&Index=7&Type=IR	reason=download_http_404	message=
2026-07-03 02:29:53	cid=196	cas=124-04-9	modality=ir	url=https://webbook.nist.gov/cgi/cbook.cgi?JCAMP=C124049&Index=8&Type=IR	reason=download_http_404	message=
2026-07-03 02:29:53	cid=196	cas=124-04-9	modality=ir	url=https://webbook.nist.gov/cgi/cbook.cgi?JCAMP=C124049&Index=9&Type=IR	reason=download_http_404	message=
2026-07-03 02:29:53	cid=196	cas=124-04-9	modality=	url=https://webbook.nist.gov/cgi/cbook.cgi?ID=124-04-9&Units=SI&Mask=480	reason=all_jcamp_downloads_failed	message=ir:download_http_404;ir:download_http_404;ir:download_http_404;ir:download_http_404;ir:download_http_404;ir:download_http_404;ir:download_http_404;ir:download_http_404
2026-07-03 02:29:54	cid=197	cas=2092-65-1	modality=	url=https://webbook.nist.gov/cgi/cbook.cgi?ID=2092-65-1&Units=SI&Mask=480	reason=nist_not_found	message=
2026-07-03 02:29:54	cid=198	cas=	modality=	url=	reason=not_found	message=no_cas_in_synonyms
2026-07-03 02:29:55	cid=199	cas=306-60-5	modality=	url=https://webbook.nist.gov/cgi/cbook.cgi?ID=306-60-5&Units=SI&Mask=480	reason=nist_not_found	message=
2026-07-03 02:29:55	cid=200	cas=132069-10-4	modality=	url=https://webbook.nist.gov/cgi/cbook.cgi?ID=132069-10-4&Units=SI&Mask=480	reason=nist_not_found	message=
2026-07-03 02:29:55	cid=201	cas=	modality=	url=	reason=not_found	message=pubchem_synonyms_404
2026-07-03 02:29:55	cid=202	cas=	modality=	url=	reason=not_found	message=no_cas_in_synonyms
2026-07-03 02:29:56	cid=203	cas=99-16-1	modality=	url=https://webbook.nist.gov/cgi/cbook.cgi?ID=99-16-1&Units=SI&Mask=480	reason=nist_not_found	message=
2026-07-03 02:30:00	cid=204	cas=97-59-6	modality=ir	url=https://webbook.nist.gov/cgi/cbook.cgi?JCAMP=C97596&Index=1&Type=IR	reason=download_http_404	message=
2026-07-03 02:30:01	cid=204	cas=97-59-6	modality=ir	url=https://webbook.nist.gov/cgi/cbook.cgi?JCAMP=C97596&Index=2&Type=IR	reason=download_http_404	message=
2026-07-03 02:30:01	cid=204	cas=97-59-6	modality=ir	url=https://webbook.nist.gov/cgi/cbook.cgi?JCAMP=C97596&Index=3&Type=IR	reason=download_http_404	message=
2026-07-03 02:30:11	cid=204	cas=97-59-6	modality=ir	url=https://webbook.nist.gov/cgi/cbook.cgi?JCAMP=C97596&Index=4&Type=IR	reason=download_http_404	message=
2026-07-03 02:30:12	cid=204	cas=97-59-6	modality=ir	url=https://webbook.nist.gov/cgi/cbook.cgi?JCAMP=C97596&Index=5&Type=IR	reason=download_http_404	message=
2026-07-03 02:30:12	cid=204	cas=97-59-6	modality=ir	url=https://webbook.nist.gov/cgi/cbook.cgi?JCAMP=C97596&Index=6&Type=IR	reason=download_http_404	message=
2026-07-03 02:30:12	cid=204	cas=97-59-6	modality=ir	url=https://webbook.nist.gov/cgi/cbook.cgi?JCAMP=C97596&Index=7&Type=IR	reason=download_http_404	message=
2026-07-03 02:30:13	cid=204	cas=97-59-6	modality=ir	url=https://webbook.nist.gov/cgi/cbook.cgi?JCAMP=C97596&Index=8&Type=IR	reason=download_http_404	message=
2026-07-03 02:30:23	cid=204	cas=97-59-6	modality=ir	url=https://webbook.nist.gov/cgi/cbook.cgi?JCAMP=C97596&Index=9&Type=IR	reason=download_http_404	message=
2026-07-03 02:30:23	cid=204	cas=97-59-6	modality=	url=https://webbook.nist.gov/cgi/cbook.cgi?ID=97-59-6&Units=SI&Mask=480	reason=all_jcamp_downloads_failed	message=ir:download_http_404;ir:download_http_404;ir:download_http_404;ir:download_http_404;ir:download_http_404;ir:download_http_404;ir:download_http_404;ir:download_http_404;ir:download_http_404
2026-07-03 02:30:24	cid=205	cas=80-68-2	modality=uvvis	url=https://webbook.nist.gov/cgi/cbook.cgi?JCAMP=C24830942&Index=0&Type=UVVis	reason=download_http_404	message=
2026-07-03 02:30:24	cid=205	cas=80-68-2	modality=uvvis	url=https://webbook.nist.gov/cgi/cbook.cgi?JCAMP=C24830942&Index=1&Type=UVVis	reason=download_http_404	message=
2026-07-03 02:30:24	cid=205	cas=80-68-2	modality=uvvis	url=https://webbook.nist.gov/cgi/cbook.cgi?JCAMP=C24830942&Index=2&Type=UVVis	reason=download_http_404	message=
2026-07-03 02:30:25	cid=205	cas=80-68-2	modality=uvvis	url=https://webbook.nist.gov/cgi/cbook.cgi?JCAMP=C24830942&Index=3&Type=UVVis	reason=download_http_404	message=
2026-07-03 02:30:36	cid=205	cas=80-68-2	modality=uvvis	url=https://webbook.nist.gov/cgi/cbook.cgi?JCAMP=C24830942&Index=4&Type=UVVis	reason=download_http_404	message=
2026-07-03 02:30:36	cid=205	cas=80-68-2	modality=uvvis	url=https://webbook.nist.gov/cgi/cbook.cgi?JCAMP=C24830942&Index=5&Type=UVVis	reason=download_http_404	message=
2026-07-03 02:30:36	cid=205	cas=80-68-2	modality=uvvis	url=https://webbook.nist.gov/cgi/cbook.cgi?JCAMP=C24830942&Index=6&Type=UVVis	reason=download_http_404	message=
2026-07-03 02:30:37	cid=205	cas=80-68-2	modality=uvvis	url=https://webbook.nist.gov/cgi/cbook.cgi?JCAMP=C24830942&Index=7&Type=UVVis	reason=download_http_404	message=
2026-07-03 02:30:37	cid=205	cas=80-68-2	modality=uvvis	url=https://webbook.nist.gov/cgi/cbook.cgi?JCAMP=C24830942&Index=8&Type=UVVis	reason=download_http_404	message=
2026-07-03 02:30:47	cid=205	cas=80-68-2	modality=uvvis	url=https://webbook.nist.gov/cgi/cbook.cgi?JCAMP=C24830942&Index=9&Type=UVVis	reason=download_http_404	message=
2026-07-03 02:30:47	cid=205	cas=80-68-2	modality=	url=https://webbook.nist.gov/cgi/cbook.cgi?ID=80-68-2&Units=SI&Mask=480	reason=all_jcamp_downloads_failed	message=uvvis:download_http_404;uvvis:download_http_404;uvvis:download_http_404;uvvis:download_http_404;uvvis:download_http_404;uvvis:download_http_404;uvvis:download_http_404;uvvis:download_http_404;uvvis:download_http_404;uvvis:download_http_404
2026-07-03 02:30:48	cid=206	cas=45009-62-9	modality=	url=https://webbook.nist.gov/cgi/cbook.cgi?ID=45009-62-9&Units=SI&Mask=480	reason=nist_not_found	message=
2026-07-03 02:30:48	cid=207	cas=2125941-25-3	modality=	url=https://webbook.nist.gov/cgi/cbook.cgi?ID=2125941-25-3&Units=SI&Mask=480	reason=nist_not_found	message=
2026-07-03 02:30:49	cid=208	cas=2071722-98-8	modality=	url=https://webbook.nist.gov/cgi/cbook.cgi?ID=2071722-98-8&Units=SI&Mask=480	reason=nist_not_found	message=
2026-07-03 02:30:49	cid=210	cas=	modality=	url=	reason=not_found	message=no_cas_in_synonyms
2026-07-03 02:30:49	cid=211	cas=13082-84-3	modality=	url=https://webbook.nist.gov/cgi/cbook.cgi?ID=13082-84-3&Units=SI&Mask=480	reason=nist_not_found	message=
2026-07-03 02:30:50	cid=212	cas=	modality=	url=	reason=not_found	message=pubchem_synonyms_404
2026-07-03 02:30:50	cid=213	cas=	modality=	url=	reason=not_found	message=no_cas_in_synonyms
2026-07-03 02:30:50	cid=214	cas=	modality=	url=	reason=not_found	message=no_cas_in_synonyms
2026-07-03 02:30:51	cid=215	cas=298-08-8	modality=	url=https://webbook.nist.gov/cgi/cbook.cgi?ID=298-08-8&Units=SI&Mask=480	reason=nist_not_found	message=
2026-07-03 02:30:51	cid=216	cas=945-94-8	modality=	url=https://webbook.nist.gov/cgi/cbook.cgi?ID=945-94-8&Units=SI&Mask=480	reason=nist_not_found	message=
2026-07-03 02:30:51	cid=217	cas=	modality=	url=	reason=not_found	message=no_cas_in_synonyms
2026-07-03 02:30:52	cid=219	cas=6531-42-6	modality=	url=https://webbook.nist.gov/cgi/cbook.cgi?ID=6531-42-6&Units=SI&Mask=480	reason=nist_not_found	message=
2026-07-03 02:30:52	cid=220	cas=3735-01-1	modality=	url=https://webbook.nist.gov/cgi/cbook.cgi?ID=3735-01-1&Units=SI&Mask=480	reason=no_jcamp_links	message=
2026-07-03 02:30:53	cid=221	cas=	modality=	url=	reason=not_found	message=no_cas_in_synonyms
2026-07-03 02:30:53	cid=224	cas=31077-38-0	modality=	url=https://webbook.nist.gov/cgi/cbook.cgi?ID=31077-38-0&Units=SI&Mask=480	reason=nist_not_found	message=
2026-07-03 02:30:53	cid=225	cas=	modality=	url=	reason=not_found	message=no_cas_in_synonyms
2026-07-03 02:30:53	cid=226	cas=	modality=	url=	reason=not_found	message=no_cas_in_synonyms
2026-07-03 02:30:54	cid=227	cas=118-92-3	modality=ir	url=https://webbook.nist.gov/cgi/cbook.cgi?JCAMP=C118923&Index=1&Type=IR	reason=download_http_404	message=
2026-07-03 02:30:55	cid=227	cas=118-92-3	modality=ir	url=https://webbook.nist.gov/cgi/cbook.cgi?JCAMP=C118923&Index=2&Type=IR	reason=download_http_404	message=
2026-07-03 02:30:55	cid=227	cas=118-92-3	modality=ir	url=https://webbook.nist.gov/cgi/cbook.cgi?JCAMP=C118923&Index=3&Type=IR	reason=download_http_404	message=
2026-07-03 02:30:55	cid=227	cas=118-92-3	modality=ir	url=https://webbook.nist.gov/cgi/cbook.cgi?JCAMP=C118923&Index=4&Type=IR	reason=download_http_404	message=
2026-07-03 02:30:56	cid=227	cas=118-92-3	modality=ir	url=https://webbook.nist.gov/cgi/cbook.cgi?JCAMP=C118923&Index=5&Type=IR	reason=download_http_404	message=
2026-07-03 02:31:06	cid=227	cas=118-92-3	modality=ir	url=https://webbook.nist.gov/cgi/cbook.cgi?JCAMP=C118923&Index=6&Type=IR	reason=download_http_404	message=
2026-07-03 02:31:06	cid=227	cas=118-92-3	modality=ir	url=https://webbook.nist.gov/cgi/cbook.cgi?JCAMP=C118923&Index=7&Type=IR	reason=download_http_404	message=
2026-07-03 02:31:07	cid=227	cas=118-92-3	modality=ir	url=https://webbook.nist.gov/cgi/cbook.cgi?JCAMP=C118923&Index=8&Type=IR	reason=download_http_404	message=
2026-07-03 02:31:07	cid=227	cas=118-92-3	modality=ir	url=https://webbook.nist.gov/cgi/cbook.cgi?JCAMP=C118923&Index=9&Type=IR	reason=download_http_404	message=
2026-07-03 02:31:07	cid=227	cas=118-92-3	modality=uvvis	url=https://webbook.nist.gov/cgi/cbook.cgi?JCAMP=C118923&Index=1&Type=UVVis	reason=download_http_404	message=
2026-07-03 02:31:17	cid=227	cas=118-92-3	modality=uvvis	url=https://webbook.nist.gov/cgi/cbook.cgi?JCAMP=C118923&Index=2&Type=UVVis	reason=download_http_404	message=
2026-07-03 02:31:18	cid=227	cas=118-92-3	modality=uvvis	url=https://webbook.nist.gov/cgi/cbook.cgi?JCAMP=C118923&Index=3&Type=UVVis	reason=download_http_404	message=
2026-07-03 02:31:18	cid=227	cas=118-92-3	modality=uvvis	url=https://webbook.nist.gov/cgi/cbook.cgi?JCAMP=C118923&Index=4&Type=UVVis	reason=download_http_404	message=
2026-07-03 02:31:18	cid=227	cas=118-92-3	modality=uvvis	url=https://webbook.nist.gov/cgi/cbook.cgi?JCAMP=C118923&Index=5&Type=UVVis	reason=download_http_404	message=
2026-07-03 02:31:19	cid=227	cas=118-92-3	modality=uvvis	url=https://webbook.nist.gov/cgi/cbook.cgi?JCAMP=C118923&Index=6&Type=UVVis	reason=download_http_404	message=
2026-07-03 02:31:29	cid=227	cas=118-92-3	modality=uvvis	url=https://webbook.nist.gov/cgi/cbook.cgi?JCAMP=C118923&Index=7&Type=UVVis	reason=download_http_404	message=
2026-07-03 02:31:29	cid=227	cas=118-92-3	modality=uvvis	url=https://webbook.nist.gov/cgi/cbook.cgi?JCAMP=C118923&Index=8&Type=UVVis	reason=download_http_404	message=
2026-07-03 02:31:30	cid=227	cas=118-92-3	modality=uvvis	url=https://webbook.nist.gov/cgi/cbook.cgi?JCAMP=C118923&Index=9&Type=UVVis	reason=download_http_404	message=
2026-07-03 02:31:30	cid=227	cas=118-92-3	modality=	url=https://webbook.nist.gov/cgi/cbook.cgi?ID=118-92-3&Units=SI&Mask=480	reason=all_jcamp_downloads_failed	message=ir:download_http_404;ir:download_http_404;ir:download_http_404;ir:download_http_404;ir:download_http_404;ir:download_http_404;ir:download_http_404;ir:download_http_404;ir:download_http_404;uvvis:download_http_404;uvvis:download_http_404;uvvis:download_http_404;uvvis:download_http_404;uvvis:download_http_404;uvvis:download_http_404;uvvis:download_http_404;uvvis:download_http_404;uvvis:download_http_404
2026-07-03 02:31:30	cid=228	cas=	modality=	url=	reason=not_found	message=no_cas_in_synonyms
2026-07-03 02:31:30	cid=229	cas=1132639-46-3	modality=	url=https://webbook.nist.gov/cgi/cbook.cgi?ID=1132639-46-3&Units=SI&Mask=480	reason=nist_not_found	message=
2026-07-03 02:31:31	cid=230	cas=	modality=	url=	reason=not_found	message=no_cas_in_synonyms
2026-07-03 02:31:31	cid=231	cas=1287387-84-1	modality=	url=https://webbook.nist.gov/cgi/cbook.cgi?ID=1287387-84-1&Units=SI&Mask=480	reason=nist_not_found	message=
2026-07-03 02:31:32	cid=232	cas=7200-25-1	modality=	url=https://webbook.nist.gov/cgi/cbook.cgi?ID=7200-25-1&Units=SI&Mask=480	reason=nist_not_found	message=
2026-07-03 02:31:32	cid=236	cas=3130-87-8	modality=	url=https://webbook.nist.gov/cgi/cbook.cgi?ID=3130-87-8&Units=SI&Mask=480	reason=nist_not_found	message=
2026-07-03 02:31:33	cid=237	cas=83-89-6	modality=	url=https://webbook.nist.gov/cgi/cbook.cgi?ID=83-89-6&Units=SI&Mask=480	reason=nist_not_found	message=
2026-07-03 02:31:33	cid=238	cas=11016-17-4	modality=	url=https://webbook.nist.gov/cgi/cbook.cgi?ID=11016-17-4&Units=SI&Mask=480	reason=nist_not_found	message=
2026-07-03 02:31:34	cid=239	cas=107-95-9	modality=	url=https://webbook.nist.gov/cgi/cbook.cgi?ID=107-95-9&Units=SI&Mask=480	reason=no_jcamp_links	message=
2026-07-03 02:31:35	cid=240	cas=100-52-7	modality=ir	url=https://webbook.nist.gov/cgi/cbook.cgi?JCAMP=C100527&Index=3&Type=IR	reason=download_http_404	message=
2026-07-03 02:31:35	cid=240	cas=100-52-7	modality=ir	url=https://webbook.nist.gov/cgi/cbook.cgi?JCAMP=C100527&Index=4&Type=IR	reason=download_http_404	message=
2026-07-03 02:31:35	cid=240	cas=100-52-7	modality=ir	url=https://webbook.nist.gov/cgi/cbook.cgi?JCAMP=C100527&Index=5&Type=IR	reason=download_http_404	message=
2026-07-03 02:31:35	cid=240	cas=100-52-7	modality=ir	url=https://webbook.nist.gov/cgi/cbook.cgi?JCAMP=C100527&Index=6&Type=IR	reason=download_http_404	message=
2026-07-03 02:31:36	cid=240	cas=100-52-7	modality=ir	url=https://webbook.nist.gov/cgi/cbook.cgi?JCAMP=C100527&Index=7&Type=IR	reason=download_http_404	message=
2026-07-03 02:31:46	cid=240	cas=100-52-7	modality=ir	url=https://webbook.nist.gov/cgi/cbook.cgi?JCAMP=C100527&Index=8&Type=IR	reason=download_http_404	message=
2026-07-03 02:31:46	cid=240	cas=100-52-7	modality=ir	url=https://webbook.nist.gov/cgi/cbook.cgi?JCAMP=C100527&Index=9&Type=IR	reason=download_http_404	message=
2026-07-03 02:31:47	cid=240	cas=100-52-7	modality=uvvis	url=https://webbook.nist.gov/cgi/cbook.cgi?JCAMP=C100527&Index=1&Type=UVVis	reason=download_http_404	message=
2026-07-03 02:31:47	cid=240	cas=100-52-7	modality=uvvis	url=https://webbook.nist.gov/cgi/cbook.cgi?JCAMP=C100527&Index=2&Type=UVVis	reason=download_http_404	message=
2026-07-03 02:31:47	cid=240	cas=100-52-7	modality=uvvis	url=https://webbook.nist.gov/cgi/cbook.cgi?JCAMP=C100527&Index=3&Type=UVVis	reason=download_http_404	message=
2026-07-03 02:31:58	cid=240	cas=100-52-7	modality=uvvis	url=https://webbook.nist.gov/cgi/cbook.cgi?JCAMP=C100527&Index=4&Type=UVVis	reason=download_http_404	message=
2026-07-03 02:31:58	cid=240	cas=100-52-7	modality=uvvis	url=https://webbook.nist.gov/cgi/cbook.cgi?JCAMP=C100527&Index=5&Type=UVVis	reason=download_http_404	message=
2026-07-03 02:31:58	cid=240	cas=100-52-7	modality=uvvis	url=https://webbook.nist.gov/cgi/cbook.cgi?JCAMP=C100527&Index=6&Type=UVVis	reason=download_http_404	message=
2026-07-03 02:31:59	cid=240	cas=100-52-7	modality=uvvis	url=https://webbook.nist.gov/cgi/cbook.cgi?JCAMP=C100527&Index=7&Type=UVVis	reason=download_http_404	message=
2026-07-03 02:31:59	cid=240	cas=100-52-7	modality=uvvis	url=https://webbook.nist.gov/cgi/cbook.cgi?JCAMP=C100527&Index=8&Type=UVVis	reason=download_http_404	message=
2026-07-03 02:32:09	cid=240	cas=100-52-7	modality=uvvis	url=https://webbook.nist.gov/cgi/cbook.cgi?JCAMP=C100527&Index=9&Type=UVVis	reason=download_http_404	message=
2026-07-03 02:32:09	cid=240	cas=100-52-7	modality=	url=https://webbook.nist.gov/cgi/cbook.cgi?ID=100-52-7&Units=SI&Mask=480	reason=all_jcamp_downloads_failed	message=ir:download_http_404;ir:download_http_404;ir:download_http_404;ir:download_http_404;ir:download_http_404;ir:download_http_404;ir:download_http_404;uvvis:download_http_404;uvvis:download_http_404;uvvis:download_http_404;uvvis:download_http_404;uvvis:download_http_404;uvvis:download_http_404;uvvis:download_http_404;uvvis:download_http_404;uvvis:download_http_404
2026-07-03 02:32:10	cid=241	cas=71-43-2	modality=ir	url=https://webbook.nist.gov/cgi/cbook.cgi?JCAMP=C1076433&Index=1&Type=IR	reason=download_http_404	message=
2026-07-03 02:32:10	cid=241	cas=71-43-2	modality=ir	url=https://webbook.nist.gov/cgi/cbook.cgi?JCAMP=C1076433&Index=2&Type=IR	reason=download_http_404	message=
2026-07-03 02:32:11	cid=241	cas=71-43-2	modality=ir	url=https://webbook.nist.gov/cgi/cbook.cgi?JCAMP=C1076433&Index=3&Type=IR	reason=download_http_404	message=
2026-07-03 02:32:11	cid=241	cas=71-43-2	modality=ir	url=https://webbook.nist.gov/cgi/cbook.cgi?JCAMP=C1076433&Index=4&Type=IR	reason=download_http_404	message=
2026-07-03 02:32:21	cid=241	cas=71-43-2	modality=ir	url=https://webbook.nist.gov/cgi/cbook.cgi?JCAMP=C1076433&Index=5&Type=IR	reason=download_http_404	message=
2026-07-03 02:32:22	cid=241	cas=71-43-2	modality=ir	url=https://webbook.nist.gov/cgi/cbook.cgi?JCAMP=C1076433&Index=6&Type=IR	reason=download_http_404	message=
2026-07-03 02:32:22	cid=241	cas=71-43-2	modality=ir	url=https://webbook.nist.gov/cgi/cbook.cgi?JCAMP=C1076433&Index=7&Type=IR	reason=download_http_404	message=
2026-07-03 02:32:22	cid=241	cas=71-43-2	modality=ir	url=https://webbook.nist.gov/cgi/cbook.cgi?JCAMP=C1076433&Index=8&Type=IR	reason=download_http_404	message=
2026-07-03 02:32:22	cid=241	cas=71-43-2	modality=ir	url=https://webbook.nist.gov/cgi/cbook.cgi?JCAMP=C1076433&Index=9&Type=IR	reason=download_http_404	message=
2026-07-03 02:32:33	cid=241	cas=71-43-2	modality=uvvis	url=https://webbook.nist.gov/cgi/cbook.cgi?JCAMP=C1076433&Index=0&Type=UVVis	reason=download_http_404	message=
2026-07-03 02:32:33	cid=241	cas=71-43-2	modality=uvvis	url=https://webbook.nist.gov/cgi/cbook.cgi?JCAMP=C1076433&Index=1&Type=UVVis	reason=download_http_404	message=
2026-07-03 02:32:33	cid=241	cas=71-43-2	modality=uvvis	url=https://webbook.nist.gov/cgi/cbook.cgi?JCAMP=C1076433&Index=2&Type=UVVis	reason=download_http_404	message=
2026-07-03 02:32:34	cid=241	cas=71-43-2	modality=uvvis	url=https://webbook.nist.gov/cgi/cbook.cgi?JCAMP=C1076433&Index=3&Type=UVVis	reason=download_http_404	message=
2026-07-03 02:32:34	cid=241	cas=71-43-2	modality=uvvis	url=https://webbook.nist.gov/cgi/cbook.cgi?JCAMP=C1076433&Index=4&Type=UVVis	reason=download_http_404	message=
2026-07-03 02:32:44	cid=241	cas=71-43-2	modality=uvvis	url=https://webbook.nist.gov/cgi/cbook.cgi?JCAMP=C1076433&Index=5&Type=UVVis	reason=download_http_404	message=
2026-07-03 02:32:44	cid=241	cas=71-43-2	modality=uvvis	url=https://webbook.nist.gov/cgi/cbook.cgi?JCAMP=C1076433&Index=6&Type=UVVis	reason=download_http_404	message=
2026-07-03 02:32:45	cid=241	cas=71-43-2	modality=uvvis	url=https://webbook.nist.gov/cgi/cbook.cgi?JCAMP=C1076433&Index=7&Type=UVVis	reason=download_http_404	message=
2026-07-03 02:32:45	cid=241	cas=71-43-2	modality=uvvis	url=https://webbook.nist.gov/cgi/cbook.cgi?JCAMP=C1076433&Index=8&Type=UVVis	reason=download_http_404	message=
2026-07-03 02:32:45	cid=241	cas=71-43-2	modality=uvvis	url=https://webbook.nist.gov/cgi/cbook.cgi?JCAMP=C1076433&Index=9&Type=UVVis	reason=download_http_404	message=
2026-07-03 02:32:45	cid=241	cas=71-43-2	modality=	url=https://webbook.nist.gov/cgi/cbook.cgi?ID=71-43-2&Units=SI&Mask=480	reason=all_jcamp_downloads_failed	message=ir:download_http_404;ir:download_http_404;ir:download_http_404;ir:download_http_404;ir:download_http_404;ir:download_http_404;ir:download_http_404;ir:download_http_404;ir:download_http_404;uvvis:download_http_404;uvvis:download_http_404;uvvis:download_http_404;uvvis:download_http_404;uvvis:download_http_404;uvvis:download_http_404;uvvis:download_http_404;uvvis:download_http_404;uvvis:download_http_404;uvvis:download_http_404
2026-07-03 02:32:46	cid=242	cas=766-76-7	modality=	url=https://webbook.nist.gov/cgi/cbook.cgi?ID=766-76-7&Units=SI&Mask=480	reason=no_jcamp_links	message=
2026-07-03 02:32:50	cid=243	cas=65-85-0	modality=ir	url=https://webbook.nist.gov/cgi/cbook.cgi?JCAMP=C65850&Index=6&Type=IR	reason=download_http_404	message=
2026-07-03 02:32:51	cid=243	cas=65-85-0	modality=ir	url=https://webbook.nist.gov/cgi/cbook.cgi?JCAMP=C65850&Index=7&Type=IR	reason=download_http_404	message=
2026-07-03 02:32:51	cid=243	cas=65-85-0	modality=ir	url=https://webbook.nist.gov/cgi/cbook.cgi?JCAMP=C65850&Index=8&Type=IR	reason=download_http_404	message=
2026-07-03 02:33:01	cid=243	cas=65-85-0	modality=ir	url=https://webbook.nist.gov/cgi/cbook.cgi?JCAMP=C65850&Index=9&Type=IR	reason=download_http_404	message=
2026-07-03 02:33:02	cid=243	cas=65-85-0	modality=uvvis	url=https://webbook.nist.gov/cgi/cbook.cgi?JCAMP=C65850&Index=1&Type=UVVis	reason=download_http_404	message=
2026-07-03 02:33:02	cid=243	cas=65-85-0	modality=uvvis	url=https://webbook.nist.gov/cgi/cbook.cgi?JCAMP=C65850&Index=2&Type=UVVis	reason=download_http_404	message=
2026-07-03 02:33:02	cid=243	cas=65-85-0	modality=uvvis	url=https://webbook.nist.gov/cgi/cbook.cgi?JCAMP=C65850&Index=3&Type=UVVis	reason=download_http_404	message=
2026-07-03 02:33:03	cid=243	cas=65-85-0	modality=uvvis	url=https://webbook.nist.gov/cgi/cbook.cgi?JCAMP=C65850&Index=4&Type=UVVis	reason=download_http_404	message=
2026-07-03 02:33:13	cid=243	cas=65-85-0	modality=uvvis	url=https://webbook.nist.gov/cgi/cbook.cgi?JCAMP=C65850&Index=5&Type=UVVis	reason=download_http_404	message=
2026-07-03 02:33:13	cid=243	cas=65-85-0	modality=uvvis	url=https://webbook.nist.gov/cgi/cbook.cgi?JCAMP=C65850&Index=6&Type=UVVis	reason=download_http_404	message=
2026-07-03 02:33:13	cid=243	cas=65-85-0	modality=uvvis	url=https://webbook.nist.gov/cgi/cbook.cgi?JCAMP=C65850&Index=7&Type=UVVis	reason=download_http_404	message=
2026-07-03 02:33:14	cid=243	cas=65-85-0	modality=uvvis	url=https://webbook.nist.gov/cgi/cbook.cgi?JCAMP=C65850&Index=8&Type=UVVis	reason=download_http_404	message=
2026-07-03 02:33:14	cid=243	cas=65-85-0	modality=uvvis	url=https://webbook.nist.gov/cgi/cbook.cgi?JCAMP=C65850&Index=9&Type=UVVis	reason=download_http_404	message=
2026-07-03 02:33:14	cid=243	cas=65-85-0	modality=	url=https://webbook.nist.gov/cgi/cbook.cgi?ID=65-85-0&Units=SI&Mask=480	reason=all_jcamp_downloads_failed	message=ir:download_http_404;ir:download_http_404;ir:download_http_404;ir:download_http_404;uvvis:download_http_404;uvvis:download_http_404;uvvis:download_http_404;uvvis:download_http_404;uvvis:download_http_404;uvvis:download_http_404;uvvis:download_http_404;uvvis:download_http_404;uvvis:download_http_404
2026-07-03 02:33:19	cid=244	cas=100-51-6	modality=ir	url=https://webbook.nist.gov/cgi/cbook.cgi?JCAMP=C100516&Index=2&Type=IR	reason=download_http_404	message=
2026-07-03 02:33:19	cid=244	cas=100-51-6	modality=ir	url=https://webbook.nist.gov/cgi/cbook.cgi?JCAMP=C100516&Index=3&Type=IR	reason=download_http_404	message=
2026-07-03 02:33:19	cid=244	cas=100-51-6	modality=ir	url=https://webbook.nist.gov/cgi/cbook.cgi?JCAMP=C100516&Index=4&Type=IR	reason=download_http_404	message=
2026-07-03 02:33:30	cid=244	cas=100-51-6	modality=ir	url=https://webbook.nist.gov/cgi/cbook.cgi?JCAMP=C100516&Index=5&Type=IR	reason=download_http_404	message=
2026-07-03 02:33:30	cid=244	cas=100-51-6	modality=ir	url=https://webbook.nist.gov/cgi/cbook.cgi?JCAMP=C100516&Index=6&Type=IR	reason=download_http_404	message=
2026-07-03 02:33:31	cid=244	cas=100-51-6	modality=ir	url=https://webbook.nist.gov/cgi/cbook.cgi?JCAMP=C100516&Index=7&Type=IR	reason=download_http_404	message=
2026-07-03 02:33:31	cid=244	cas=100-51-6	modality=ir	url=https://webbook.nist.gov/cgi/cbook.cgi?JCAMP=C100516&Index=8&Type=IR	reason=download_http_404	message=
2026-07-03 02:33:31	cid=244	cas=100-51-6	modality=ir	url=https://webbook.nist.gov/cgi/cbook.cgi?JCAMP=C100516&Index=9&Type=IR	reason=download_http_404	message=
2026-07-03 02:33:31	cid=244	cas=100-51-6	modality=	url=https://webbook.nist.gov/cgi/cbook.cgi?ID=100-51-6&Units=SI&Mask=480	reason=all_jcamp_downloads_failed	message=ir:download_http_404;ir:download_http_404;ir:download_http_404;ir:download_http_404;ir:download_http_404;ir:download_http_404;ir:download_http_404;ir:download_http_404
2026-07-03 02:33:32	cid=245	cas=82535-18-0	modality=	url=https://webbook.nist.gov/cgi/cbook.cgi?ID=82535-18-0&Units=SI&Mask=480	reason=nist_not_found	message=
2026-07-03 02:33:32	cid=246	cas=	modality=	url=	reason=not_found	message=no_cas_in_synonyms
2026-07-03 02:33:33	cid=247	cas=107-43-7	modality=	url=https://webbook.nist.gov/cgi/cbook.cgi?ID=107-43-7&Units=SI&Mask=480	reason=no_jcamp_links	message=
2026-07-03 02:33:33	cid=248	cas=6640-00-2	modality=	url=https://webbook.nist.gov/cgi/cbook.cgi?ID=6640-00-2&Units=SI&Mask=480	reason=nist_not_found	message=
2026-07-03 02:33:34	cid=249	cas=7418-61-3	modality=	url=https://webbook.nist.gov/cgi/cbook.cgi?ID=7418-61-3&Units=SI&Mask=480	reason=nist_not_found	message=
2026-07-03 02:33:34	cid=250	cas=	modality=	url=	reason=not_found	message=no_cas_in_synonyms
2026-07-03 02:33:35	cid=251	cas=114-25-0	modality=	url=https://webbook.nist.gov/cgi/cbook.cgi?ID=114-25-0&Units=SI&Mask=480	reason=nist_not_found	message=
2026-07-03 02:33:35	cid=253	cas=57378-70-8	modality=	url=https://webbook.nist.gov/cgi/cbook.cgi?ID=57378-70-8&Units=SI&Mask=480	reason=nist_not_found	message=
2026-07-03 02:33:36	cid=254	cas=1133-63-7	modality=	url=https://webbook.nist.gov/cgi/cbook.cgi?ID=1133-63-7&Units=SI&Mask=480	reason=nist_not_found	message=
2026-07-03 02:33:36	cid=255	cas=645-15-8	modality=ir	url=https://webbook.nist.gov/cgi/cbook.cgi?JCAMP=C645158&Index=1&Type=IR	reason=download_http_404	message=
2026-07-03 02:33:37	cid=255	cas=645-15-8	modality=ir	url=https://webbook.nist.gov/cgi/cbook.cgi?JCAMP=C645158&Index=2&Type=IR	reason=download_http_404	message=
2026-07-03 02:33:37	cid=255	cas=645-15-8	modality=ir	url=https://webbook.nist.gov/cgi/cbook.cgi?JCAMP=C645158&Index=3&Type=IR	reason=download_http_404	message=
2026-07-03 02:33:37	cid=255	cas=645-15-8	modality=ir	url=https://webbook.nist.gov/cgi/cbook.cgi?JCAMP=C645158&Index=4&Type=IR	reason=download_http_404	message=
2026-07-03 02:33:38	cid=255	cas=645-15-8	modality=ir	url=https://webbook.nist.gov/cgi/cbook.cgi?JCAMP=C645158&Index=5&Type=IR	reason=download_http_404	message=
2026-07-03 02:33:48	cid=255	cas=645-15-8	modality=ir	url=https://webbook.nist.gov/cgi/cbook.cgi?JCAMP=C645158&Index=6&Type=IR	reason=download_http_404	message=
2026-07-03 02:33:48	cid=255	cas=645-15-8	modality=ir	url=https://webbook.nist.gov/cgi/cbook.cgi?JCAMP=C645158&Index=7&Type=IR	reason=download_http_404	message=
2026-07-03 02:33:49	cid=255	cas=645-15-8	modality=ir	url=https://webbook.nist.gov/cgi/cbook.cgi?JCAMP=C645158&Index=8&Type=IR	reason=download_http_404	message=
2026-07-03 02:33:49	cid=255	cas=645-15-8	modality=ir	url=https://webbook.nist.gov/cgi/cbook.cgi?JCAMP=C645158&Index=9&Type=IR	reason=download_http_404	message=
2026-07-03 02:33:49	cid=255	cas=645-15-8	modality=	url=https://webbook.nist.gov/cgi/cbook.cgi?ID=645-15-8&Units=SI&Mask=480	reason=all_jcamp_downloads_failed	message=ir:download_http_404;ir:download_http_404;ir:download_http_404;ir:download_http_404;ir:download_http_404;ir:download_http_404;ir:download_http_404;ir:download_http_404;ir:download_http_404
2026-07-03 02:33:49	cid=257	cas=	modality=	url=	reason=not_found	message=pubchem_synonyms_404
2026-07-03 02:33:49	cid=258	cas=	modality=	url=	reason=not_found	message=no_cas_in_synonyms
2026-07-03 02:33:50	cid=261	cas=123-72-8	modality=ir	url=https://webbook.nist.gov/cgi/cbook.cgi?JCAMP=C123728&Index=1&Type=IR	reason=download_http_404	message=
2026-07-03 02:33:54	cid=261	cas=123-72-8	modality=ir	url=https://webbook.nist.gov/cgi/cbook.cgi?JCAMP=C123728&Index=2&Type=IR	reason=download_http_404	message=
2026-07-03 02:33:54	cid=261	cas=123-72-8	modality=ir	url=https://webbook.nist.gov/cgi/cbook.cgi?JCAMP=C123728&Index=3&Type=IR	reason=download_http_404	message=
2026-07-03 02:33:58	cid=261	cas=123-72-8	modality=ir	url=https://webbook.nist.gov/cgi/cbook.cgi?JCAMP=C123728&Index=4&Type=IR	reason=download_http_404	message=
2026-07-03 02:34:02	cid=261	cas=123-72-8	modality=ir	url=https://webbook.nist.gov/cgi/cbook.cgi?JCAMP=C123728&Index=5&Type=IR	reason=download_http_404	message=
2026-07-03 02:34:03	cid=261	cas=123-72-8	modality=ir	url=https://webbook.nist.gov/cgi/cbook.cgi?JCAMP=C123728&Index=6&Type=IR	reason=download_http_404	message=
2026-07-03 02:34:07	cid=261	cas=123-72-8	modality=ir	url=https://webbook.nist.gov/cgi/cbook.cgi?JCAMP=C123728&Index=7&Type=IR	reason=download_http_404	message=
2026-07-03 02:34:11	cid=261	cas=123-72-8	modality=ir	url=https://webbook.nist.gov/cgi/cbook.cgi?JCAMP=C123728&Index=8&Type=IR	reason=download_http_404	message=
2026-07-03 02:34:11	cid=261	cas=123-72-8	modality=ir	url=https://webbook.nist.gov/cgi/cbook.cgi?JCAMP=C123728&Index=9&Type=IR	reason=download_http_404	message=
2026-07-03 02:34:15	cid=261	cas=123-72-8	modality=uvvis	url=https://webbook.nist.gov/cgi/cbook.cgi?JCAMP=C123728&Index=1&Type=UVVis	reason=download_http_404	message=
2026-07-03 02:34:19	cid=261	cas=123-72-8	modality=uvvis	url=https://webbook.nist.gov/cgi/cbook.cgi?JCAMP=C123728&Index=2&Type=UVVis	reason=download_http_404	message=
2026-07-03 02:34:19	cid=261	cas=123-72-8	modality=uvvis	url=https://webbook.nist.gov/cgi/cbook.cgi?JCAMP=C123728&Index=3&Type=UVVis	reason=download_http_404	message=
2026-07-03 02:34:23	cid=261	cas=123-72-8	modality=uvvis	url=https://webbook.nist.gov/cgi/cbook.cgi?JCAMP=C123728&Index=4&Type=UVVis	reason=download_http_404	message=
2026-07-03 02:34:27	cid=261	cas=123-72-8	modality=uvvis	url=https://webbook.nist.gov/cgi/cbook.cgi?JCAMP=C123728&Index=5&Type=UVVis	reason=download_http_404	message=
2026-07-03 02:34:28	cid=261	cas=123-72-8	modality=uvvis	url=https://webbook.nist.gov/cgi/cbook.cgi?JCAMP=C123728&Index=6&Type=UVVis	reason=download_http_404	message=
2026-07-03 02:34:32	cid=261	cas=123-72-8	modality=uvvis	url=https://webbook.nist.gov/cgi/cbook.cgi?JCAMP=C123728&Index=7&Type=UVVis	reason=download_http_404	message=
2026-07-03 02:34:35	cid=261	cas=123-72-8	modality=uvvis	url=https://webbook.nist.gov/cgi/cbook.cgi?JCAMP=C123728&Index=8&Type=UVVis	reason=download_http_404	message=
2026-07-03 02:34:36	cid=261	cas=123-72-8	modality=uvvis	url=https://webbook.nist.gov/cgi/cbook.cgi?JCAMP=C123728&Index=9&Type=UVVis	reason=download_http_404	message=
2026-07-03 02:34:36	cid=261	cas=123-72-8	modality=	url=https://webbook.nist.gov/cgi/cbook.cgi?ID=123-72-8&Units=SI&Mask=480	reason=all_jcamp_downloads_failed	message=ir:download_http_404;ir:download_http_404;ir:download_http_404;ir:download_http_404;ir:download_http_404;ir:download_http_404;ir:download_http_404;ir:download_http_404;ir:download_http_404;uvvis:download_http_404;uvvis:download_http_404;uvvis:download_http_404;uvvis:download_http_404;uvvis:download_http_404;uvvis:download_http_404;uvvis:download_http_404;uvvis:download_http_404;uvvis:download_http_404
2026-07-03 02:34:37	cid=262	cas=513-85-9	modality=ir	url=https://webbook.nist.gov/cgi/cbook.cgi?JCAMP=C6982258&Index=0&Type=IR	reason=download_http_404	message=
2026-07-03 02:34:37	cid=262	cas=513-85-9	modality=ir	url=https://webbook.nist.gov/cgi/cbook.cgi?JCAMP=C6982258&Index=1&Type=IR	reason=download_http_404	message=
2026-07-03 02:34:37	cid=262	cas=513-85-9	modality=ir	url=https://webbook.nist.gov/cgi/cbook.cgi?JCAMP=C6982258&Index=2&Type=IR	reason=download_http_404	message=
2026-07-03 02:34:48	cid=262	cas=513-85-9	modality=ir	url=https://webbook.nist.gov/cgi/cbook.cgi?JCAMP=C6982258&Index=3&Type=IR	reason=download_http_404	message=
2026-07-03 02:34:48	cid=262	cas=513-85-9	modality=ir	url=https://webbook.nist.gov/cgi/cbook.cgi?JCAMP=C6982258&Index=4&Type=IR	reason=download_http_404	message=
2026-07-03 02:34:48	cid=262	cas=513-85-9	modality=ir	url=https://webbook.nist.gov/cgi/cbook.cgi?JCAMP=C6982258&Index=5&Type=IR	reason=download_http_404	message=
2026-07-03 02:34:48	cid=262	cas=513-85-9	modality=ir	url=https://webbook.nist.gov/cgi/cbook.cgi?JCAMP=C6982258&Index=6&Type=IR	reason=download_http_404	message=
2026-07-03 02:34:49	cid=262	cas=513-85-9	modality=ir	url=https://webbook.nist.gov/cgi/cbook.cgi?JCAMP=C6982258&Index=7&Type=IR	reason=download_http_404	message=
2026-07-03 02:34:59	cid=262	cas=513-85-9	modality=ir	url=https://webbook.nist.gov/cgi/cbook.cgi?JCAMP=C6982258&Index=8&Type=IR	reason=download_http_404	message=
2026-07-03 02:34:59	cid=262	cas=513-85-9	modality=ir	url=https://webbook.nist.gov/cgi/cbook.cgi?JCAMP=C6982258&Index=9&Type=IR	reason=download_http_404	message=
2026-07-03 02:34:59	cid=262	cas=513-85-9	modality=	url=https://webbook.nist.gov/cgi/cbook.cgi?ID=513-85-9&Units=SI&Mask=480	reason=all_jcamp_downloads_failed	message=ir:download_http_404;ir:download_http_404;ir:download_http_404;ir:download_http_404;ir:download_http_404;ir:download_http_404;ir:download_http_404;ir:download_http_404;ir:download_http_404;ir:download_http_404
2026-07-03 02:35:01	cid=264	cas=107-92-6	modality=ir	url=https://webbook.nist.gov/cgi/cbook.cgi?JCAMP=C107926&Index=2&Type=IR	reason=download_http_404	message=
2026-07-03 02:35:01	cid=264	cas=107-92-6	modality=ir	url=https://webbook.nist.gov/cgi/cbook.cgi?JCAMP=C107926&Index=3&Type=IR	reason=download_http_404	message=
2026-07-03 02:35:01	cid=264	cas=107-92-6	modality=ir	url=https://webbook.nist.gov/cgi/cbook.cgi?JCAMP=C107926&Index=4&Type=IR	reason=download_http_404	message=
2026-07-03 02:35:12	cid=264	cas=107-92-6	modality=ir	url=https://webbook.nist.gov/cgi/cbook.cgi?JCAMP=C107926&Index=5&Type=IR	reason=download_http_404	message=
2026-07-03 02:35:12	cid=264	cas=107-92-6	modality=ir	url=https://webbook.nist.gov/cgi/cbook.cgi?JCAMP=C107926&Index=6&Type=IR	reason=download_http_404	message=
2026-07-03 02:35:12	cid=264	cas=107-92-6	modality=ir	url=https://webbook.nist.gov/cgi/cbook.cgi?JCAMP=C107926&Index=7&Type=IR	reason=download_http_404	message=
2026-07-03 02:35:13	cid=264	cas=107-92-6	modality=ir	url=https://webbook.nist.gov/cgi/cbook.cgi?JCAMP=C107926&Index=8&Type=IR	reason=download_http_404	message=
2026-07-03 02:35:13	cid=264	cas=107-92-6	modality=ir	url=https://webbook.nist.gov/cgi/cbook.cgi?JCAMP=C107926&Index=9&Type=IR	reason=download_http_404	message=
2026-07-03 02:35:13	cid=264	cas=107-92-6	modality=	url=https://webbook.nist.gov/cgi/cbook.cgi?ID=107-92-6&Units=SI&Mask=480	reason=all_jcamp_downloads_failed	message=ir:download_http_404;ir:download_http_404;ir:download_http_404;ir:download_http_404;ir:download_http_404;ir:download_http_404;ir:download_http_404;ir:download_http_404
2026-07-03 02:35:13	cid=266	cas=4378-06-7	modality=	url=https://webbook.nist.gov/cgi/cbook.cgi?ID=4378-06-7&Units=SI&Mask=480	reason=nist_not_found	message=
2026-07-03 02:35:18	cid=273	cas=462-94-2	modality=ir	url=https://webbook.nist.gov/cgi/cbook.cgi?JCAMP=C462942&Index=1&Type=IR	reason=download_http_404	message=
2026-07-03 02:35:18	cid=273	cas=462-94-2	modality=ir	url=https://webbook.nist.gov/cgi/cbook.cgi?JCAMP=C462942&Index=2&Type=IR	reason=download_http_404	message=
2026-07-03 02:35:18	cid=273	cas=462-94-2	modality=ir	url=https://webbook.nist.gov/cgi/cbook.cgi?JCAMP=C462942&Index=3&Type=IR	reason=download_http_404	message=
2026-07-03 02:35:29	cid=273	cas=462-94-2	modality=ir	url=https://webbook.nist.gov/cgi/cbook.cgi?JCAMP=C462942&Index=4&Type=IR	reason=download_http_404	message=
2026-07-03 02:35:29	cid=273	cas=462-94-2	modality=ir	url=https://webbook.nist.gov/cgi/cbook.cgi?JCAMP=C462942&Index=5&Type=IR	reason=download_http_404	message=
2026-07-03 02:35:29	cid=273	cas=462-94-2	modality=ir	url=https://webbook.nist.gov/cgi/cbook.cgi?JCAMP=C462942&Index=6&Type=IR	reason=download_http_404	message=
2026-07-03 02:35:30	cid=273	cas=462-94-2	modality=ir	url=https://webbook.nist.gov/cgi/cbook.cgi?JCAMP=C462942&Index=7&Type=IR	reason=download_http_404	message=
2026-07-03 02:35:30	cid=273	cas=462-94-2	modality=ir	url=https://webbook.nist.gov/cgi/cbook.cgi?JCAMP=C462942&Index=8&Type=IR	reason=download_http_404	message=
2026-07-03 02:35:40	cid=273	cas=462-94-2	modality=ir	url=https://webbook.nist.gov/cgi/cbook.cgi?JCAMP=C462942&Index=9&Type=IR	reason=download_http_404	message=
2026-07-03 02:35:40	cid=273	cas=462-94-2	modality=	url=https://webbook.nist.gov/cgi/cbook.cgi?ID=462-94-2&Units=SI&Mask=480	reason=all_jcamp_downloads_failed	message=ir:download_http_404;ir:download_http_404;ir:download_http_404;ir:download_http_404;ir:download_http_404;ir:download_http_404;ir:download_http_404;ir:download_http_404;ir:download_http_404
2026-07-03 02:35:41	cid=274	cas=85187-54-8	modality=	url=https://webbook.nist.gov/cgi/cbook.cgi?ID=85187-54-8&Units=SI&Mask=480	reason=nist_not_found	message=
2026-07-03 02:35:41	cid=275	cas=13269-28-8	modality=	url=https://webbook.nist.gov/cgi/cbook.cgi?ID=13269-28-8&Units=SI&Mask=480	reason=nist_not_found	message=
2026-07-03 02:35:42	cid=276	cas=302-11-4	modality=	url=https://webbook.nist.gov/cgi/cbook.cgi?ID=302-11-4&Units=SI&Mask=480	reason=nist_not_found	message=
2026-07-03 02:35:42	cid=277	cas=463-77-4	modality=	url=https://webbook.nist.gov/cgi/cbook.cgi?ID=463-77-4&Units=SI&Mask=480	reason=nist_not_found	message=
2026-07-03 02:35:43	cid=278	cas=590-55-6	modality=	url=https://webbook.nist.gov/cgi/cbook.cgi?ID=590-55-6&Units=SI&Mask=480	reason=nist_not_found	message=
2026-07-03 02:35:44	cid=279	cas=923-37-5	modality=	url=https://webbook.nist.gov/cgi/cbook.cgi?ID=923-37-5&Units=SI&Mask=480	reason=nist_not_found	message=
2026-07-03 02:35:45	cid=280	cas=124-38-9	modality=ir	url=https://webbook.nist.gov/cgi/cbook.cgi?JCAMP=C124389&Index=2&Type=IR	reason=download_http_404	message=
2026-07-03 02:35:45	cid=280	cas=124-38-9	modality=ir	url=https://webbook.nist.gov/cgi/cbook.cgi?JCAMP=C124389&Index=3&Type=IR	reason=download_http_404	message=
2026-07-03 02:35:45	cid=280	cas=124-38-9	modality=ir	url=https://webbook.nist.gov/cgi/cbook.cgi?JCAMP=C124389&Index=4&Type=IR	reason=download_http_404	message=
2026-07-03 02:35:45	cid=280	cas=124-38-9	modality=ir	url=https://webbook.nist.gov/cgi/cbook.cgi?JCAMP=C124389&Index=5&Type=IR	reason=download_http_404	message=
2026-07-03 02:35:46	cid=280	cas=124-38-9	modality=ir	url=https://webbook.nist.gov/cgi/cbook.cgi?JCAMP=C124389&Index=6&Type=IR	reason=download_http_404	message=
2026-07-03 02:35:56	cid=280	cas=124-38-9	modality=ir	url=https://webbook.nist.gov/cgi/cbook.cgi?JCAMP=C124389&Index=7&Type=IR	reason=download_http_404	message=
2026-07-03 02:35:56	cid=280	cas=124-38-9	modality=ir	url=https://webbook.nist.gov/cgi/cbook.cgi?JCAMP=C124389&Index=8&Type=IR	reason=download_http_404	message=
2026-07-03 02:35:57	cid=280	cas=124-38-9	modality=ir	url=https://webbook.nist.gov/cgi/cbook.cgi?JCAMP=C124389&Index=9&Type=IR	reason=download_http_404	message=
2026-07-03 02:35:57	cid=280	cas=124-38-9	modality=	url=https://webbook.nist.gov/cgi/cbook.cgi?ID=124-38-9&Units=SI&Mask=480	reason=all_jcamp_downloads_failed	message=ir:download_http_404;ir:download_http_404;ir:download_http_404;ir:download_http_404;ir:download_http_404;ir:download_http_404;ir:download_http_404;ir:download_http_404
2026-07-03 02:35:57	cid=281	cas=630-08-0	modality=ir	url=https://webbook.nist.gov/cgi/cbook.cgi?JCAMP=C630080&Index=2&Type=IR	reason=download_http_404	message=
2026-07-03 02:35:58	cid=281	cas=630-08-0	modality=ir	url=https://webbook.nist.gov/cgi/cbook.cgi?JCAMP=C630080&Index=3&Type=IR	reason=download_http_404	message=
2026-07-03 02:36:02	cid=281	cas=630-08-0	modality=ir	url=https://webbook.nist.gov/cgi/cbook.cgi?JCAMP=C630080&Index=4&Type=IR	reason=download_http_404	message=
2026-07-03 02:36:06	cid=281	cas=630-08-0	modality=ir	url=https://webbook.nist.gov/cgi/cbook.cgi?JCAMP=C630080&Index=5&Type=IR	reason=download_http_404	message=
2026-07-03 02:36:06	cid=281	cas=630-08-0	modality=ir	url=https://webbook.nist.gov/cgi/cbook.cgi?JCAMP=C630080&Index=6&Type=IR	reason=download_http_404	message=
2026-07-03 02:36:10	cid=281	cas=630-08-0	modality=ir	url=https://webbook.nist.gov/cgi/cbook.cgi?JCAMP=C630080&Index=7&Type=IR	reason=download_http_404	message=
2026-07-03 02:36:14	cid=281	cas=630-08-0	modality=ir	url=https://webbook.nist.gov/cgi/cbook.cgi?JCAMP=C630080&Index=8&Type=IR	reason=download_http_404	message=
2026-07-03 02:36:14	cid=281	cas=630-08-0	modality=ir	url=https://webbook.nist.gov/cgi/cbook.cgi?JCAMP=C630080&Index=9&Type=IR	reason=download_http_404	message=
2026-07-03 02:36:14	cid=281	cas=630-08-0	modality=	url=https://webbook.nist.gov/cgi/cbook.cgi?ID=630-08-0&Units=SI&Mask=480	reason=all_jcamp_downloads_failed	message=ir:download_http_404;ir:download_http_404;ir:download_http_404;ir:download_http_404;ir:download_http_404;ir:download_http_404;ir:download_http_404;ir:download_http_404
2026-07-03 02:36:14	cid=282	cas=	modality=	url=	reason=not_found	message=no_cas_in_synonyms
2026-07-03 02:36:15	cid=283	cas=71-47-6	modality=	url=https://webbook.nist.gov/cgi/cbook.cgi?ID=71-47-6&Units=SI&Mask=480	reason=no_jcamp_links	message=
2026-07-03 02:36:16	cid=284	cas=64-18-6	modality=ir	url=https://webbook.nist.gov/cgi/cbook.cgi?JCAMP=C64186&Index=2&Type=IR	reason=download_http_404	message=
2026-07-03 02:36:16	cid=284	cas=64-18-6	modality=ir	url=https://webbook.nist.gov/cgi/cbook.cgi?JCAMP=C64186&Index=3&Type=IR	reason=download_http_404	message=
2026-07-03 02:36:16	cid=284	cas=64-18-6	modality=ir	url=https://webbook.nist.gov/cgi/cbook.cgi?JCAMP=C64186&Index=4&Type=IR	reason=download_http_404	message=
2026-07-03 02:36:27	cid=284	cas=64-18-6	modality=ir	url=https://webbook.nist.gov/cgi/cbook.cgi?JCAMP=C64186&Index=5&Type=IR	reason=download_http_404	message=
2026-07-03 02:36:27	cid=284	cas=64-18-6	modality=ir	url=https://webbook.nist.gov/cgi/cbook.cgi?JCAMP=C64186&Index=6&Type=IR	reason=download_http_404	message=
2026-07-03 02:36:27	cid=284	cas=64-18-6	modality=ir	url=https://webbook.nist.gov/cgi/cbook.cgi?JCAMP=C64186&Index=7&Type=IR	reason=download_http_404	message=
2026-07-03 02:36:28	cid=284	cas=64-18-6	modality=ir	url=https://webbook.nist.gov/cgi/cbook.cgi?JCAMP=C64186&Index=8&Type=IR	reason=download_http_404	message=
2026-07-03 02:36:28	cid=284	cas=64-18-6	modality=ir	url=https://webbook.nist.gov/cgi/cbook.cgi?JCAMP=C64186&Index=9&Type=IR	reason=download_http_404	message=
2026-07-03 02:36:28	cid=284	cas=64-18-6	modality=	url=https://webbook.nist.gov/cgi/cbook.cgi?ID=64-18-6&Units=SI&Mask=480	reason=all_jcamp_downloads_failed	message=ir:download_http_404;ir:download_http_404;ir:download_http_404;ir:download_http_404;ir:download_http_404;ir:download_http_404;ir:download_http_404;ir:download_http_404
2026-07-03 02:36:28	cid=285	cas=	modality=	url=	reason=not_found	message=no_cas_in_synonyms
2026-07-03 02:36:29	cid=286	cas=645-88-5	modality=	url=https://webbook.nist.gov/cgi/cbook.cgi?ID=645-88-5&Units=SI&Mask=480	reason=nist_not_found	message=
2026-07-03 02:36:29	cid=287	cas=	modality=	url=	reason=not_found	message=pubchem_synonyms_404
2026-07-03 02:36:29	cid=288	cas=406-76-8	modality=	url=https://webbook.nist.gov/cgi/cbook.cgi?ID=406-76-8&Units=SI&Mask=480	reason=nist_not_found	message=
2026-07-03 02:36:34	cid=289	cas=120-80-9	modality=ir	url=https://webbook.nist.gov/cgi/cbook.cgi?JCAMP=C120809&Index=1&Type=IR	reason=download_http_404	message=
2026-07-03 02:36:34	cid=289	cas=120-80-9	modality=ir	url=https://webbook.nist.gov/cgi/cbook.cgi?JCAMP=C120809&Index=2&Type=IR	reason=download_http_404	message=
2026-07-03 02:36:34	cid=289	cas=120-80-9	modality=ir	url=https://webbook.nist.gov/cgi/cbook.cgi?JCAMP=C120809&Index=3&Type=IR	reason=download_http_404	message=
2026-07-03 02:36:45	cid=289	cas=120-80-9	modality=ir	url=https://webbook.nist.gov/cgi/cbook.cgi?JCAMP=C120809&Index=4&Type=IR	reason=download_http_404	message=
2026-07-03 02:36:45	cid=289	cas=120-80-9	modality=ir	url=https://webbook.nist.gov/cgi/cbook.cgi?JCAMP=C120809&Index=5&Type=IR	reason=download_http_404	message=
2026-07-03 02:36:45	cid=289	cas=120-80-9	modality=ir	url=https://webbook.nist.gov/cgi/cbook.cgi?JCAMP=C120809&Index=6&Type=IR	reason=download_http_404	message=
2026-07-03 02:36:46	cid=289	cas=120-80-9	modality=ir	url=https://webbook.nist.gov/cgi/cbook.cgi?JCAMP=C120809&Index=7&Type=IR	reason=download_http_404	message=
2026-07-03 02:36:46	cid=289	cas=120-80-9	modality=ir	url=https://webbook.nist.gov/cgi/cbook.cgi?JCAMP=C120809&Index=8&Type=IR	reason=download_http_404	message=
2026-07-03 02:36:56	cid=289	cas=120-80-9	modality=ir	url=https://webbook.nist.gov/cgi/cbook.cgi?JCAMP=C120809&Index=9&Type=IR	reason=download_http_404	message=
2026-07-03 02:36:56	cid=289	cas=120-80-9	modality=uvvis	url=https://webbook.nist.gov/cgi/cbook.cgi?JCAMP=C120809&Index=1&Type=UVVis	reason=download_http_404	message=
2026-07-03 02:36:57	cid=289	cas=120-80-9	modality=uvvis	url=https://webbook.nist.gov/cgi/cbook.cgi?JCAMP=C120809&Index=2&Type=UVVis	reason=download_http_404	message=
2026-07-03 02:36:57	cid=289	cas=120-80-9	modality=uvvis	url=https://webbook.nist.gov/cgi/cbook.cgi?JCAMP=C120809&Index=3&Type=UVVis	reason=download_http_404	message=
2026-07-03 02:36:57	cid=289	cas=120-80-9	modality=uvvis	url=https://webbook.nist.gov/cgi/cbook.cgi?JCAMP=C120809&Index=4&Type=UVVis	reason=download_http_404	message=
2026-07-03 02:37:08	cid=289	cas=120-80-9	modality=uvvis	url=https://webbook.nist.gov/cgi/cbook.cgi?JCAMP=C120809&Index=5&Type=UVVis	reason=download_http_404	message=
2026-07-03 02:37:08	cid=289	cas=120-80-9	modality=uvvis	url=https://webbook.nist.gov/cgi/cbook.cgi?JCAMP=C120809&Index=6&Type=UVVis	reason=download_http_404	message=
2026-07-03 02:37:08	cid=289	cas=120-80-9	modality=uvvis	url=https://webbook.nist.gov/cgi/cbook.cgi?JCAMP=C120809&Index=7&Type=UVVis	reason=download_http_404	message=
2026-07-03 02:37:09	cid=289	cas=120-80-9	modality=uvvis	url=https://webbook.nist.gov/cgi/cbook.cgi?JCAMP=C120809&Index=8&Type=UVVis	reason=download_http_404	message=
2026-07-03 02:37:09	cid=289	cas=120-80-9	modality=uvvis	url=https://webbook.nist.gov/cgi/cbook.cgi?JCAMP=C120809&Index=9&Type=UVVis	reason=download_http_404	message=
2026-07-03 02:37:09	cid=289	cas=120-80-9	modality=	url=https://webbook.nist.gov/cgi/cbook.cgi?ID=120-80-9&Units=SI&Mask=480	reason=all_jcamp_downloads_failed	message=ir:download_http_404;ir:download_http_404;ir:download_http_404;ir:download_http_404;ir:download_http_404;ir:download_http_404;ir:download_http_404;ir:download_http_404;ir:download_http_404;uvvis:download_http_404;uvvis:download_http_404;uvvis:download_http_404;uvvis:download_http_404;uvvis:download_http_404;uvvis:download_http_404;uvvis:download_http_404;uvvis:download_http_404;uvvis:download_http_404
2026-07-03 02:37:09	cid=290	cas=	modality=	url=	reason=not_found	message=no_cas_in_synonyms
2026-07-03 02:37:09	cid=291	cas=	modality=	url=	reason=not_found	message=no_cas_in_synonyms
2026-07-03 02:37:09	cid=292	cas=	modality=	url=	reason=not_found	message=pubchem_synonyms_404
2026-07-03 02:37:10	cid=293	cas=	modality=	url=	reason=not_found	message=pubchem_synonyms_404
2026-07-03 02:37:10	cid=294	cas=13360-52-6	modality=	url=https://webbook.nist.gov/cgi/cbook.cgi?ID=13360-52-6&Units=SI&Mask=480	reason=nist_not_found	message=
2026-07-03 02:37:11	cid=296	cas=6236-08-4	modality=	url=https://webbook.nist.gov/cgi/cbook.cgi?ID=6236-08-4&Units=SI&Mask=480	reason=nist_not_found	message=
2026-07-03 02:37:11	cid=298	cas=579-51-1	modality=	url=https://webbook.nist.gov/cgi/cbook.cgi?ID=579-51-1&Units=SI&Mask=480	reason=nist_not_found	message=
2026-07-03 02:37:16	cid=299	cas=143-50-0	modality=ir	url=https://webbook.nist.gov/cgi/cbook.cgi?JCAMP=C143500&Index=1&Type=IR	reason=download_http_404	message=
2026-07-03 02:37:16	cid=299	cas=143-50-0	modality=ir	url=https://webbook.nist.gov/cgi/cbook.cgi?JCAMP=C143500&Index=2&Type=IR	reason=download_http_404	message=
2026-07-03 02:37:16	cid=299	cas=143-50-0	modality=ir	url=https://webbook.nist.gov/cgi/cbook.cgi?JCAMP=C143500&Index=3&Type=IR	reason=download_http_404	message=
2026-07-03 02:37:27	cid=299	cas=143-50-0	modality=ir	url=https://webbook.nist.gov/cgi/cbook.cgi?JCAMP=C143500&Index=4&Type=IR	reason=download_http_404	message=
2026-07-03 02:37:27	cid=299	cas=143-50-0	modality=ir	url=https://webbook.nist.gov/cgi/cbook.cgi?JCAMP=C143500&Index=5&Type=IR	reason=download_http_404	message=
2026-07-03 02:37:27	cid=299	cas=143-50-0	modality=ir	url=https://webbook.nist.gov/cgi/cbook.cgi?JCAMP=C143500&Index=6&Type=IR	reason=download_http_404	message=
2026-07-03 02:37:27	cid=299	cas=143-50-0	modality=ir	url=https://webbook.nist.gov/cgi/cbook.cgi?JCAMP=C143500&Index=7&Type=IR	reason=download_http_404	message=
2026-07-03 02:37:28	cid=299	cas=143-50-0	modality=ir	url=https://webbook.nist.gov/cgi/cbook.cgi?JCAMP=C143500&Index=8&Type=IR	reason=download_http_404	message=
2026-07-03 02:37:38	cid=299	cas=143-50-0	modality=ir	url=https://webbook.nist.gov/cgi/cbook.cgi?JCAMP=C143500&Index=9&Type=IR	reason=download_http_404	message=
2026-07-03 02:37:38	cid=299	cas=143-50-0	modality=	url=https://webbook.nist.gov/cgi/cbook.cgi?ID=143-50-0&Units=SI&Mask=480	reason=all_jcamp_downloads_failed	message=ir:download_http_404;ir:download_http_404;ir:download_http_404;ir:download_http_404;ir:download_http_404;ir:download_http_404;ir:download_http_404;ir:download_http_404;ir:download_http_404
2026-07-03 02:37:39	cid=300	cas=79-11-8	modality=ir	url=https://webbook.nist.gov/cgi/cbook.cgi?JCAMP=C79118&Index=2&Type=IR	reason=download_http_404	message=
2026-07-03 02:37:39	cid=300	cas=79-11-8	modality=ir	url=https://webbook.nist.gov/cgi/cbook.cgi?JCAMP=C79118&Index=3&Type=IR	reason=download_http_404	message=
2026-07-03 02:37:40	cid=300	cas=79-11-8	modality=ir	url=https://webbook.nist.gov/cgi/cbook.cgi?JCAMP=C79118&Index=4&Type=IR	reason=download_http_404	message=
2026-07-03 02:37:40	cid=300	cas=79-11-8	modality=ir	url=https://webbook.nist.gov/cgi/cbook.cgi?JCAMP=C79118&Index=5&Type=IR	reason=download_http_404	message=
2026-07-03 02:37:50	cid=300	cas=79-11-8	modality=ir	url=https://webbook.nist.gov/cgi/cbook.cgi?JCAMP=C79118&Index=6&Type=IR	reason=download_http_404	message=
2026-07-03 02:37:50	cid=300	cas=79-11-8	modality=ir	url=https://webbook.nist.gov/cgi/cbook.cgi?JCAMP=C79118&Index=7&Type=IR	reason=download_http_404	message=
2026-07-03 02:37:51	cid=300	cas=79-11-8	modality=ir	url=https://webbook.nist.gov/cgi/cbook.cgi?JCAMP=C79118&Index=8&Type=IR	reason=download_http_404	message=
2026-07-03 02:37:51	cid=300	cas=79-11-8	modality=ir	url=https://webbook.nist.gov/cgi/cbook.cgi?JCAMP=C79118&Index=9&Type=IR	reason=download_http_404	message=
2026-07-03 02:37:51	cid=300	cas=79-11-8	modality=uvvis	url=https://webbook.nist.gov/cgi/cbook.cgi?JCAMP=C79118&Index=1&Type=UVVis	reason=download_http_404	message=
2026-07-03 02:38:02	cid=300	cas=79-11-8	modality=uvvis	url=https://webbook.nist.gov/cgi/cbook.cgi?JCAMP=C79118&Index=2&Type=UVVis	reason=download_http_404	message=
2026-07-03 02:38:02	cid=300	cas=79-11-8	modality=uvvis	url=https://webbook.nist.gov/cgi/cbook.cgi?JCAMP=C79118&Index=3&Type=UVVis	reason=download_http_404	message=
2026-07-03 02:38:02	cid=300	cas=79-11-8	modality=uvvis	url=https://webbook.nist.gov/cgi/cbook.cgi?JCAMP=C79118&Index=4&Type=UVVis	reason=download_http_404	message=
2026-07-03 02:38:03	cid=300	cas=79-11-8	modality=uvvis	url=https://webbook.nist.gov/cgi/cbook.cgi?JCAMP=C79118&Index=5&Type=UVVis	reason=download_http_404	message=
2026-07-03 02:38:03	cid=300	cas=79-11-8	modality=uvvis	url=https://webbook.nist.gov/cgi/cbook.cgi?JCAMP=C79118&Index=6&Type=UVVis	reason=download_http_404	message=
2026-07-03 02:38:13	cid=300	cas=79-11-8	modality=uvvis	url=https://webbook.nist.gov/cgi/cbook.cgi?JCAMP=C79118&Index=7&Type=UVVis	reason=download_http_404	message=
2026-07-03 02:38:13	cid=300	cas=79-11-8	modality=uvvis	url=https://webbook.nist.gov/cgi/cbook.cgi?JCAMP=C79118&Index=8&Type=UVVis	reason=download_http_404	message=
2026-07-03 02:38:14	cid=300	cas=79-11-8	modality=uvvis	url=https://webbook.nist.gov/cgi/cbook.cgi?JCAMP=C79118&Index=9&Type=UVVis	reason=download_http_404	message=
2026-07-03 02:38:14	cid=300	cas=79-11-8	modality=	url=https://webbook.nist.gov/cgi/cbook.cgi?ID=79-11-8&Units=SI&Mask=480	reason=all_jcamp_downloads_failed	message=ir:download_http_404;ir:download_http_404;ir:download_http_404;ir:download_http_404;ir:download_http_404;ir:download_http_404;ir:download_http_404;ir:download_http_404;uvvis:download_http_404;uvvis:download_http_404;uvvis:download_http_404;uvvis:download_http_404;uvvis:download_http_404;uvvis:download_http_404;uvvis:download_http_404;uvvis:download_http_404;uvvis:download_http_404
2026-07-03 02:38:14	cid=301	cas=615-67-8	modality=	url=https://webbook.nist.gov/cgi/cbook.cgi?ID=615-67-8&Units=SI&Mask=480	reason=no_jcamp_links	message=
2026-07-03 02:38:15	cid=302	cas=	modality=	url=	reason=not_found	message=no_cas_in_synonyms
2026-07-03 02:38:15	cid=303	cas=	modality=	url=	reason=not_found	message=no_cas_in_synonyms
2026-07-03 02:38:15	cid=304	cas=334974-05-9	modality=	url=https://webbook.nist.gov/cgi/cbook.cgi?ID=334974-05-9&Units=SI&Mask=480	reason=nist_not_found	message=
2026-07-03 02:38:16	cid=305	cas=62-49-7	modality=	url=https://webbook.nist.gov/cgi/cbook.cgi?ID=62-49-7&Units=SI&Mask=480	reason=nist_not_found	message=
2026-07-03 02:38:16	cid=306	cas=	modality=	url=	reason=not_found	message=no_cas_in_synonyms
2026-07-03 02:38:16	cid=307	cas=	modality=	url=	reason=not_found	message=no_cas_in_synonyms
2026-07-03 02:38:16	cid=308	cas=	modality=	url=	reason=not_found	message=no_cas_in_synonyms
2026-07-03 02:38:17	cid=309	cas=499-12-7	modality=	url=https://webbook.nist.gov/cgi/cbook.cgi?ID=499-12-7&Units=SI&Mask=480	reason=nist_not_found	message=
2026-07-03 02:38:17	cid=310	cas=	modality=	url=	reason=not_found	message=no_cas_in_synonyms
2026-07-03 02:38:18	cid=311	cas=77-92-9	modality=ir	url=https://webbook.nist.gov/cgi/cbook.cgi?JCAMP=C77929&Index=1&Type=IR	reason=download_http_404	message=
2026-07-03 02:38:18	cid=311	cas=77-92-9	modality=ir	url=https://webbook.nist.gov/cgi/cbook.cgi?JCAMP=C77929&Index=2&Type=IR	reason=download_http_404	message=
2026-07-03 02:38:19	cid=311	cas=77-92-9	modality=ir	url=https://webbook.nist.gov/cgi/cbook.cgi?JCAMP=C77929&Index=3&Type=IR	reason=download_http_404	message=
2026-07-03 02:38:19	cid=311	cas=77-92-9	modality=ir	url=https://webbook.nist.gov/cgi/cbook.cgi?JCAMP=C77929&Index=4&Type=IR	reason=download_http_404	message=
2026-07-03 02:38:19	cid=311	cas=77-92-9	modality=ir	url=https://webbook.nist.gov/cgi/cbook.cgi?JCAMP=C77929&Index=5&Type=IR	reason=download_http_404	message=
2026-07-03 02:38:29	cid=311	cas=77-92-9	modality=ir	url=https://webbook.nist.gov/cgi/cbook.cgi?JCAMP=C77929&Index=6&Type=IR	reason=download_http_404	message=
2026-07-03 02:38:30	cid=311	cas=77-92-9	modality=ir	url=https://webbook.nist.gov/cgi/cbook.cgi?JCAMP=C77929&Index=7&Type=IR	reason=download_http_404	message=
2026-07-03 02:38:30	cid=311	cas=77-92-9	modality=ir	url=https://webbook.nist.gov/cgi/cbook.cgi?JCAMP=C77929&Index=8&Type=IR	reason=download_http_404	message=
2026-07-03 02:38:30	cid=311	cas=77-92-9	modality=ir	url=https://webbook.nist.gov/cgi/cbook.cgi?JCAMP=C77929&Index=9&Type=IR	reason=download_http_404	message=
2026-07-03 02:38:31	cid=311	cas=77-92-9	modality=uvvis	url=https://webbook.nist.gov/cgi/cbook.cgi?JCAMP=C77929&Index=1&Type=UVVis	reason=download_http_404	message=
2026-07-03 02:38:41	cid=311	cas=77-92-9	modality=uvvis	url=https://webbook.nist.gov/cgi/cbook.cgi?JCAMP=C77929&Index=2&Type=UVVis	reason=download_http_404	message=
2026-07-03 02:38:41	cid=311	cas=77-92-9	modality=uvvis	url=https://webbook.nist.gov/cgi/cbook.cgi?JCAMP=C77929&Index=3&Type=UVVis	reason=download_http_404	message=
2026-07-03 02:38:42	cid=311	cas=77-92-9	modality=uvvis	url=https://webbook.nist.gov/cgi/cbook.cgi?JCAMP=C77929&Index=4&Type=UVVis	reason=download_http_404	message=
2026-07-03 02:38:42	cid=311	cas=77-92-9	modality=uvvis	url=https://webbook.nist.gov/cgi/cbook.cgi?JCAMP=C77929&Index=5&Type=UVVis	reason=download_http_404	message=
2026-07-03 02:38:42	cid=311	cas=77-92-9	modality=uvvis	url=https://webbook.nist.gov/cgi/cbook.cgi?JCAMP=C77929&Index=6&Type=UVVis	reason=download_http_404	message=
2026-07-03 02:38:52	cid=311	cas=77-92-9	modality=uvvis	url=https://webbook.nist.gov/cgi/cbook.cgi?JCAMP=C77929&Index=7&Type=UVVis	reason=download_http_404	message=
2026-07-03 02:38:53	cid=311	cas=77-92-9	modality=uvvis	url=https://webbook.nist.gov/cgi/cbook.cgi?JCAMP=C77929&Index=8&Type=UVVis	reason=download_http_404	message=
2026-07-03 02:38:53	cid=311	cas=77-92-9	modality=uvvis	url=https://webbook.nist.gov/cgi/cbook.cgi?JCAMP=C77929&Index=9&Type=UVVis	reason=download_http_404	message=
2026-07-03 02:38:53	cid=311	cas=77-92-9	modality=	url=https://webbook.nist.gov/cgi/cbook.cgi?ID=77-92-9&Units=SI&Mask=480	reason=all_jcamp_downloads_failed	message=ir:download_http_404;ir:download_http_404;ir:download_http_404;ir:download_http_404;ir:download_http_404;ir:download_http_404;ir:download_http_404;ir:download_http_404;ir:download_http_404;uvvis:download_http_404;uvvis:download_http_404;uvvis:download_http_404;uvvis:download_http_404;uvvis:download_http_404;uvvis:download_http_404;uvvis:download_http_404;uvvis:download_http_404;uvvis:download_http_404
2026-07-03 02:38:54	cid=314	cas=686299-78-5	modality=	url=https://webbook.nist.gov/cgi/cbook.cgi?ID=686299-78-5&Units=SI&Mask=480	reason=nist_not_found	message=
2026-07-03 02:38:54	cid=315	cas=	modality=	url=	reason=not_found	message=pubchem_synonyms_404
2026-07-03 02:38:54	cid=316	cas=	modality=	url=	reason=not_found	message=no_cas_in_synonyms
2026-07-03 02:38:54	cid=317	cas=31416-98-5	modality=	url=https://webbook.nist.gov/cgi/cbook.cgi?ID=31416-98-5&Units=SI&Mask=480	reason=nist_not_found	message=
2026-07-03 02:38:55	cid=320	cas=	modality=	url=	reason=not_found	message=no_cas_in_synonyms
2026-07-03 02:38:55	cid=321	cas=2624-63-7	modality=	url=https://webbook.nist.gov/cgi/cbook.cgi?ID=2624-63-7&Units=SI&Mask=480	reason=nist_not_found	message=
2026-07-03 02:38:56	cid=322	cas=7400-08-0	modality=	url=https://webbook.nist.gov/cgi/cbook.cgi?ID=7400-08-0&Units=SI&Mask=480	reason=no_jcamp_links	message=
2026-07-03 02:38:57	cid=323	cas=91-64-5	modality=ir	url=https://webbook.nist.gov/cgi/cbook.cgi?JCAMP=C91645&Index=1&Type=IR	reason=download_http_404	message=
2026-07-03 02:38:57	cid=323	cas=91-64-5	modality=ir	url=https://webbook.nist.gov/cgi/cbook.cgi?JCAMP=C91645&Index=2&Type=IR	reason=download_http_404	message=
2026-07-03 02:39:01	cid=323	cas=91-64-5	modality=ir	url=https://webbook.nist.gov/cgi/cbook.cgi?JCAMP=C91645&Index=3&Type=IR	reason=download_http_404	message=
2026-07-03 02:39:05	cid=323	cas=91-64-5	modality=ir	url=https://webbook.nist.gov/cgi/cbook.cgi?JCAMP=C91645&Index=4&Type=IR	reason=download_http_404	message=
2026-07-03 02:39:05	cid=323	cas=91-64-5	modality=ir	url=https://webbook.nist.gov/cgi/cbook.cgi?JCAMP=C91645&Index=5&Type=IR	reason=download_http_404	message=
2026-07-03 02:39:09	cid=323	cas=91-64-5	modality=ir	url=https://webbook.nist.gov/cgi/cbook.cgi?JCAMP=C91645&Index=6&Type=IR	reason=download_http_404	message=
2026-07-03 02:39:13	cid=323	cas=91-64-5	modality=ir	url=https://webbook.nist.gov/cgi/cbook.cgi?JCAMP=C91645&Index=7&Type=IR	reason=download_http_404	message=
2026-07-03 02:39:13	cid=323	cas=91-64-5	modality=ir	url=https://webbook.nist.gov/cgi/cbook.cgi?JCAMP=C91645&Index=8&Type=IR	reason=download_http_404	message=
2026-07-03 02:39:17	cid=323	cas=91-64-5	modality=ir	url=https://webbook.nist.gov/cgi/cbook.cgi?JCAMP=C91645&Index=9&Type=IR	reason=download_http_404	message=
2026-07-03 02:39:21	cid=323	cas=91-64-5	modality=uvvis	url=https://webbook.nist.gov/cgi/cbook.cgi?JCAMP=C91645&Index=1&Type=UVVis	reason=download_http_404	message=
2026-07-03 02:39:21	cid=323	cas=91-64-5	modality=uvvis	url=https://webbook.nist.gov/cgi/cbook.cgi?JCAMP=C91645&Index=2&Type=UVVis	reason=download_http_404	message=
2026-07-03 02:39:25	cid=323	cas=91-64-5	modality=uvvis	url=https://webbook.nist.gov/cgi/cbook.cgi?JCAMP=C91645&Index=3&Type=UVVis	reason=download_http_404	message=
2026-07-03 02:39:29	cid=323	cas=91-64-5	modality=uvvis	url=https://webbook.nist.gov/cgi/cbook.cgi?JCAMP=C91645&Index=4&Type=UVVis	reason=download_http_404	message=
2026-07-03 02:39:30	cid=323	cas=91-64-5	modality=uvvis	url=https://webbook.nist.gov/cgi/cbook.cgi?JCAMP=C91645&Index=5&Type=UVVis	reason=download_http_404	message=
2026-07-03 02:39:34	cid=323	cas=91-64-5	modality=uvvis	url=https://webbook.nist.gov/cgi/cbook.cgi?JCAMP=C91645&Index=6&Type=UVVis	reason=download_http_404	message=
2026-07-03 02:39:37	cid=323	cas=91-64-5	modality=uvvis	url=https://webbook.nist.gov/cgi/cbook.cgi?JCAMP=C91645&Index=7&Type=UVVis	reason=download_http_404	message=
2026-07-03 02:39:38	cid=323	cas=91-64-5	modality=uvvis	url=https://webbook.nist.gov/cgi/cbook.cgi?JCAMP=C91645&Index=8&Type=UVVis	reason=download_http_404	message=
2026-07-03 02:39:42	cid=323	cas=91-64-5	modality=uvvis	url=https://webbook.nist.gov/cgi/cbook.cgi?JCAMP=C91645&Index=9&Type=UVVis	reason=download_http_404	message=
2026-07-03 02:39:42	cid=323	cas=91-64-5	modality=	url=https://webbook.nist.gov/cgi/cbook.cgi?ID=91-64-5&Units=SI&Mask=480	reason=all_jcamp_downloads_failed	message=ir:download_http_404;ir:download_http_404;ir:download_http_404;ir:download_http_404;ir:download_http_404;ir:download_http_404;ir:download_http_404;ir:download_http_404;ir:download_http_404;uvvis:download_http_404;uvvis:download_http_404;uvvis:download_http_404;uvvis:download_http_404;uvvis:download_http_404;uvvis:download_http_404;uvvis:download_http_404;uvvis:download_http_404;uvvis:download_http_404
2026-07-03 02:39:43	cid=325	cas=536-60-7	modality=ir	url=https://webbook.nist.gov/cgi/cbook.cgi?JCAMP=C536607&Index=1&Type=IR	reason=download_http_404	message=
2026-07-03 02:39:43	cid=325	cas=536-60-7	modality=ir	url=https://webbook.nist.gov/cgi/cbook.cgi?JCAMP=C536607&Index=2&Type=IR	reason=download_http_404	message=
2026-07-03 02:39:43	cid=325	cas=536-60-7	modality=ir	url=https://webbook.nist.gov/cgi/cbook.cgi?JCAMP=C536607&Index=3&Type=IR	reason=download_http_404	message=
2026-07-03 02:39:44	cid=325	cas=536-60-7	modality=ir	url=https://webbook.nist.gov/cgi/cbook.cgi?JCAMP=C536607&Index=4&Type=IR	reason=download_http_404	message=
2026-07-03 02:39:54	cid=325	cas=536-60-7	modality=ir	url=https://webbook.nist.gov/cgi/cbook.cgi?JCAMP=C536607&Index=5&Type=IR	reason=download_http_404	message=
2026-07-03 02:39:54	cid=325	cas=536-60-7	modality=ir	url=https://webbook.nist.gov/cgi/cbook.cgi?JCAMP=C536607&Index=6&Type=IR	reason=download_http_404	message=
2026-07-03 02:39:54	cid=325	cas=536-60-7	modality=ir	url=https://webbook.nist.gov/cgi/cbook.cgi?JCAMP=C536607&Index=7&Type=IR	reason=download_http_404	message=
2026-07-03 02:39:55	cid=325	cas=536-60-7	modality=ir	url=https://webbook.nist.gov/cgi/cbook.cgi?JCAMP=C536607&Index=8&Type=IR	reason=download_http_404	message=
2026-07-03 02:39:55	cid=325	cas=536-60-7	modality=ir	url=https://webbook.nist.gov/cgi/cbook.cgi?JCAMP=C536607&Index=9&Type=IR	reason=download_http_404	message=
2026-07-03 02:39:55	cid=325	cas=536-60-7	modality=	url=https://webbook.nist.gov/cgi/cbook.cgi?ID=536-60-7&Units=SI&Mask=480	reason=all_jcamp_downloads_failed	message=ir:download_http_404;ir:download_http_404;ir:download_http_404;ir:download_http_404;ir:download_http_404;ir:download_http_404;ir:download_http_404;ir:download_http_404;ir:download_http_404
2026-07-03 02:39:59	cid=326	cas=122-03-2	modality=ir	url=https://webbook.nist.gov/cgi/cbook.cgi?JCAMP=C122032&Index=2&Type=IR	reason=download_http_404	message=
2026-07-03 02:40:00	cid=326	cas=122-03-2	modality=ir	url=https://webbook.nist.gov/cgi/cbook.cgi?JCAMP=C122032&Index=3&Type=IR	reason=download_http_404	message=
2026-07-03 02:40:00	cid=326	cas=122-03-2	modality=ir	url=https://webbook.nist.gov/cgi/cbook.cgi?JCAMP=C122032&Index=4&Type=IR	reason=download_http_404	message=
2026-07-03 02:40:10	cid=326	cas=122-03-2	modality=ir	url=https://webbook.nist.gov/cgi/cbook.cgi?JCAMP=C122032&Index=5&Type=IR	reason=download_http_404	message=
2026-07-03 02:40:11	cid=326	cas=122-03-2	modality=ir	url=https://webbook.nist.gov/cgi/cbook.cgi?JCAMP=C122032&Index=6&Type=IR	reason=download_http_404	message=
2026-07-03 02:40:11	cid=326	cas=122-03-2	modality=ir	url=https://webbook.nist.gov/cgi/cbook.cgi?JCAMP=C122032&Index=7&Type=IR	reason=download_http_404	message=
2026-07-03 02:40:11	cid=326	cas=122-03-2	modality=ir	url=https://webbook.nist.gov/cgi/cbook.cgi?JCAMP=C122032&Index=8&Type=IR	reason=download_http_404	message=
2026-07-03 02:40:12	cid=326	cas=122-03-2	modality=ir	url=https://webbook.nist.gov/cgi/cbook.cgi?JCAMP=C122032&Index=9&Type=IR	reason=download_http_404	message=
2026-07-03 02:40:12	cid=326	cas=122-03-2	modality=	url=https://webbook.nist.gov/cgi/cbook.cgi?ID=122-03-2&Units=SI&Mask=480	reason=all_jcamp_downloads_failed	message=ir:download_http_404;ir:download_http_404;ir:download_http_404;ir:download_http_404;ir:download_http_404;ir:download_http_404;ir:download_http_404;ir:download_http_404
2026-07-03 02:40:12	cid=328	cas=1198-84-1	modality=	url=https://webbook.nist.gov/cgi/cbook.cgi?ID=1198-84-1&Units=SI&Mask=480	reason=nist_not_found	message=
2026-07-03 02:40:13	cid=329	cas=86316-83-8	modality=	url=https://webbook.nist.gov/cgi/cbook.cgi?ID=86316-83-8&Units=SI&Mask=480	reason=nist_not_found	message=
2026-07-03 02:40:13	cid=330	cas=	modality=	url=	reason=not_found	message=no_cas_in_synonyms
2026-07-03 02:40:13	cid=331	cas=17027-83-7	modality=	url=https://webbook.nist.gov/cgi/cbook.cgi?ID=17027-83-7&Units=SI&Mask=480	reason=nist_not_found	message=
2026-07-03 02:40:18	cid=332	cas=7786-61-0	modality=ir	url=https://webbook.nist.gov/cgi/cbook.cgi?JCAMP=C7786610&Index=1&Type=IR	reason=download_http_404	message=
2026-07-03 02:40:18	cid=332	cas=7786-61-0	modality=ir	url=https://webbook.nist.gov/cgi/cbook.cgi?JCAMP=C7786610&Index=2&Type=IR	reason=download_http_404	message=
2026-07-03 02:40:18	cid=332	cas=7786-61-0	modality=ir	url=https://webbook.nist.gov/cgi/cbook.cgi?JCAMP=C7786610&Index=3&Type=IR	reason=download_http_404	message=
2026-07-03 02:40:29	cid=332	cas=7786-61-0	modality=ir	url=https://webbook.nist.gov/cgi/cbook.cgi?JCAMP=C7786610&Index=4&Type=IR	reason=download_http_404	message=
2026-07-03 02:40:29	cid=332	cas=7786-61-0	modality=ir	url=https://webbook.nist.gov/cgi/cbook.cgi?JCAMP=C7786610&Index=5&Type=IR	reason=download_http_404	message=
2026-07-03 02:40:29	cid=332	cas=7786-61-0	modality=ir	url=https://webbook.nist.gov/cgi/cbook.cgi?JCAMP=C7786610&Index=6&Type=IR	reason=download_http_404	message=
2026-07-03 02:40:30	cid=332	cas=7786-61-0	modality=ir	url=https://webbook.nist.gov/cgi/cbook.cgi?JCAMP=C7786610&Index=7&Type=IR	reason=download_http_404	message=
2026-07-03 02:40:30	cid=332	cas=7786-61-0	modality=ir	url=https://webbook.nist.gov/cgi/cbook.cgi?JCAMP=C7786610&Index=8&Type=IR	reason=download_http_404	message=
2026-07-03 02:40:40	cid=332	cas=7786-61-0	modality=ir	url=https://webbook.nist.gov/cgi/cbook.cgi?JCAMP=C7786610&Index=9&Type=IR	reason=download_http_404	message=
2026-07-03 02:40:40	cid=332	cas=7786-61-0	modality=	url=https://webbook.nist.gov/cgi/cbook.cgi?ID=7786-61-0&Units=SI&Mask=480	reason=all_jcamp_downloads_failed	message=ir:download_http_404;ir:download_http_404;ir:download_http_404;ir:download_http_404;ir:download_http_404;ir:download_http_404;ir:download_http_404;ir:download_http_404;ir:download_http_404
2026-07-03 02:40:40	cid=333	cas=	modality=	url=	reason=not_found	message=no_cas_in_synonyms
2026-07-03 02:40:41	cid=334	cas=	modality=	url=	reason=not_found	message=no_cas_in_synonyms
2026-07-03 02:40:41	cid=335	cas=95-48-7	modality=ir	url=https://webbook.nist.gov/cgi/cbook.cgi?JCAMP=C95487&Index=4&Type=IR	reason=download_http_404	message=
2026-07-03 02:40:42	cid=335	cas=95-48-7	modality=ir	url=https://webbook.nist.gov/cgi/cbook.cgi?JCAMP=C95487&Index=5&Type=IR	reason=download_http_404	message=
2026-07-03 02:40:42	cid=335	cas=95-48-7	modality=ir	url=https://webbook.nist.gov/cgi/cbook.cgi?JCAMP=C95487&Index=6&Type=IR	reason=download_http_404	message=
2026-07-03 02:40:42	cid=335	cas=95-48-7	modality=ir	url=https://webbook.nist.gov/cgi/cbook.cgi?JCAMP=C95487&Index=7&Type=IR	reason=download_http_404	message=
2026-07-03 02:40:53	cid=335	cas=95-48-7	modality=ir	url=https://webbook.nist.gov/cgi/cbook.cgi?JCAMP=C95487&Index=8&Type=IR	reason=download_http_404	message=
2026-07-03 02:40:53	cid=335	cas=95-48-7	modality=ir	url=https://webbook.nist.gov/cgi/cbook.cgi?JCAMP=C95487&Index=9&Type=IR	reason=download_http_404	message=
2026-07-03 02:40:53	cid=335	cas=95-48-7	modality=uvvis	url=https://webbook.nist.gov/cgi/cbook.cgi?JCAMP=C95487&Index=1&Type=UVVis	reason=download_http_404	message=
2026-07-03 02:40:54	cid=335	cas=95-48-7	modality=uvvis	url=https://webbook.nist.gov/cgi/cbook.cgi?JCAMP=C95487&Index=2&Type=UVVis	reason=download_http_404	message=
2026-07-03 02:40:54	cid=335	cas=95-48-7	modality=uvvis	url=https://webbook.nist.gov/cgi/cbook.cgi?JCAMP=C95487&Index=3&Type=UVVis	reason=download_http_404	message=
2026-07-03 02:41:04	cid=335	cas=95-48-7	modality=uvvis	url=https://webbook.nist.gov/cgi/cbook.cgi?JCAMP=C95487&Index=4&Type=UVVis	reason=download_http_404	message=
2026-07-03 02:41:04	cid=335	cas=95-48-7	modality=uvvis	url=https://webbook.nist.gov/cgi/cbook.cgi?JCAMP=C95487&Index=5&Type=UVVis	reason=download_http_404	message=
2026-07-03 02:41:05	cid=335	cas=95-48-7	modality=uvvis	url=https://webbook.nist.gov/cgi/cbook.cgi?JCAMP=C95487&Index=6&Type=UVVis	reason=download_http_404	message=
2026-07-03 02:41:05	cid=335	cas=95-48-7	modality=uvvis	url=https://webbook.nist.gov/cgi/cbook.cgi?JCAMP=C95487&Index=7&Type=UVVis	reason=download_http_404	message=
2026-07-03 02:41:05	cid=335	cas=95-48-7	modality=uvvis	url=https://webbook.nist.gov/cgi/cbook.cgi?JCAMP=C95487&Index=8&Type=UVVis	reason=download_http_404	message=
2026-07-03 02:41:16	cid=335	cas=95-48-7	modality=uvvis	url=https://webbook.nist.gov/cgi/cbook.cgi?JCAMP=C95487&Index=9&Type=UVVis	reason=download_http_404	message=
2026-07-03 02:41:16	cid=335	cas=95-48-7	modality=	url=https://webbook.nist.gov/cgi/cbook.cgi?ID=95-48-7&Units=SI&Mask=480	reason=all_jcamp_downloads_failed	message=ir:download_http_404;ir:download_http_404;ir:download_http_404;ir:download_http_404;ir:download_http_404;ir:download_http_404;uvvis:download_http_404;uvvis:download_http_404;uvvis:download_http_404;uvvis:download_http_404;uvvis:download_http_404;uvvis:download_http_404;uvvis:download_http_404;uvvis:download_http_404;uvvis:download_http_404
2026-07-03 02:41:16	cid=336	cas=10346-27-7	modality=	url=https://webbook.nist.gov/cgi/cbook.cgi?ID=10346-27-7&Units=SI&Mask=480	reason=nist_not_found	message=
2026-07-03 02:41:17	cid=337	cas=1380080-16-9	modality=	url=https://webbook.nist.gov/cgi/cbook.cgi?ID=1380080-16-9&Units=SI&Mask=480	reason=nist_not_found	message=
2026-07-03 02:41:17	cid=338	cas=69-72-7	modality=ir	url=https://webbook.nist.gov/cgi/cbook.cgi?JCAMP=C69727&Index=5&Type=IR	reason=download_http_404	message=
2026-07-03 02:41:18	cid=338	cas=69-72-7	modality=ir	url=https://webbook.nist.gov/cgi/cbook.cgi?JCAMP=C69727&Index=6&Type=IR	reason=download_http_404	message=
2026-07-03 02:41:18	cid=338	cas=69-72-7	modality=ir	url=https://webbook.nist.gov/cgi/cbook.cgi?JCAMP=C69727&Index=7&Type=IR	reason=download_http_404	message=
2026-07-03 02:41:18	cid=338	cas=69-72-7	modality=ir	url=https://webbook.nist.gov/cgi/cbook.cgi?JCAMP=C69727&Index=8&Type=IR	reason=download_http_404	message=
2026-07-03 02:41:29	cid=338	cas=69-72-7	modality=ir	url=https://webbook.nist.gov/cgi/cbook.cgi?JCAMP=C69727&Index=9&Type=IR	reason=download_http_404	message=
2026-07-03 02:41:29	cid=338	cas=69-72-7	modality=uvvis	url=https://webbook.nist.gov/cgi/cbook.cgi?JCAMP=C69727&Index=1&Type=UVVis	reason=download_http_404	message=
2026-07-03 02:41:29	cid=338	cas=69-72-7	modality=uvvis	url=https://webbook.nist.gov/cgi/cbook.cgi?JCAMP=C69727&Index=2&Type=UVVis	reason=download_http_404	message=
2026-07-03 02:41:30	cid=338	cas=69-72-7	modality=uvvis	url=https://webbook.nist.gov/cgi/cbook.cgi?JCAMP=C69727&Index=3&Type=UVVis	reason=download_http_404	message=
2026-07-03 02:41:30	cid=338	cas=69-72-7	modality=uvvis	url=https://webbook.nist.gov/cgi/cbook.cgi?JCAMP=C69727&Index=4&Type=UVVis	reason=download_http_404	message=
2026-07-03 02:41:40	cid=338	cas=69-72-7	modality=uvvis	url=https://webbook.nist.gov/cgi/cbook.cgi?JCAMP=C69727&Index=5&Type=UVVis	reason=download_http_404	message=
2026-07-03 02:41:41	cid=338	cas=69-72-7	modality=uvvis	url=https://webbook.nist.gov/cgi/cbook.cgi?JCAMP=C69727&Index=6&Type=UVVis	reason=download_http_404	message=
2026-07-03 02:41:41	cid=338	cas=69-72-7	modality=uvvis	url=https://webbook.nist.gov/cgi/cbook.cgi?JCAMP=C69727&Index=7&Type=UVVis	reason=download_http_404	message=
2026-07-03 02:41:41	cid=338	cas=69-72-7	modality=uvvis	url=https://webbook.nist.gov/cgi/cbook.cgi?JCAMP=C69727&Index=8&Type=UVVis	reason=download_http_404	message=
2026-07-03 02:41:42	cid=338	cas=69-72-7	modality=uvvis	url=https://webbook.nist.gov/cgi/cbook.cgi?JCAMP=C69727&Index=9&Type=UVVis	reason=download_http_404	message=
2026-07-03 02:41:42	cid=338	cas=69-72-7	modality=	url=https://webbook.nist.gov/cgi/cbook.cgi?ID=69-72-7&Units=SI&Mask=480	reason=all_jcamp_downloads_failed	message=ir:download_http_404;ir:download_http_404;ir:download_http_404;ir:download_http_404;ir:download_http_404;uvvis:download_http_404;uvvis:download_http_404;uvvis:download_http_404;uvvis:download_http_404;uvvis:download_http_404;uvvis:download_http_404;uvvis:download_http_404;uvvis:download_http_404;uvvis:download_http_404
2026-07-03 02:41:42	cid=339	cas=2041-14-7	modality=	url=https://webbook.nist.gov/cgi/cbook.cgi?ID=2041-14-7&Units=SI&Mask=480	reason=nist_not_found	message=
2026-07-03 02:41:46	cid=340	cas=488-17-5	modality=ir	url=https://webbook.nist.gov/cgi/cbook.cgi?JCAMP=C488175&Index=1&Type=IR	reason=download_http_404	message=
2026-07-03 02:41:47	cid=340	cas=488-17-5	modality=ir	url=https://webbook.nist.gov/cgi/cbook.cgi?JCAMP=C488175&Index=2&Type=IR	reason=download_http_404	message=
2026-07-03 02:41:47	cid=340	cas=488-17-5	modality=ir	url=https://webbook.nist.gov/cgi/cbook.cgi?JCAMP=C488175&Index=3&Type=IR	reason=download_http_404	message=
2026-07-03 02:41:57	cid=340	cas=488-17-5	modality=ir	url=https://webbook.nist.gov/cgi/cbook.cgi?JCAMP=C488175&Index=4&Type=IR	reason=download_http_404	message=
2026-07-03 02:41:58	cid=340	cas=488-17-5	modality=ir	url=https://webbook.nist.gov/cgi/cbook.cgi?JCAMP=C488175&Index=5&Type=IR	reason=download_http_404	message=
2026-07-03 02:41:58	cid=340	cas=488-17-5	modality=ir	url=https://webbook.nist.gov/cgi/cbook.cgi?JCAMP=C488175&Index=6&Type=IR	reason=download_http_404	message=
2026-07-03 02:41:58	cid=340	cas=488-17-5	modality=ir	url=https://webbook.nist.gov/cgi/cbook.cgi?JCAMP=C488175&Index=7&Type=IR	reason=download_http_404	message=
2026-07-03 02:41:59	cid=340	cas=488-17-5	modality=ir	url=https://webbook.nist.gov/cgi/cbook.cgi?JCAMP=C488175&Index=8&Type=IR	reason=download_http_404	message=
2026-07-03 02:42:09	cid=340	cas=488-17-5	modality=ir	url=https://webbook.nist.gov/cgi/cbook.cgi?JCAMP=C488175&Index=9&Type=IR	reason=download_http_404	message=
2026-07-03 02:42:09	cid=340	cas=488-17-5	modality=	url=https://webbook.nist.gov/cgi/cbook.cgi?ID=488-17-5&Units=SI&Mask=480	reason=all_jcamp_downloads_failed	message=ir:download_http_404;ir:download_http_404;ir:download_http_404;ir:download_http_404;ir:download_http_404;ir:download_http_404;ir:download_http_404;ir:download_http_404;ir:download_http_404
2026-07-03 02:42:09	cid=341	cas=536-08-3	modality=	url=https://webbook.nist.gov/cgi/cbook.cgi?ID=536-08-3&Units=SI&Mask=480	reason=nist_not_found	message=
2026-07-03 02:42:10	cid=342	cas=108-39-4	modality=ir	url=https://webbook.nist.gov/cgi/cbook.cgi?JCAMP=C108394&Index=3&Type=IR	reason=download_http_404	message=
2026-07-03 02:42:11	cid=342	cas=108-39-4	modality=ir	url=https://webbook.nist.gov/cgi/cbook.cgi?JCAMP=C108394&Index=4&Type=IR	reason=download_http_404	message=
2026-07-03 02:42:11	cid=342	cas=108-39-4	modality=ir	url=https://webbook.nist.gov/cgi/cbook.cgi?JCAMP=C108394&Index=5&Type=IR	reason=download_http_404	message=
2026-07-03 02:42:11	cid=342	cas=108-39-4	modality=ir	url=https://webbook.nist.gov/cgi/cbook.cgi?JCAMP=C108394&Index=6&Type=IR	reason=download_http_404	message=
2026-07-03 02:42:21	cid=342	cas=108-39-4	modality=ir	url=https://webbook.nist.gov/cgi/cbook.cgi?JCAMP=C108394&Index=7&Type=IR	reason=download_http_404	message=
2026-07-03 02:42:22	cid=342	cas=108-39-4	modality=ir	url=https://webbook.nist.gov/cgi/cbook.cgi?JCAMP=C108394&Index=8&Type=IR	reason=download_http_404	message=
2026-07-03 02:42:22	cid=342	cas=108-39-4	modality=ir	url=https://webbook.nist.gov/cgi/cbook.cgi?JCAMP=C108394&Index=9&Type=IR	reason=download_http_404	message=
2026-07-03 02:42:22	cid=342	cas=108-39-4	modality=uvvis	url=https://webbook.nist.gov/cgi/cbook.cgi?JCAMP=C108394&Index=1&Type=UVVis	reason=download_http_404	message=
2026-07-03 02:42:23	cid=342	cas=108-39-4	modality=uvvis	url=https://webbook.nist.gov/cgi/cbook.cgi?JCAMP=C108394&Index=2&Type=UVVis	reason=download_http_404	message=
2026-07-03 02:42:33	cid=342	cas=108-39-4	modality=uvvis	url=https://webbook.nist.gov/cgi/cbook.cgi?JCAMP=C108394&Index=3&Type=UVVis	reason=download_http_404	message=
2026-07-03 02:42:33	cid=342	cas=108-39-4	modality=uvvis	url=https://webbook.nist.gov/cgi/cbook.cgi?JCAMP=C108394&Index=4&Type=UVVis	reason=download_http_404	message=
2026-07-03 02:42:34	cid=342	cas=108-39-4	modality=uvvis	url=https://webbook.nist.gov/cgi/cbook.cgi?JCAMP=C108394&Index=5&Type=UVVis	reason=download_http_404	message=
2026-07-03 02:42:34	cid=342	cas=108-39-4	modality=uvvis	url=https://webbook.nist.gov/cgi/cbook.cgi?JCAMP=C108394&Index=6&Type=UVVis	reason=download_http_404	message=
2026-07-03 02:42:34	cid=342	cas=108-39-4	modality=uvvis	url=https://webbook.nist.gov/cgi/cbook.cgi?JCAMP=C108394&Index=7&Type=UVVis	reason=download_http_404	message=
2026-07-03 02:42:45	cid=342	cas=108-39-4	modality=uvvis	url=https://webbook.nist.gov/cgi/cbook.cgi?JCAMP=C108394&Index=8&Type=UVVis	reason=download_http_404	message=
2026-07-03 02:42:45	cid=342	cas=108-39-4	modality=uvvis	url=https://webbook.nist.gov/cgi/cbook.cgi?JCAMP=C108394&Index=9&Type=UVVis	reason=download_http_404	message=
2026-07-03 02:42:45	cid=342	cas=108-39-4	modality=	url=https://webbook.nist.gov/cgi/cbook.cgi?ID=108-39-4&Units=SI&Mask=480	reason=all_jcamp_downloads_failed	message=ir:download_http_404;ir:download_http_404;ir:download_http_404;ir:download_http_404;ir:download_http_404;ir:download_http_404;ir:download_http_404;uvvis:download_http_404;uvvis:download_http_404;uvvis:download_http_404;uvvis:download_http_404;uvvis:download_http_404;uvvis:download_http_404;uvvis:download_http_404;uvvis:download_http_404;uvvis:download_http_404
2026-07-03 02:42:45	cid=343	cas=	modality=	url=	reason=not_found	message=no_cas_in_synonyms
2026-07-03 02:42:45	cid=344	cas=	modality=	url=	reason=not_found	message=no_cas_in_synonyms
2026-07-03 02:42:46	cid=345	cas=89856-34-8	modality=	url=https://webbook.nist.gov/cgi/cbook.cgi?ID=89856-34-8&Units=SI&Mask=480	reason=nist_not_found	message=
2026-07-03 02:42:46	cid=346	cas=	modality=	url=	reason=not_found	message=no_cas_in_synonyms
2026-07-03 02:42:46	cid=347	cas=	modality=	url=	reason=not_found	message=no_cas_in_synonyms
2026-07-03 02:42:46	cid=348	cas=	modality=	url=	reason=not_found	message=pubchem_synonyms_404
2026-07-03 02:42:47	cid=349	cas=	modality=	url=	reason=not_found	message=no_cas_in_synonyms
2026-07-03 02:42:47	cid=350	cas=	modality=	url=	reason=not_found	message=no_cas_in_synonyms
2026-07-03 02:42:47	cid=351	cas=	modality=	url=	reason=not_found	message=pubchem_synonyms_404
2026-07-03 02:42:47	cid=352	cas=	modality=	url=	reason=not_found	message=pubchem_synonyms_404
2026-07-03 02:42:47	cid=353	cas=	modality=	url=	reason=not_found	message=pubchem_synonyms_404
2026-07-03 02:42:48	cid=354	cas=	modality=	url=	reason=not_found	message=no_cas_in_synonyms
2026-07-03 02:42:48	cid=355	cas=15573-67-8	modality=	url=https://webbook.nist.gov/cgi/cbook.cgi?ID=15573-67-8&Units=SI&Mask=480	reason=nist_not_found	message=
2026-07-03 02:42:49	cid=356	cas=111-65-9	modality=ir	url=https://webbook.nist.gov/cgi/cbook.cgi?JCAMP=C17252776&Index=0&Type=IR	reason=download_http_404	message=
2026-07-03 02:42:49	cid=356	cas=111-65-9	modality=ir	url=https://webbook.nist.gov/cgi/cbook.cgi?JCAMP=C17252776&Index=1&Type=IR	reason=download_http_404	message=
2026-07-03 02:42:50	cid=356	cas=111-65-9	modality=ir	url=https://webbook.nist.gov/cgi/cbook.cgi?JCAMP=C17252776&Index=2&Type=IR	reason=download_http_404	message=
2026-07-03 02:42:50	cid=356	cas=111-65-9	modality=ir	url=https://webbook.nist.gov/cgi/cbook.cgi?JCAMP=C17252776&Index=3&Type=IR	reason=download_http_404	message=
2026-07-03 02:42:50	cid=356	cas=111-65-9	modality=ir	url=https://webbook.nist.gov/cgi/cbook.cgi?JCAMP=C17252776&Index=4&Type=IR	reason=download_http_404	message=
2026-07-03 02:43:01	cid=356	cas=111-65-9	modality=ir	url=https://webbook.nist.gov/cgi/cbook.cgi?JCAMP=C17252776&Index=5&Type=IR	reason=download_http_404	message=
2026-07-03 02:43:01	cid=356	cas=111-65-9	modality=ir	url=https://webbook.nist.gov/cgi/cbook.cgi?JCAMP=C17252776&Index=6&Type=IR	reason=download_http_404	message=
2026-07-03 02:43:01	cid=356	cas=111-65-9	modality=ir	url=https://webbook.nist.gov/cgi/cbook.cgi?JCAMP=C17252776&Index=7&Type=IR	reason=download_http_404	message=
2026-07-03 02:43:01	cid=356	cas=111-65-9	modality=ir	url=https://webbook.nist.gov/cgi/cbook.cgi?JCAMP=C17252776&Index=8&Type=IR	reason=download_http_404	message=
2026-07-03 02:43:02	cid=356	cas=111-65-9	modality=ir	url=https://webbook.nist.gov/cgi/cbook.cgi?JCAMP=C17252776&Index=9&Type=IR	reason=download_http_404	message=
2026-07-03 02:43:02	cid=356	cas=111-65-9	modality=	url=https://webbook.nist.gov/cgi/cbook.cgi?ID=111-65-9&Units=SI&Mask=480	reason=all_jcamp_downloads_failed	message=ir:download_http_404;ir:download_http_404;ir:download_http_404;ir:download_http_404;ir:download_http_404;ir:download_http_404;ir:download_http_404;ir:download_http_404;ir:download_http_404;ir:download_http_404
2026-07-03 02:43:02	cid=357	cas=149665-65-6	modality=	url=https://webbook.nist.gov/cgi/cbook.cgi?ID=149665-65-6&Units=SI&Mask=480	reason=nist_not_found	message=
2026-07-03 02:43:03	cid=358	cas=19355-90-9	modality=	url=https://webbook.nist.gov/cgi/cbook.cgi?ID=19355-90-9&Units=SI&Mask=480	reason=nist_not_found	message=
2026-07-03 02:43:07	cid=359	cas=108-73-6	modality=ir	url=https://webbook.nist.gov/cgi/cbook.cgi?JCAMP=C108736&Index=2&Type=IR	reason=download_http_404	message=
2026-07-03 02:43:08	cid=359	cas=108-73-6	modality=ir	url=https://webbook.nist.gov/cgi/cbook.cgi?JCAMP=C108736&Index=3&Type=IR	reason=download_http_404	message=
2026-07-03 02:43:08	cid=359	cas=108-73-6	modality=ir	url=https://webbook.nist.gov/cgi/cbook.cgi?JCAMP=C108736&Index=4&Type=IR	reason=download_http_404	message=
2026-07-03 02:43:18	cid=359	cas=108-73-6	modality=ir	url=https://webbook.nist.gov/cgi/cbook.cgi?JCAMP=C108736&Index=5&Type=IR	reason=download_http_404	message=
2026-07-03 02:43:19	cid=359	cas=108-73-6	modality=ir	url=https://webbook.nist.gov/cgi/cbook.cgi?JCAMP=C108736&Index=6&Type=IR	reason=download_http_404	message=
2026-07-03 02:43:19	cid=359	cas=108-73-6	modality=ir	url=https://webbook.nist.gov/cgi/cbook.cgi?JCAMP=C108736&Index=7&Type=IR	reason=download_http_404	message=
2026-07-03 02:43:19	cid=359	cas=108-73-6	modality=ir	url=https://webbook.nist.gov/cgi/cbook.cgi?JCAMP=C108736&Index=8&Type=IR	reason=download_http_404	message=
2026-07-03 02:43:20	cid=359	cas=108-73-6	modality=ir	url=https://webbook.nist.gov/cgi/cbook.cgi?JCAMP=C108736&Index=9&Type=IR	reason=download_http_404	message=
2026-07-03 02:43:20	cid=359	cas=108-73-6	modality=	url=https://webbook.nist.gov/cgi/cbook.cgi?ID=108-73-6&Units=SI&Mask=480	reason=all_jcamp_downloads_failed	message=ir:download_http_404;ir:download_http_404;ir:download_http_404;ir:download_http_404;ir:download_http_404;ir:download_http_404;ir:download_http_404;ir:download_http_404
2026-07-03 02:43:20	cid=360	cas=	modality=	url=	reason=not_found	message=pubchem_synonyms_404
2026-07-03 02:43:20	cid=361	cas=	modality=	url=	reason=not_found	message=no_cas_in_synonyms
2026-07-03 02:43:21	cid=362	cas=7234-04-0	modality=	url=https://webbook.nist.gov/cgi/cbook.cgi?ID=7234-04-0&Units=SI&Mask=480	reason=nist_not_found	message=
2026-07-03 02:43:21	cid=363	cas=6542-88-7	modality=	url=https://webbook.nist.gov/cgi/cbook.cgi?ID=6542-88-7&Units=SI&Mask=480	reason=nist_not_found	message=
2026-07-03 02:43:22	cid=364	cas=515-94-6	modality=	url=https://webbook.nist.gov/cgi/cbook.cgi?ID=515-94-6&Units=SI&Mask=480	reason=nist_not_found	message=
2026-07-03 02:43:26	cid=366	cas=2747-05-9	modality=ir	url=https://webbook.nist.gov/cgi/cbook.cgi?JCAMP=C2747059&Index=1&Type=IR	reason=download_http_404	message=
2026-07-03 02:43:26	cid=366	cas=2747-05-9	modality=ir	url=https://webbook.nist.gov/cgi/cbook.cgi?JCAMP=C2747059&Index=2&Type=IR	reason=download_http_404	message=
2026-07-03 02:43:27	cid=366	cas=2747-05-9	modality=ir	url=https://webbook.nist.gov/cgi/cbook.cgi?JCAMP=C2747059&Index=3&Type=IR	reason=download_http_404	message=
2026-07-03 02:43:37	cid=366	cas=2747-05-9	modality=ir	url=https://webbook.nist.gov/cgi/cbook.cgi?JCAMP=C2747059&Index=4&Type=IR	reason=download_http_404	message=
2026-07-03 02:43:37	cid=366	cas=2747-05-9	modality=ir	url=https://webbook.nist.gov/cgi/cbook.cgi?JCAMP=C2747059&Index=5&Type=IR	reason=download_http_404	message=
2026-07-03 02:43:38	cid=366	cas=2747-05-9	modality=ir	url=https://webbook.nist.gov/cgi/cbook.cgi?JCAMP=C2747059&Index=6&Type=IR	reason=download_http_404	message=
2026-07-03 02:43:38	cid=366	cas=2747-05-9	modality=ir	url=https://webbook.nist.gov/cgi/cbook.cgi?JCAMP=C2747059&Index=7&Type=IR	reason=download_http_404	message=
2026-07-03 02:43:38	cid=366	cas=2747-05-9	modality=ir	url=https://webbook.nist.gov/cgi/cbook.cgi?JCAMP=C2747059&Index=8&Type=IR	reason=download_http_404	message=
2026-07-03 02:43:48	cid=366	cas=2747-05-9	modality=ir	url=https://webbook.nist.gov/cgi/cbook.cgi?JCAMP=C2747059&Index=9&Type=IR	reason=download_http_404	message=
2026-07-03 02:43:48	cid=366	cas=2747-05-9	modality=	url=https://webbook.nist.gov/cgi/cbook.cgi?ID=2747-05-9&Units=SI&Mask=480	reason=all_jcamp_downloads_failed	message=ir:download_http_404;ir:download_http_404;ir:download_http_404;ir:download_http_404;ir:download_http_404;ir:download_http_404;ir:download_http_404;ir:download_http_404;ir:download_http_404
2026-07-03 02:43:49	cid=368	cas=4427-76-3	modality=	url=https://webbook.nist.gov/cgi/cbook.cgi?ID=4427-76-3&Units=SI&Mask=480	reason=nist_not_found	message=
2026-07-03 02:43:49	cid=370	cas=149-91-7	modality=	url=https://webbook.nist.gov/cgi/cbook.cgi?ID=149-91-7&Units=SI&Mask=480	reason=no_jcamp_links	message=
2026-07-03 02:43:50	cid=371	cas=142-45-0	modality=	url=https://webbook.nist.gov/cgi/cbook.cgi?ID=142-45-0&Units=SI&Mask=480	reason=no_jcamp_links	message=
2026-07-03 02:43:51	cid=372	cas=72698-24-9	modality=	url=https://webbook.nist.gov/cgi/cbook.cgi?ID=72698-24-9&Units=SI&Mask=480	reason=nist_not_found	message=
2026-07-03 02:43:51	cid=374	cas=	modality=	url=	reason=not_found	message=no_cas_in_synonyms
2026-07-03 02:43:51	cid=375	cas=	modality=	url=	reason=not_found	message=no_cas_in_synonyms
2026-07-03 02:43:51	cid=376	cas=109138-72-9	modality=	url=https://webbook.nist.gov/cgi/cbook.cgi?ID=109138-72-9&Units=SI&Mask=480	reason=nist_not_found	message=
2026-07-03 02:43:52	cid=377	cas=	modality=	url=	reason=not_found	message=pubchem_synonyms_404
2026-07-03 02:43:52	cid=378	cas=330-13-2	modality=	url=https://webbook.nist.gov/cgi/cbook.cgi?ID=330-13-2&Units=SI&Mask=480	reason=nist_not_found	message=
2026-07-03 02:43:53	cid=379	cas=124-07-2	modality=ir	url=https://webbook.nist.gov/cgi/cbook.cgi?JCAMP=C124072&Index=4&Type=IR	reason=download_http_404	message=
2026-07-03 02:43:53	cid=379	cas=124-07-2	modality=ir	url=https://webbook.nist.gov/cgi/cbook.cgi?JCAMP=C124072&Index=5&Type=IR	reason=download_http_404	message=
2026-07-03 02:43:54	cid=379	cas=124-07-2	modality=ir	url=https://webbook.nist.gov/cgi/cbook.cgi?JCAMP=C124072&Index=6&Type=IR	reason=download_http_404	message=
2026-07-03 02:43:54	cid=379	cas=124-07-2	modality=ir	url=https://webbook.nist.gov/cgi/cbook.cgi?JCAMP=C124072&Index=7&Type=IR	reason=download_http_404	message=
2026-07-03 02:43:54	cid=379	cas=124-07-2	modality=ir	url=https://webbook.nist.gov/cgi/cbook.cgi?JCAMP=C124072&Index=8&Type=IR	reason=download_http_404	message=
2026-07-03 02:44:04	cid=379	cas=124-07-2	modality=ir	url=https://webbook.nist.gov/cgi/cbook.cgi?JCAMP=C124072&Index=9&Type=IR	reason=download_http_404	message=
2026-07-03 02:44:04	cid=379	cas=124-07-2	modality=	url=https://webbook.nist.gov/cgi/cbook.cgi?ID=124-07-2&Units=SI&Mask=480	reason=all_jcamp_downloads_failed	message=ir:download_http_404;ir:download_http_404;ir:download_http_404;ir:download_http_404;ir:download_http_404;ir:download_http_404
2026-07-03 02:44:05	cid=384	cas=	modality=	url=	reason=not_found	message=no_cas_in_synonyms
2026-07-03 02:44:06	cid=385	cas=111-16-0	modality=ir	url=https://webbook.nist.gov/cgi/cbook.cgi?JCAMP=C111160&Index=2&Type=IR	reason=download_http_404	message=
2026-07-03 02:44:06	cid=385	cas=111-16-0	modality=ir	url=https://webbook.nist.gov/cgi/cbook.cgi?JCAMP=C111160&Index=3&Type=IR	reason=download_http_404	message=
2026-07-03 02:44:06	cid=385	cas=111-16-0	modality=ir	url=https://webbook.nist.gov/cgi/cbook.cgi?JCAMP=C111160&Index=4&Type=IR	reason=download_http_404	message=
2026-07-03 02:44:06	cid=385	cas=111-16-0	modality=ir	url=https://webbook.nist.gov/cgi/cbook.cgi?JCAMP=C111160&Index=5&Type=IR	reason=download_http_404	message=
2026-07-03 02:44:17	cid=385	cas=111-16-0	modality=ir	url=https://webbook.nist.gov/cgi/cbook.cgi?JCAMP=C111160&Index=6&Type=IR	reason=download_http_404	message=
2026-07-03 02:44:17	cid=385	cas=111-16-0	modality=ir	url=https://webbook.nist.gov/cgi/cbook.cgi?JCAMP=C111160&Index=7&Type=IR	reason=download_http_404	message=
2026-07-03 02:44:17	cid=385	cas=111-16-0	modality=ir	url=https://webbook.nist.gov/cgi/cbook.cgi?JCAMP=C111160&Index=8&Type=IR	reason=download_http_404	message=
2026-07-03 02:44:18	cid=385	cas=111-16-0	modality=ir	url=https://webbook.nist.gov/cgi/cbook.cgi?JCAMP=C111160&Index=9&Type=IR	reason=download_http_404	message=
2026-07-03 02:44:18	cid=385	cas=111-16-0	modality=	url=https://webbook.nist.gov/cgi/cbook.cgi?ID=111-16-0&Units=SI&Mask=480	reason=all_jcamp_downloads_failed	message=ir:download_http_404;ir:download_http_404;ir:download_http_404;ir:download_http_404;ir:download_http_404;ir:download_http_404;ir:download_http_404;ir:download_http_404
2026-07-03 02:44:18	cid=389	cas=616-07-9	modality=	url=https://webbook.nist.gov/cgi/cbook.cgi?ID=616-07-9&Units=SI&Mask=480	reason=no_jcamp_links	message=
2026-07-03 02:44:18	cid=390	cas=	modality=	url=	reason=not_found	message=no_cas_in_synonyms
2026-07-03 02:44:19	cid=391	cas=	modality=	url=	reason=not_found	message=pubchem_synonyms_404
2026-07-03 02:44:19	cid=392	cas=4299-56-3	modality=	url=https://webbook.nist.gov/cgi/cbook.cgi?ID=4299-56-3&Units=SI&Mask=480	reason=nist_not_found	message=
2026-07-03 02:44:19	cid=393	cas=	modality=	url=	reason=not_found	message=pubchem_synonyms_404
2026-07-03 02:44:20	cid=397	cas=879-37-8	modality=ir	url=https://webbook.nist.gov/cgi/cbook.cgi?JCAMP=C879378&Index=1&Type=IR	reason=download_http_404	message=
2026-07-03 02:44:24	cid=397	cas=879-37-8	modality=ir	url=https://webbook.nist.gov/cgi/cbook.cgi?JCAMP=C879378&Index=2&Type=IR	reason=download_http_404	message=
2026-07-03 02:44:24	cid=397	cas=879-37-8	modality=ir	url=https://webbook.nist.gov/cgi/cbook.cgi?JCAMP=C879378&Index=3&Type=IR	reason=download_http_404	message=
2026-07-03 02:44:28	cid=397	cas=879-37-8	modality=ir	url=https://webbook.nist.gov/cgi/cbook.cgi?JCAMP=C879378&Index=4&Type=IR	reason=download_http_404	message=
2026-07-03 02:44:32	cid=397	cas=879-37-8	modality=ir	url=https://webbook.nist.gov/cgi/cbook.cgi?JCAMP=C879378&Index=5&Type=IR	reason=download_http_404	message=
2026-07-03 02:44:33	cid=397	cas=879-37-8	modality=ir	url=https://webbook.nist.gov/cgi/cbook.cgi?JCAMP=C879378&Index=6&Type=IR	reason=download_http_404	message=
2026-07-03 02:44:36	cid=397	cas=879-37-8	modality=ir	url=https://webbook.nist.gov/cgi/cbook.cgi?JCAMP=C879378&Index=7&Type=IR	reason=download_http_404	message=
2026-07-03 02:44:40	cid=397	cas=879-37-8	modality=ir	url=https://webbook.nist.gov/cgi/cbook.cgi?JCAMP=C879378&Index=8&Type=IR	reason=download_http_404	message=
2026-07-03 02:44:41	cid=397	cas=879-37-8	modality=ir	url=https://webbook.nist.gov/cgi/cbook.cgi?JCAMP=C879378&Index=9&Type=IR	reason=download_http_404	message=
2026-07-03 02:44:41	cid=397	cas=879-37-8	modality=	url=https://webbook.nist.gov/cgi/cbook.cgi?ID=879-37-8&Units=SI&Mask=480	reason=all_jcamp_downloads_failed	message=ir:download_http_404;ir:download_http_404;ir:download_http_404;ir:download_http_404;ir:download_http_404;ir:download_http_404;ir:download_http_404;ir:download_http_404;ir:download_http_404
2026-07-03 02:44:41	cid=398	cas=79-46-9	modality=ir	url=https://webbook.nist.gov/cgi/cbook.cgi?JCAMP=C79469&Index=2&Type=IR	reason=download_http_404	message=
2026-07-03 02:44:42	cid=398	cas=79-46-9	modality=ir	url=https://webbook.nist.gov/cgi/cbook.cgi?JCAMP=C79469&Index=3&Type=IR	reason=download_http_404	message=
2026-07-03 02:44:42	cid=398	cas=79-46-9	modality=ir	url=https://webbook.nist.gov/cgi/cbook.cgi?JCAMP=C79469&Index=4&Type=IR	reason=download_http_404	message=
2026-07-03 02:44:52	cid=398	cas=79-46-9	modality=ir	url=https://webbook.nist.gov/cgi/cbook.cgi?JCAMP=C79469&Index=5&Type=IR	reason=download_http_404	message=
2026-07-03 02:44:53	cid=398	cas=79-46-9	modality=ir	url=https://webbook.nist.gov/cgi/cbook.cgi?JCAMP=C79469&Index=6&Type=IR	reason=download_http_404	message=
2026-07-03 02:44:53	cid=398	cas=79-46-9	modality=ir	url=https://webbook.nist.gov/cgi/cbook.cgi?JCAMP=C79469&Index=7&Type=IR	reason=download_http_404	message=
2026-07-03 02:44:53	cid=398	cas=79-46-9	modality=ir	url=https://webbook.nist.gov/cgi/cbook.cgi?JCAMP=C79469&Index=8&Type=IR	reason=download_http_404	message=
2026-07-03 02:44:54	cid=398	cas=79-46-9	modality=ir	url=https://webbook.nist.gov/cgi/cbook.cgi?JCAMP=C79469&Index=9&Type=IR	reason=download_http_404	message=
2026-07-03 02:45:04	cid=398	cas=79-46-9	modality=uvvis	url=https://webbook.nist.gov/cgi/cbook.cgi?JCAMP=C79469&Index=1&Type=UVVis	reason=download_http_404	message=
2026-07-03 02:45:04	cid=398	cas=79-46-9	modality=uvvis	url=https://webbook.nist.gov/cgi/cbook.cgi?JCAMP=C79469&Index=2&Type=UVVis	reason=download_http_404	message=
2026-07-03 02:45:05	cid=398	cas=79-46-9	modality=uvvis	url=https://webbook.nist.gov/cgi/cbook.cgi?JCAMP=C79469&Index=3&Type=UVVis	reason=download_http_404	message=
2026-07-03 02:45:05	cid=398	cas=79-46-9	modality=uvvis	url=https://webbook.nist.gov/cgi/cbook.cgi?JCAMP=C79469&Index=4&Type=UVVis	reason=download_http_404	message=
2026-07-03 02:45:05	cid=398	cas=79-46-9	modality=uvvis	url=https://webbook.nist.gov/cgi/cbook.cgi?JCAMP=C79469&Index=5&Type=UVVis	reason=download_http_404	message=
2026-07-03 02:45:15	cid=398	cas=79-46-9	modality=uvvis	url=https://webbook.nist.gov/cgi/cbook.cgi?JCAMP=C79469&Index=6&Type=UVVis	reason=download_http_404	message=
2026-07-03 02:45:16	cid=398	cas=79-46-9	modality=uvvis	url=https://webbook.nist.gov/cgi/cbook.cgi?JCAMP=C79469&Index=7&Type=UVVis	reason=download_http_404	message=
2026-07-03 02:45:16	cid=398	cas=79-46-9	modality=uvvis	url=https://webbook.nist.gov/cgi/cbook.cgi?JCAMP=C79469&Index=8&Type=UVVis	reason=download_http_404	message=
2026-07-03 02:45:16	cid=398	cas=79-46-9	modality=uvvis	url=https://webbook.nist.gov/cgi/cbook.cgi?JCAMP=C79469&Index=9&Type=UVVis	reason=download_http_404	message=
2026-07-03 02:45:16	cid=398	cas=79-46-9	modality=	url=https://webbook.nist.gov/cgi/cbook.cgi?ID=79-46-9&Units=SI&Mask=480	reason=all_jcamp_downloads_failed	message=ir:download_http_404;ir:download_http_404;ir:download_http_404;ir:download_http_404;ir:download_http_404;ir:download_http_404;ir:download_http_404;ir:download_http_404;uvvis:download_http_404;uvvis:download_http_404;uvvis:download_http_404;uvvis:download_http_404;uvvis:download_http_404;uvvis:download_http_404;uvvis:download_http_404;uvvis:download_http_404;uvvis:download_http_404
2026-07-03 02:45:17	cid=399	cas=109467-28-9	modality=	url=https://webbook.nist.gov/cgi/cbook.cgi?ID=109467-28-9&Units=SI&Mask=480	reason=nist_not_found	message=
2026-07-03 02:45:17	cid=400	cas=25559-38-0	modality=	url=https://webbook.nist.gov/cgi/cbook.cgi?ID=25559-38-0&Units=SI&Mask=480	reason=nist_not_found	message=
2026-07-03 02:45:18	cid=401	cas=68-39-3	modality=	url=https://webbook.nist.gov/cgi/cbook.cgi?ID=68-39-3&Units=SI&Mask=480	reason=nist_not_found	message=
2026-07-03 02:45:19	cid=403	cas=123-30-8	modality=ir	url=https://webbook.nist.gov/cgi/cbook.cgi?JCAMP=C123308&Index=2&Type=IR	reason=download_http_404	message=
2026-07-03 02:45:23	cid=403	cas=123-30-8	modality=ir	url=https://webbook.nist.gov/cgi/cbook.cgi?JCAMP=C123308&Index=3&Type=IR	reason=download_http_404	message=
2026-07-03 02:45:23	cid=403	cas=123-30-8	modality=ir	url=https://webbook.nist.gov/cgi/cbook.cgi?JCAMP=C123308&Index=4&Type=IR	reason=download_http_404	message=
2026-07-03 02:45:27	cid=403	cas=123-30-8	modality=ir	url=https://webbook.nist.gov/cgi/cbook.cgi?JCAMP=C123308&Index=5&Type=IR	reason=download_http_404	message=
2026-07-03 02:45:31	cid=403	cas=123-30-8	modality=ir	url=https://webbook.nist.gov/cgi/cbook.cgi?JCAMP=C123308&Index=6&Type=IR	reason=download_http_404	message=
2026-07-03 02:45:31	cid=403	cas=123-30-8	modality=ir	url=https://webbook.nist.gov/cgi/cbook.cgi?JCAMP=C123308&Index=7&Type=IR	reason=download_http_404	message=
2026-07-03 02:45:35	cid=403	cas=123-30-8	modality=ir	url=https://webbook.nist.gov/cgi/cbook.cgi?JCAMP=C123308&Index=8&Type=IR	reason=download_http_404	message=
2026-07-03 02:45:39	cid=403	cas=123-30-8	modality=ir	url=https://webbook.nist.gov/cgi/cbook.cgi?JCAMP=C123308&Index=9&Type=IR	reason=download_http_404	message=
2026-07-03 02:45:39	cid=403	cas=123-30-8	modality=	url=https://webbook.nist.gov/cgi/cbook.cgi?ID=123-30-8&Units=SI&Mask=480	reason=all_jcamp_downloads_failed	message=ir:download_http_404;ir:download_http_404;ir:download_http_404;ir:download_http_404;ir:download_http_404;ir:download_http_404;ir:download_http_404;ir:download_http_404
2026-07-03 02:45:39	cid=404	cas=	modality=	url=	reason=not_found	message=no_cas_in_synonyms
2026-07-03 02:45:39	cid=405	cas=	modality=	url=	reason=not_found	message=no_cas_in_synonyms
2026-07-03 02:45:40	cid=408	cas=15569-85-4	modality=	url=https://webbook.nist.gov/cgi/cbook.cgi?ID=15569-85-4&Units=SI&Mask=480	reason=nist_not_found	message=
2026-07-03 02:45:40	cid=409	cas=63551-14-4	modality=	url=https://webbook.nist.gov/cgi/cbook.cgi?ID=63551-14-4&Units=SI&Mask=480	reason=nist_not_found	message=
2026-07-03 02:45:41	cid=410	cas=	modality=	url=	reason=not_found	message=no_cas_in_synonyms
2026-07-03 02:45:41	cid=411	cas=	modality=	url=	reason=not_found	message=pubchem_synonyms_404
2026-07-03 02:45:42	cid=412	cas=5746-86-1	modality=ir	url=https://webbook.nist.gov/cgi/cbook.cgi?JCAMP=C494973&Index=0&Type=IR	reason=download_http_404	message=
2026-07-03 02:45:42	cid=412	cas=5746-86-1	modality=ir	url=https://webbook.nist.gov/cgi/cbook.cgi?JCAMP=C494973&Index=1&Type=IR	reason=download_http_404	message=
2026-07-03 02:45:42	cid=412	cas=5746-86-1	modality=ir	url=https://webbook.nist.gov/cgi/cbook.cgi?JCAMP=C494973&Index=2&Type=IR	reason=download_http_404	message=
2026-07-03 02:45:43	cid=412	cas=5746-86-1	modality=ir	url=https://webbook.nist.gov/cgi/cbook.cgi?JCAMP=C494973&Index=3&Type=IR	reason=download_http_404	message=
2026-07-03 02:45:53	cid=412	cas=5746-86-1	modality=ir	url=https://webbook.nist.gov/cgi/cbook.cgi?JCAMP=C494973&Index=4&Type=IR	reason=download_http_404	message=
2026-07-03 02:45:53	cid=412	cas=5746-86-1	modality=ir	url=https://webbook.nist.gov/cgi/cbook.cgi?JCAMP=C494973&Index=5&Type=IR	reason=download_http_404	message=
2026-07-03 02:45:54	cid=412	cas=5746-86-1	modality=ir	url=https://webbook.nist.gov/cgi/cbook.cgi?JCAMP=C494973&Index=6&Type=IR	reason=download_http_404	message=
2026-07-03 02:45:54	cid=412	cas=5746-86-1	modality=ir	url=https://webbook.nist.gov/cgi/cbook.cgi?JCAMP=C494973&Index=7&Type=IR	reason=download_http_404	message=
2026-07-03 02:45:54	cid=412	cas=5746-86-1	modality=ir	url=https://webbook.nist.gov/cgi/cbook.cgi?JCAMP=C494973&Index=8&Type=IR	reason=download_http_404	message=
2026-07-03 02:46:04	cid=412	cas=5746-86-1	modality=ir	url=https://webbook.nist.gov/cgi/cbook.cgi?JCAMP=C494973&Index=9&Type=IR	reason=download_http_404	message=
2026-07-03 02:46:04	cid=412	cas=5746-86-1	modality=	url=https://webbook.nist.gov/cgi/cbook.cgi?ID=5746-86-1&Units=SI&Mask=480	reason=all_jcamp_downloads_failed	message=ir:download_http_404;ir:download_http_404;ir:download_http_404;ir:download_http_404;ir:download_http_404;ir:download_http_404;ir:download_http_404;ir:download_http_404;ir:download_http_404;ir:download_http_404
2026-07-03 02:46:05	cid=413	cas=17114-40-8	modality=	url=https://webbook.nist.gov/cgi/cbook.cgi?ID=17114-40-8&Units=SI&Mask=480	reason=nist_not_found	message=
2026-07-03 02:46:06	cid=414	cas=79581-34-3	modality=	url=https://webbook.nist.gov/cgi/cbook.cgi?ID=79581-34-3&Units=SI&Mask=480	reason=nist_not_found	message=
2026-07-03 02:46:06	cid=415	cas=	modality=	url=	reason=not_found	message=no_cas_in_synonyms
2026-07-03 02:46:06	cid=416	cas=	modality=	url=	reason=not_found	message=no_cas_in_synonyms
2026-07-03 02:46:06	cid=417	cas=	modality=	url=	reason=not_found	message=no_cas_in_synonyms
2026-07-03 02:46:07	cid=418	cas=75453-80-4	modality=	url=https://webbook.nist.gov/cgi/cbook.cgi?ID=75453-80-4&Units=SI&Mask=480	reason=nist_not_found	message=
2026-07-03 02:46:07	cid=419	cas=	modality=	url=	reason=not_found	message=no_cas_in_synonyms
2026-07-03 02:46:07	cid=420	cas=6036-58-4	modality=	url=https://webbook.nist.gov/cgi/cbook.cgi?ID=6036-58-4&Units=SI&Mask=480	reason=no_jcamp_links	message=
2026-07-03 02:46:08	cid=421	cas=462-20-4	modality=	url=https://webbook.nist.gov/cgi/cbook.cgi?ID=462-20-4&Units=SI&Mask=480	reason=no_jcamp_links	message=
2026-07-03 02:46:08	cid=422	cas=53411-70-4	modality=	url=https://webbook.nist.gov/cgi/cbook.cgi?ID=53411-70-4&Units=SI&Mask=480	reason=nist_not_found	message=
2026-07-03 02:46:09	cid=423	cas=	modality=	url=	reason=not_found	message=no_cas_in_synonyms
2026-07-03 02:46:09	cid=424	cas=617-45-8	modality=	url=https://webbook.nist.gov/cgi/cbook.cgi?ID=617-45-8&Units=SI&Mask=480	reason=no_jcamp_links	message=
2026-07-03 02:46:09	cid=425	cas=	modality=	url=	reason=not_found	message=no_cas_in_synonyms
2026-07-03 02:46:10	cid=426	cas=	modality=	url=	reason=not_found	message=no_cas_in_synonyms
2026-07-03 02:46:10	cid=427	cas=	modality=	url=	reason=not_found	message=no_cas_in_synonyms
2026-07-03 02:46:10	cid=428	cas=109-76-2	modality=	url=https://webbook.nist.gov/cgi/cbook.cgi?ID=109-76-2&Units=SI&Mask=480	reason=no_jcamp_links	message=
2026-07-03 02:46:11	cid=429	cas=	modality=	url=	reason=not_found	message=no_cas_in_synonyms
2026-07-03 02:46:11	cid=430	cas=24554-05-0	modality=	url=https://webbook.nist.gov/cgi/cbook.cgi?ID=24554-05-0&Units=SI&Mask=480	reason=nist_not_found	message=
2026-07-03 02:46:12	cid=431	cas=72344-33-3	modality=	url=https://webbook.nist.gov/cgi/cbook.cgi?ID=72344-33-3&Units=SI&Mask=480	reason=nist_not_found	message=
2026-07-03 02:46:12	cid=432	cas=1824020-12-3	modality=	url=https://webbook.nist.gov/cgi/cbook.cgi?ID=1824020-12-3&Units=SI&Mask=480	reason=nist_not_found	message=
2026-07-03 02:46:12	cid=433	cas=	modality=	url=	reason=not_found	message=no_cas_in_synonyms
2026-07-03 02:46:13	cid=434	cas=2055-23-4	modality=	url=https://webbook.nist.gov/cgi/cbook.cgi?ID=2055-23-4&Units=SI&Mask=480	reason=nist_not_found	message=
2026-07-03 02:46:13	cid=435	cas=61192-49-2	modality=	url=https://webbook.nist.gov/cgi/cbook.cgi?ID=61192-49-2&Units=SI&Mask=480	reason=nist_not_found	message=
2026-07-03 02:46:14	cid=436	cas=713-05-3	modality=	url=https://webbook.nist.gov/cgi/cbook.cgi?ID=713-05-3&Units=SI&Mask=480	reason=nist_not_found	message=
2026-07-03 02:46:14	cid=437	cas=4192-31-8	modality=	url=https://webbook.nist.gov/cgi/cbook.cgi?ID=4192-31-8&Units=SI&Mask=480	reason=nist_not_found	message=
2026-07-03 02:46:15	cid=438	cas=15569-97-8	modality=	url=https://webbook.nist.gov/cgi/cbook.cgi?ID=15569-97-8&Units=SI&Mask=480	reason=nist_not_found	message=
2026-07-03 02:46:15	cid=439	cas=1005327-54-7	modality=	url=https://webbook.nist.gov/cgi/cbook.cgi?ID=1005327-54-7&Units=SI&Mask=480	reason=nist_not_found	message=
2026-07-03 02:46:16	cid=440	cas=	modality=	url=	reason=not_found	message=no_cas_in_synonyms
2026-07-03 02:46:16	cid=441	cas=300-85-6	modality=	url=https://webbook.nist.gov/cgi/cbook.cgi?ID=300-85-6&Units=SI&Mask=480	reason=no_jcamp_links	message=
2026-07-03 02:46:16	cid=442	cas=	modality=	url=	reason=not_found	message=pubchem_synonyms_404
2026-07-03 02:46:17	cid=443	cas=	modality=	url=	reason=not_found	message=no_cas_in_synonyms
2026-07-03 02:46:17	cid=444	cas=34911-55-2	modality=	url=https://webbook.nist.gov/cgi/cbook.cgi?ID=34911-55-2&Units=SI&Mask=480	reason=nist_not_found	message=
2026-07-03 02:46:18	cid=445	cas=119802-68-5	modality=	url=https://webbook.nist.gov/cgi/cbook.cgi?ID=119802-68-5&Units=SI&Mask=480	reason=nist_not_found	message=
2026-07-03 02:46:18	cid=446	cas=92264-81-8	modality=	url=https://webbook.nist.gov/cgi/cbook.cgi?ID=92264-81-8&Units=SI&Mask=480	reason=nist_not_found	message=
2026-07-03 02:46:19	cid=447	cas=535-80-8	modality=ir	url=https://webbook.nist.gov/cgi/cbook.cgi?JCAMP=C535808&Index=2&Type=IR	reason=download_http_404	message=
2026-07-03 02:46:19	cid=447	cas=535-80-8	modality=ir	url=https://webbook.nist.gov/cgi/cbook.cgi?JCAMP=C535808&Index=3&Type=IR	reason=download_http_404	message=
2026-07-03 02:46:20	cid=447	cas=535-80-8	modality=ir	url=https://webbook.nist.gov/cgi/cbook.cgi?JCAMP=C535808&Index=4&Type=IR	reason=download_http_404	message=
2026-07-03 02:46:20	cid=447	cas=535-80-8	modality=ir	url=https://webbook.nist.gov/cgi/cbook.cgi?JCAMP=C535808&Index=5&Type=IR	reason=download_http_404	message=
2026-07-03 02:46:20	cid=447	cas=535-80-8	modality=ir	url=https://webbook.nist.gov/cgi/cbook.cgi?JCAMP=C535808&Index=6&Type=IR	reason=download_http_404	message=
2026-07-03 02:46:30	cid=447	cas=535-80-8	modality=ir	url=https://webbook.nist.gov/cgi/cbook.cgi?JCAMP=C535808&Index=7&Type=IR	reason=download_http_404	message=
2026-07-03 02:46:31	cid=447	cas=535-80-8	modality=ir	url=https://webbook.nist.gov/cgi/cbook.cgi?JCAMP=C535808&Index=8&Type=IR	reason=download_http_404	message=
2026-07-03 02:46:31	cid=447	cas=535-80-8	modality=ir	url=https://webbook.nist.gov/cgi/cbook.cgi?JCAMP=C535808&Index=9&Type=IR	reason=download_http_404	message=
2026-07-03 02:46:31	cid=447	cas=535-80-8	modality=	url=https://webbook.nist.gov/cgi/cbook.cgi?ID=535-80-8&Units=SI&Mask=480	reason=all_jcamp_downloads_failed	message=ir:download_http_404;ir:download_http_404;ir:download_http_404;ir:download_http_404;ir:download_http_404;ir:download_http_404;ir:download_http_404;ir:download_http_404
2026-07-03 02:46:32	cid=448	cas=57728-59-3	modality=	url=https://webbook.nist.gov/cgi/cbook.cgi?ID=57728-59-3&Units=SI&Mask=480	reason=nist_not_found	message=
2026-07-03 02:46:32	cid=449	cas=150-97-0	modality=	url=https://webbook.nist.gov/cgi/cbook.cgi?ID=150-97-0&Units=SI&Mask=480	reason=nist_not_found	message=
2026-07-03 02:46:33	cid=450	cas=5864-38-0	modality=	url=https://webbook.nist.gov/cgi/cbook.cgi?ID=5864-38-0&Units=SI&Mask=480	reason=nist_not_found	message=
2026-07-03 02:46:33	cid=452	cas=6623-68-3	modality=	url=https://webbook.nist.gov/cgi/cbook.cgi?ID=6623-68-3&Units=SI&Mask=480	reason=nist_not_found	message=
2026-07-03 02:46:34	cid=453	cas=45007-61-2	modality=	url=https://webbook.nist.gov/cgi/cbook.cgi?ID=45007-61-2&Units=SI&Mask=480	reason=nist_not_found	message=
2026-07-03 02:46:34	cid=454	cas=124-13-0	modality=ir	url=https://webbook.nist.gov/cgi/cbook.cgi?JCAMP=C124130&Index=1&Type=IR	reason=download_http_404	message=
2026-07-03 02:46:35	cid=454	cas=124-13-0	modality=ir	url=https://webbook.nist.gov/cgi/cbook.cgi?JCAMP=C124130&Index=2&Type=IR	reason=download_http_404	message=
2026-07-03 02:46:39	cid=454	cas=124-13-0	modality=ir	url=https://webbook.nist.gov/cgi/cbook.cgi?JCAMP=C124130&Index=3&Type=IR	reason=download_http_404	message=
2026-07-03 02:46:43	cid=454	cas=124-13-0	modality=ir	url=https://webbook.nist.gov/cgi/cbook.cgi?JCAMP=C124130&Index=4&Type=IR	reason=download_http_404	message=
2026-07-03 02:46:43	cid=454	cas=124-13-0	modality=ir	url=https://webbook.nist.gov/cgi/cbook.cgi?JCAMP=C124130&Index=5&Type=IR	reason=download_http_404	message=
2026-07-03 02:46:47	cid=454	cas=124-13-0	modality=ir	url=https://webbook.nist.gov/cgi/cbook.cgi?JCAMP=C124130&Index=6&Type=IR	reason=download_http_404	message=
2026-07-03 02:46:51	cid=454	cas=124-13-0	modality=ir	url=https://webbook.nist.gov/cgi/cbook.cgi?JCAMP=C124130&Index=7&Type=IR	reason=download_http_404	message=
2026-07-03 02:46:51	cid=454	cas=124-13-0	modality=ir	url=https://webbook.nist.gov/cgi/cbook.cgi?JCAMP=C124130&Index=8&Type=IR	reason=download_http_404	message=
2026-07-03 02:46:55	cid=454	cas=124-13-0	modality=ir	url=https://webbook.nist.gov/cgi/cbook.cgi?JCAMP=C124130&Index=9&Type=IR	reason=download_http_404	message=
2026-07-03 02:46:55	cid=454	cas=124-13-0	modality=	url=https://webbook.nist.gov/cgi/cbook.cgi?ID=124-13-0&Units=SI&Mask=480	reason=all_jcamp_downloads_failed	message=ir:download_http_404;ir:download_http_404;ir:download_http_404;ir:download_http_404;ir:download_http_404;ir:download_http_404;ir:download_http_404;ir:download_http_404;ir:download_http_404
2026-07-03 02:46:55	cid=455	cas=	modality=	url=	reason=not_found	message=no_cas_in_synonyms
2026-07-03 02:46:56	cid=456	cas=585-05-7	modality=	url=https://webbook.nist.gov/cgi/cbook.cgi?ID=585-05-7&Units=SI&Mask=480	reason=nist_not_found	message=
2026-07-03 02:46:56	cid=457	cas=3106-60-3	modality=	url=https://webbook.nist.gov/cgi/cbook.cgi?ID=3106-60-3&Units=SI&Mask=480	reason=nist_not_found	message=
2026-07-03 02:46:57	cid=458	cas=13065-25-3	modality=	url=https://webbook.nist.gov/cgi/cbook.cgi?ID=13065-25-3&Units=SI&Mask=480	reason=nist_not_found	message=
2026-07-03 02:46:58	cid=460	cas=90-05-1	modality=ir	url=https://webbook.nist.gov/cgi/cbook.cgi?JCAMP=C90051&Index=3&Type=IR	reason=download_http_404	message=
2026-07-03 02:46:58	cid=460	cas=90-05-1	modality=ir	url=https://webbook.nist.gov/cgi/cbook.cgi?JCAMP=C90051&Index=4&Type=IR	reason=download_http_404	message=
2026-07-03 02:46:58	cid=460	cas=90-05-1	modality=ir	url=https://webbook.nist.gov/cgi/cbook.cgi?JCAMP=C90051&Index=5&Type=IR	reason=download_http_404	message=
2026-07-03 02:46:58	cid=460	cas=90-05-1	modality=ir	url=https://webbook.nist.gov/cgi/cbook.cgi?JCAMP=C90051&Index=6&Type=IR	reason=download_http_404	message=
2026-07-03 02:47:09	cid=460	cas=90-05-1	modality=ir	url=https://webbook.nist.gov/cgi/cbook.cgi?JCAMP=C90051&Index=7&Type=IR	reason=download_http_404	message=
2026-07-03 02:47:09	cid=460	cas=90-05-1	modality=ir	url=https://webbook.nist.gov/cgi/cbook.cgi?JCAMP=C90051&Index=8&Type=IR	reason=download_http_404	message=
2026-07-03 02:47:09	cid=460	cas=90-05-1	modality=ir	url=https://webbook.nist.gov/cgi/cbook.cgi?JCAMP=C90051&Index=9&Type=IR	reason=download_http_404	message=
2026-07-03 02:47:09	cid=460	cas=90-05-1	modality=	url=https://webbook.nist.gov/cgi/cbook.cgi?ID=90-05-1&Units=SI&Mask=480	reason=all_jcamp_downloads_failed	message=ir:download_http_404;ir:download_http_404;ir:download_http_404;ir:download_http_404;ir:download_http_404;ir:download_http_404;ir:download_http_404
2026-07-03 02:47:10	cid=461	cas=1935-18-8	modality=	url=https://webbook.nist.gov/cgi/cbook.cgi?ID=1935-18-8&Units=SI&Mask=480	reason=nist_not_found	message=
2026-07-03 02:47:10	cid=462	cas=7085-35-0	modality=	url=https://webbook.nist.gov/cgi/cbook.cgi?ID=7085-35-0&Units=SI&Mask=480	reason=nist_not_found	message=
2026-07-03 02:47:11	cid=463	cas=	modality=	url=	reason=not_found	message=no_cas_in_synonyms
2026-07-03 02:47:11	cid=464	cas=495-69-2	modality=ir	url=https://webbook.nist.gov/cgi/cbook.cgi?JCAMP=C495692&Index=1&Type=IR	reason=download_http_404	message=
2026-07-03 02:47:12	cid=464	cas=495-69-2	modality=ir	url=https://webbook.nist.gov/cgi/cbook.cgi?JCAMP=C495692&Index=2&Type=IR	reason=download_http_404	message=
2026-07-03 02:47:16	cid=464	cas=495-69-2	modality=ir	url=https://webbook.nist.gov/cgi/cbook.cgi?JCAMP=C495692&Index=3&Type=IR	reason=download_http_404	message=
2026-07-03 02:47:20	cid=464	cas=495-69-2	modality=ir	url=https://webbook.nist.gov/cgi/cbook.cgi?JCAMP=C495692&Index=4&Type=IR	reason=download_http_404	message=
2026-07-03 02:47:20	cid=464	cas=495-69-2	modality=ir	url=https://webbook.nist.gov/cgi/cbook.cgi?JCAMP=C495692&Index=5&Type=IR	reason=download_http_404	message=
2026-07-03 02:47:24	cid=464	cas=495-69-2	modality=ir	url=https://webbook.nist.gov/cgi/cbook.cgi?JCAMP=C495692&Index=6&Type=IR	reason=download_http_404	message=
2026-07-03 02:47:28	cid=464	cas=495-69-2	modality=ir	url=https://webbook.nist.gov/cgi/cbook.cgi?JCAMP=C495692&Index=7&Type=IR	reason=download_http_404	message=
2026-07-03 02:47:28	cid=464	cas=495-69-2	modality=ir	url=https://webbook.nist.gov/cgi/cbook.cgi?JCAMP=C495692&Index=8&Type=IR	reason=download_http_404	message=
2026-07-03 02:47:32	cid=464	cas=495-69-2	modality=ir	url=https://webbook.nist.gov/cgi/cbook.cgi?JCAMP=C495692&Index=9&Type=IR	reason=download_http_404	message=
2026-07-03 02:47:32	cid=464	cas=495-69-2	modality=	url=https://webbook.nist.gov/cgi/cbook.cgi?ID=495-69-2&Units=SI&Mask=480	reason=all_jcamp_downloads_failed	message=ir:download_http_404;ir:download_http_404;ir:download_http_404;ir:download_http_404;ir:download_http_404;ir:download_http_404;ir:download_http_404;ir:download_http_404;ir:download_http_404
2026-07-03 02:47:32	cid=465	cas=	modality=	url=	reason=not_found	message=no_cas_in_synonyms
2026-07-03 02:47:33	cid=466	cas=6799-01-5	modality=	url=https://webbook.nist.gov/cgi/cbook.cgi?ID=6799-01-5&Units=SI&Mask=480	reason=nist_not_found	message=
2026-07-03 02:47:33	cid=467	cas=	modality=	url=	reason=not_found	message=pubchem_synonyms_404
2026-07-03 02:47:33	cid=468	cas=	modality=	url=	reason=not_found	message=no_cas_in_synonyms
2026-07-03 02:47:34	cid=469	cas=542-32-5	modality=	url=https://webbook.nist.gov/cgi/cbook.cgi?ID=542-32-5&Units=SI&Mask=480	reason=nist_not_found	message=
2026-07-03 02:47:34	cid=470	cas=305-62-4	modality=	url=https://webbook.nist.gov/cgi/cbook.cgi?ID=305-62-4&Units=SI&Mask=480	reason=nist_not_found	message=
2026-07-03 02:47:35	cid=471	cas=215257-15-1	modality=	url=https://webbook.nist.gov/cgi/cbook.cgi?ID=215257-15-1&Units=SI&Mask=480	reason=nist_not_found	message=
2026-07-03 02:47:35	cid=472	cas=90924-76-8	modality=	url=https://webbook.nist.gov/cgi/cbook.cgi?ID=90924-76-8&Units=SI&Mask=480	reason=nist_not_found	message=
2026-07-03 02:47:36	cid=473	cas=583-92-6	modality=	url=https://webbook.nist.gov/cgi/cbook.cgi?ID=583-92-6&Units=SI&Mask=480	reason=nist_not_found	message=
2026-07-03 02:47:36	cid=474	cas=	modality=	url=	reason=not_found	message=pubchem_synonyms_404
2026-07-03 02:47:36	cid=475	cas=	modality=	url=	reason=not_found	message=no_cas_in_synonyms
2026-07-03 02:47:37	cid=476	cas=1189-94-2	modality=	url=https://webbook.nist.gov/cgi/cbook.cgi?ID=1189-94-2&Units=SI&Mask=480	reason=nist_not_found	message=
2026-07-03 02:47:37	cid=477	cas=	modality=	url=	reason=not_found	message=no_cas_in_synonyms
2026-07-03 02:47:37	cid=478	cas=	modality=	url=	reason=not_found	message=no_cas_in_synonyms
2026-07-03 02:47:37	cid=479	cas=	modality=	url=	reason=not_found	message=no_cas_in_synonyms
2026-07-03 02:47:38	cid=481	cas=49594-02-7	modality=	url=https://webbook.nist.gov/cgi/cbook.cgi?ID=49594-02-7&Units=SI&Mask=480	reason=nist_not_found	message=
2026-07-03 02:47:38	cid=482	cas=25663-09-6	modality=	url=https://webbook.nist.gov/cgi/cbook.cgi?ID=25663-09-6&Units=SI&Mask=480	reason=nist_not_found	message=
2026-07-03 02:47:39	cid=483	cas=	modality=	url=	reason=not_found	message=no_cas_in_synonyms
2026-07-03 02:47:39	cid=484	cas=4919-03-3	modality=	url=https://webbook.nist.gov/cgi/cbook.cgi?ID=4919-03-3&Units=SI&Mask=480	reason=nist_not_found	message=
2026-07-03 02:47:40	cid=485	cas=4858-96-2	modality=	url=https://webbook.nist.gov/cgi/cbook.cgi?ID=4858-96-2&Units=SI&Mask=480	reason=nist_not_found	message=
2026-07-03 02:47:40	cid=486	cas=16655-25-7	modality=	url=https://webbook.nist.gov/cgi/cbook.cgi?ID=16655-25-7&Units=SI&Mask=480	reason=nist_not_found	message=
2026-07-03 02:47:41	cid=487	cas=516-05-2	modality=	url=https://webbook.nist.gov/cgi/cbook.cgi?ID=516-05-2&Units=SI&Mask=480	reason=no_jcamp_links	message=
2026-07-03 02:47:41	cid=488	cas=	modality=	url=	reason=not_found	message=no_cas_in_synonyms
2026-07-03 02:47:41	cid=489	cas=	modality=	url=	reason=not_found	message=no_cas_in_synonyms
2026-07-03 02:47:42	cid=490	cas=16051-76-6	modality=	url=https://webbook.nist.gov/cgi/cbook.cgi?ID=16051-76-6&Units=SI&Mask=480	reason=nist_not_found	message=
2026-07-03 02:47:42	cid=493	cas=	modality=	url=	reason=not_found	message=no_cas_in_synonyms
2026-07-03 02:47:42	cid=494	cas=	modality=	url=	reason=not_found	message=no_cas_in_synonyms
2026-07-03 02:47:42	cid=495	cas=	modality=	url=	reason=not_found	message=no_cas_in_synonyms
2026-07-03 02:47:43	cid=496	cas=14278-49-0	modality=	url=https://webbook.nist.gov/cgi/cbook.cgi?ID=14278-49-0&Units=SI&Mask=480	reason=nist_not_found	message=
2026-07-03 02:47:43	cid=497	cas=	modality=	url=	reason=not_found	message=no_cas_in_synonyms
2026-07-03 02:47:44	cid=499	cas=149-87-1	modality=ir	url=https://webbook.nist.gov/cgi/cbook.cgi?JCAMP=C98793&Index=0&Type=IR	reason=download_http_404	message=
2026-07-03 02:47:44	cid=499	cas=149-87-1	modality=ir	url=https://webbook.nist.gov/cgi/cbook.cgi?JCAMP=C98793&Index=1&Type=IR	reason=download_http_404	message=
2026-07-03 02:47:44	cid=499	cas=149-87-1	modality=ir	url=https://webbook.nist.gov/cgi/cbook.cgi?JCAMP=C98793&Index=2&Type=IR	reason=download_http_404	message=
2026-07-03 02:47:45	cid=499	cas=149-87-1	modality=ir	url=https://webbook.nist.gov/cgi/cbook.cgi?JCAMP=C98793&Index=3&Type=IR	reason=download_http_404	message=
2026-07-03 02:47:45	cid=499	cas=149-87-1	modality=ir	url=https://webbook.nist.gov/cgi/cbook.cgi?JCAMP=C98793&Index=4&Type=IR	reason=download_http_404	message=
2026-07-03 02:47:55	cid=499	cas=149-87-1	modality=ir	url=https://webbook.nist.gov/cgi/cbook.cgi?JCAMP=C98793&Index=5&Type=IR	reason=download_http_404	message=
2026-07-03 02:47:56	cid=499	cas=149-87-1	modality=ir	url=https://webbook.nist.gov/cgi/cbook.cgi?JCAMP=C98793&Index=6&Type=IR	reason=download_http_404	message=
2026-07-03 02:47:56	cid=499	cas=149-87-1	modality=ir	url=https://webbook.nist.gov/cgi/cbook.cgi?JCAMP=C98793&Index=7&Type=IR	reason=download_http_404	message=
2026-07-03 02:47:56	cid=499	cas=149-87-1	modality=ir	url=https://webbook.nist.gov/cgi/cbook.cgi?JCAMP=C98793&Index=8&Type=IR	reason=download_http_404	message=
2026-07-03 02:47:57	cid=499	cas=149-87-1	modality=ir	url=https://webbook.nist.gov/cgi/cbook.cgi?JCAMP=C98793&Index=9&Type=IR	reason=download_http_404	message=
2026-07-03 02:47:57	cid=499	cas=149-87-1	modality=	url=https://webbook.nist.gov/cgi/cbook.cgi?ID=149-87-1&Units=SI&Mask=480	reason=all_jcamp_downloads_failed	message=ir:download_http_404;ir:download_http_404;ir:download_http_404;ir:download_http_404;ir:download_http_404;ir:download_http_404;ir:download_http_404;ir:download_http_404;ir:download_http_404;ir:download_http_404
2026-07-03 02:47:57	cid=500	cas=463-00-3	modality=	url=https://webbook.nist.gov/cgi/cbook.cgi?ID=463-00-3&Units=SI&Mask=480	reason=nist_not_found	message=
2026-07-03 02:47:58	cid=501	cas=850208-77-4	modality=	url=https://webbook.nist.gov/cgi/cbook.cgi?ID=850208-77-4&Units=SI&Mask=480	reason=nist_not_found	message=
2026-07-03 02:47:58	cid=502	cas=6851-51-0	modality=	url=https://webbook.nist.gov/cgi/cbook.cgi?ID=6851-51-0&Units=SI&Mask=480	reason=nist_not_found	message=
2026-07-03 02:47:59	cid=503	cas=137023-85-9	modality=	url=https://webbook.nist.gov/cgi/cbook.cgi?ID=137023-85-9&Units=SI&Mask=480	reason=nist_not_found	message=
2026-07-03 02:47:59	cid=504	cas=378750-35-7	modality=	url=https://webbook.nist.gov/cgi/cbook.cgi?ID=378750-35-7&Units=SI&Mask=480	reason=nist_not_found	message=
2026-07-03 02:47:59	cid=505	cas=	modality=	url=	reason=not_found	message=pubchem_synonyms_404
2026-07-03 02:48:00	cid=507	cas=	modality=	url=	reason=not_found	message=pubchem_synonyms_404
2026-07-03 02:48:00	cid=508	cas=	modality=	url=	reason=not_found	message=no_cas_in_synonyms
2026-07-03 02:48:00	cid=511	cas=15666-52-1	modality=	url=https://webbook.nist.gov/cgi/cbook.cgi?ID=15666-52-1&Units=SI&Mask=480	reason=nist_not_found	message=
2026-07-03 02:48:00	cid=512	cas=	modality=	url=	reason=not_found	message=no_cas_in_synonyms
2026-07-03 02:48:01	cid=513	cas=6061-95-6	modality=	url=https://webbook.nist.gov/cgi/cbook.cgi?ID=6061-95-6&Units=SI&Mask=480	reason=nist_not_found	message=
2026-07-03 02:48:01	cid=514	cas=	modality=	url=	reason=not_found	message=pubchem_synonyms_404
2026-07-03 02:48:02	cid=515	cas=6061-96-7	modality=	url=https://webbook.nist.gov/cgi/cbook.cgi?ID=6061-96-7&Units=SI&Mask=480	reason=nist_not_found	message=
2026-07-03 02:48:02	cid=516	cas=1492-08-6	modality=	url=https://webbook.nist.gov/cgi/cbook.cgi?ID=1492-08-6&Units=SI&Mask=480	reason=nist_not_found	message=
2026-07-03 02:48:02	cid=519	cas=	modality=	url=	reason=not_found	message=no_cas_in_synonyms
2026-07-03 02:48:03	cid=520	cas=	modality=	url=	reason=not_found	message=no_cas_in_synonyms
2026-07-03 02:48:03	cid=523	cas=1926-54-1	modality=	url=https://webbook.nist.gov/cgi/cbook.cgi?ID=1926-54-1&Units=SI&Mask=480	reason=nist_not_found	message=
2026-07-03 02:48:04	cid=524	cas=5651-05-8	modality=	url=https://webbook.nist.gov/cgi/cbook.cgi?ID=5651-05-8&Units=SI&Mask=480	reason=nist_not_found	message=
2026-07-03 02:48:04	cid=525	cas=6915-15-7	modality=	url=https://webbook.nist.gov/cgi/cbook.cgi?ID=6915-15-7&Units=SI&Mask=480	reason=no_jcamp_links	message=
2026-07-03 02:48:05	cid=527	cas=123-38-6	modality=ir	url=https://webbook.nist.gov/cgi/cbook.cgi?JCAMP=C123386&Index=1&Type=IR	reason=download_http_404	message=
2026-07-03 02:48:05	cid=527	cas=123-38-6	modality=ir	url=https://webbook.nist.gov/cgi/cbook.cgi?JCAMP=C123386&Index=2&Type=IR	reason=download_http_404	message=
2026-07-03 02:48:06	cid=527	cas=123-38-6	modality=ir	url=https://webbook.nist.gov/cgi/cbook.cgi?JCAMP=C123386&Index=3&Type=IR	reason=download_http_404	message=
2026-07-03 02:48:06	cid=527	cas=123-38-6	modality=ir	url=https://webbook.nist.gov/cgi/cbook.cgi?JCAMP=C123386&Index=4&Type=IR	reason=download_http_404	message=
2026-07-03 02:48:06	cid=527	cas=123-38-6	modality=ir	url=https://webbook.nist.gov/cgi/cbook.cgi?JCAMP=C123386&Index=5&Type=IR	reason=download_http_404	message=
2026-07-03 02:48:17	cid=527	cas=123-38-6	modality=ir	url=https://webbook.nist.gov/cgi/cbook.cgi?JCAMP=C123386&Index=6&Type=IR	reason=download_http_404	message=
2026-07-03 02:48:17	cid=527	cas=123-38-6	modality=ir	url=https://webbook.nist.gov/cgi/cbook.cgi?JCAMP=C123386&Index=7&Type=IR	reason=download_http_404	message=
2026-07-03 02:48:17	cid=527	cas=123-38-6	modality=ir	url=https://webbook.nist.gov/cgi/cbook.cgi?JCAMP=C123386&Index=8&Type=IR	reason=download_http_404	message=
2026-07-03 02:48:17	cid=527	cas=123-38-6	modality=ir	url=https://webbook.nist.gov/cgi/cbook.cgi?JCAMP=C123386&Index=9&Type=IR	reason=download_http_404	message=
2026-07-03 02:48:17	cid=527	cas=123-38-6	modality=	url=https://webbook.nist.gov/cgi/cbook.cgi?ID=123-38-6&Units=SI&Mask=480	reason=all_jcamp_downloads_failed	message=ir:download_http_404;ir:download_http_404;ir:download_http_404;ir:download_http_404;ir:download_http_404;ir:download_http_404;ir:download_http_404;ir:download_http_404;ir:download_http_404
2026-07-03 02:48:18	cid=528	cas=	modality=	url=	reason=not_found	message=no_cas_in_synonyms
2026-07-03 02:48:18	cid=529	cas=13147-57-4	modality=	url=https://webbook.nist.gov/cgi/cbook.cgi?ID=13147-57-4&Units=SI&Mask=480	reason=nist_not_found	message=
2026-07-03 02:48:19	cid=535	cas=22059-21-8	modality=	url=https://webbook.nist.gov/cgi/cbook.cgi?ID=22059-21-8&Units=SI&Mask=480	reason=nist_not_found	message=
2026-07-03 02:48:19	cid=540	cas=420-05-3	modality=	url=https://webbook.nist.gov/cgi/cbook.cgi?ID=420-05-3&Units=SI&Mask=480	reason=no_jcamp_links	message=
2026-07-03 02:48:20	cid=541	cas=555-16-8	modality=ir	url=https://webbook.nist.gov/cgi/cbook.cgi?JCAMP=C555168&Index=1&Type=IR	reason=download_http_404	message=
2026-07-03 02:48:24	cid=541	cas=555-16-8	modality=ir	url=https://webbook.nist.gov/cgi/cbook.cgi?JCAMP=C555168&Index=2&Type=IR	reason=download_http_404	message=
2026-07-03 02:48:24	cid=541	cas=555-16-8	modality=ir	url=https://webbook.nist.gov/cgi/cbook.cgi?JCAMP=C555168&Index=3&Type=IR	reason=download_http_404	message=
2026-07-03 02:48:28	cid=541	cas=555-16-8	modality=ir	url=https://webbook.nist.gov/cgi/cbook.cgi?JCAMP=C555168&Index=4&Type=IR	reason=download_http_404	message=
2026-07-03 02:48:32	cid=541	cas=555-16-8	modality=ir	url=https://webbook.nist.gov/cgi/cbook.cgi?JCAMP=C555168&Index=5&Type=IR	reason=download_http_404	message=
2026-07-03 02:48:32	cid=541	cas=555-16-8	modality=ir	url=https://webbook.nist.gov/cgi/cbook.cgi?JCAMP=C555168&Index=6&Type=IR	reason=download_http_404	message=
2026-07-03 02:48:36	cid=541	cas=555-16-8	modality=ir	url=https://webbook.nist.gov/cgi/cbook.cgi?JCAMP=C555168&Index=7&Type=IR	reason=download_http_404	message=
2026-07-03 02:48:38	cid=541	cas=555-16-8	modality=ir	url=https://webbook.nist.gov/cgi/cbook.cgi?JCAMP=C555168&Index=8&Type=IR	reason=download_http_404	message=
2026-07-03 02:48:38	cid=541	cas=555-16-8	modality=ir	url=https://webbook.nist.gov/cgi/cbook.cgi?JCAMP=C555168&Index=9&Type=IR	reason=download_http_404	message=
2026-07-03 02:48:39	cid=541	cas=555-16-8	modality=uvvis	url=https://webbook.nist.gov/cgi/cbook.cgi?JCAMP=C555168&Index=1&Type=UVVis	reason=download_http_404	message=
2026-07-03 02:48:49	cid=541	cas=555-16-8	modality=uvvis	url=https://webbook.nist.gov/cgi/cbook.cgi?JCAMP=C555168&Index=2&Type=UVVis	reason=download_http_404	message=
2026-07-03 02:48:49	cid=541	cas=555-16-8	modality=uvvis	url=https://webbook.nist.gov/cgi/cbook.cgi?JCAMP=C555168&Index=3&Type=UVVis	reason=download_http_404	message=
2026-07-03 02:48:49	cid=541	cas=555-16-8	modality=uvvis	url=https://webbook.nist.gov/cgi/cbook.cgi?JCAMP=C555168&Index=4&Type=UVVis	reason=download_http_404	message=
2026-07-03 02:48:50	cid=541	cas=555-16-8	modality=uvvis	url=https://webbook.nist.gov/cgi/cbook.cgi?JCAMP=C555168&Index=5&Type=UVVis	reason=download_http_404	message=
2026-07-03 02:48:50	cid=541	cas=555-16-8	modality=uvvis	url=https://webbook.nist.gov/cgi/cbook.cgi?JCAMP=C555168&Index=6&Type=UVVis	reason=download_http_404	message=
2026-07-03 02:49:00	cid=541	cas=555-16-8	modality=uvvis	url=https://webbook.nist.gov/cgi/cbook.cgi?JCAMP=C555168&Index=7&Type=UVVis	reason=download_http_404	message=
2026-07-03 02:49:01	cid=541	cas=555-16-8	modality=uvvis	url=https://webbook.nist.gov/cgi/cbook.cgi?JCAMP=C555168&Index=8&Type=UVVis	reason=download_http_404	message=
2026-07-03 02:49:01	cid=541	cas=555-16-8	modality=uvvis	url=https://webbook.nist.gov/cgi/cbook.cgi?JCAMP=C555168&Index=9&Type=UVVis	reason=download_http_404	message=
2026-07-03 02:49:01	cid=541	cas=555-16-8	modality=	url=https://webbook.nist.gov/cgi/cbook.cgi?ID=555-16-8&Units=SI&Mask=480	reason=all_jcamp_downloads_failed	message=ir:download_http_404;ir:download_http_404;ir:download_http_404;ir:download_http_404;ir:download_http_404;ir:download_http_404;ir:download_http_404;ir:download_http_404;ir:download_http_404;uvvis:download_http_404;uvvis:download_http_404;uvvis:download_http_404;uvvis:download_http_404;uvvis:download_http_404;uvvis:download_http_404;uvvis:download_http_404;uvvis:download_http_404;uvvis:download_http_404
2026-07-03 02:49:01	cid=542	cas=6666-46-2	modality=	url=https://webbook.nist.gov/cgi/cbook.cgi?ID=6666-46-2&Units=SI&Mask=480	reason=nist_not_found	message=
2026-07-03 02:49:02	cid=543	cas=	modality=	url=	reason=not_found	message=no_cas_in_synonyms
2026-07-03 02:49:02	cid=546	cas=4408-78-0	modality=ir	url=https://webbook.nist.gov/cgi/cbook.cgi?JCAMP=C4408780&Index=1&Type=IR	reason=download_http_404	message=
2026-07-03 02:49:03	cid=546	cas=4408-78-0	modality=ir	url=https://webbook.nist.gov/cgi/cbook.cgi?JCAMP=C4408780&Index=2&Type=IR	reason=download_http_404	message=
2026-07-03 02:49:07	cid=546	cas=4408-78-0	modality=ir	url=https://webbook.nist.gov/cgi/cbook.cgi?JCAMP=C4408780&Index=3&Type=IR	reason=download_http_404	message=
2026-07-03 02:49:10	cid=546	cas=4408-78-0	modality=ir	url=https://webbook.nist.gov/cgi/cbook.cgi?JCAMP=C4408780&Index=4&Type=IR	reason=download_http_404	message=
2026-07-03 02:49:11	cid=546	cas=4408-78-0	modality=ir	url=https://webbook.nist.gov/cgi/cbook.cgi?JCAMP=C4408780&Index=5&Type=IR	reason=download_http_404	message=
2026-07-03 02:49:15	cid=546	cas=4408-78-0	modality=ir	url=https://webbook.nist.gov/cgi/cbook.cgi?JCAMP=C4408780&Index=6&Type=IR	reason=download_http_404	message=
2026-07-03 02:49:19	cid=546	cas=4408-78-0	modality=ir	url=https://webbook.nist.gov/cgi/cbook.cgi?JCAMP=C4408780&Index=7&Type=IR	reason=download_http_404	message=
2026-07-03 02:49:19	cid=546	cas=4408-78-0	modality=ir	url=https://webbook.nist.gov/cgi/cbook.cgi?JCAMP=C4408780&Index=8&Type=IR	reason=download_http_404	message=
2026-07-03 02:49:23	cid=546	cas=4408-78-0	modality=ir	url=https://webbook.nist.gov/cgi/cbook.cgi?JCAMP=C4408780&Index=9&Type=IR	reason=download_http_404	message=
2026-07-03 02:49:23	cid=546	cas=4408-78-0	modality=	url=https://webbook.nist.gov/cgi/cbook.cgi?ID=4408-78-0&Units=SI&Mask=480	reason=all_jcamp_downloads_failed	message=ir:download_http_404;ir:download_http_404;ir:download_http_404;ir:download_http_404;ir:download_http_404;ir:download_http_404;ir:download_http_404;ir:download_http_404;ir:download_http_404
2026-07-03 02:49:27	cid=547	cas=102-32-9	modality=ir	url=https://webbook.nist.gov/cgi/cbook.cgi?JCAMP=C102329&Index=1&Type=IR	reason=download_http_404	message=
2026-07-03 02:49:27	cid=547	cas=102-32-9	modality=ir	url=https://webbook.nist.gov/cgi/cbook.cgi?JCAMP=C102329&Index=2&Type=IR	reason=download_http_404	message=
2026-07-03 02:49:31	cid=547	cas=102-32-9	modality=ir	url=https://webbook.nist.gov/cgi/cbook.cgi?JCAMP=C102329&Index=3&Type=IR	reason=download_http_404	message=
2026-07-03 02:49:35	cid=547	cas=102-32-9	modality=ir	url=https://webbook.nist.gov/cgi/cbook.cgi?JCAMP=C102329&Index=4&Type=IR	reason=download_http_404	message=
2026-07-03 02:49:35	cid=547	cas=102-32-9	modality=ir	url=https://webbook.nist.gov/cgi/cbook.cgi?JCAMP=C102329&Index=5&Type=IR	reason=download_http_404	message=
2026-07-03 02:49:39	cid=547	cas=102-32-9	modality=ir	url=https://webbook.nist.gov/cgi/cbook.cgi?JCAMP=C102329&Index=6&Type=IR	reason=download_http_404	message=
2026-07-03 02:49:43	cid=547	cas=102-32-9	modality=ir	url=https://webbook.nist.gov/cgi/cbook.cgi?JCAMP=C102329&Index=7&Type=IR	reason=download_http_404	message=
2026-07-03 02:49:44	cid=547	cas=102-32-9	modality=ir	url=https://webbook.nist.gov/cgi/cbook.cgi?JCAMP=C102329&Index=8&Type=IR	reason=download_http_404	message=
2026-07-03 02:49:47	cid=547	cas=102-32-9	modality=ir	url=https://webbook.nist.gov/cgi/cbook.cgi?JCAMP=C102329&Index=9&Type=IR	reason=download_http_404	message=
2026-07-03 02:49:47	cid=547	cas=102-32-9	modality=	url=https://webbook.nist.gov/cgi/cbook.cgi?ID=102-32-9&Units=SI&Mask=480	reason=all_jcamp_downloads_failed	message=ir:download_http_404;ir:download_http_404;ir:download_http_404;ir:download_http_404;ir:download_http_404;ir:download_http_404;ir:download_http_404;ir:download_http_404;ir:download_http_404
2026-07-03 02:49:48	cid=548	cas=	modality=	url=	reason=not_found	message=no_cas_in_synonyms
2026-07-03 02:49:48	cid=550	cas=	modality=	url=	reason=not_found	message=no_cas_in_synonyms
2026-07-03 02:49:48	cid=551	cas=	modality=	url=	reason=not_found	message=no_cas_in_synonyms
2026-07-03 02:49:49	cid=553	cas=53795-98-5	modality=	url=https://webbook.nist.gov/cgi/cbook.cgi?ID=53795-98-5&Units=SI&Mask=480	reason=nist_not_found	message=
2026-07-03 02:49:49	cid=554	cas=32039-73-9	modality=	url=https://webbook.nist.gov/cgi/cbook.cgi?ID=32039-73-9&Units=SI&Mask=480	reason=nist_not_found	message=
2026-07-03 02:49:49	cid=555	cas=	modality=	url=	reason=not_found	message=no_cas_in_synonyms
2026-07-03 02:49:49	cid=556	cas=	modality=	url=	reason=not_found	message=pubchem_synonyms_404
2026-07-03 02:49:50	cid=557	cas=68078-09-1	modality=	url=https://webbook.nist.gov/cgi/cbook.cgi?ID=68078-09-1&Units=SI&Mask=480	reason=nist_not_found	message=
2026-07-03 02:49:50	cid=558	cas=3715-10-4	modality=	url=https://webbook.nist.gov/cgi/cbook.cgi?ID=3715-10-4&Units=SI&Mask=480	reason=nist_not_found	message=
2026-07-03 02:49:51	cid=559	cas=14049-14-0	modality=	url=https://webbook.nist.gov/cgi/cbook.cgi?ID=14049-14-0&Units=SI&Mask=480	reason=nist_not_found	message=
2026-07-03 02:49:51	cid=560	cas=	modality=	url=	reason=not_found	message=no_cas_in_synonyms
2026-07-03 02:49:52	cid=561	cas=115974-73-7	modality=	url=https://webbook.nist.gov/cgi/cbook.cgi?ID=115974-73-7&Units=SI&Mask=480	reason=nist_not_found	message=
2026-07-03 02:49:52	cid=562	cas=151169-51-6	modality=	url=https://webbook.nist.gov/cgi/cbook.cgi?ID=151169-51-6&Units=SI&Mask=480	reason=nist_not_found	message=
2026-07-03 02:49:53	cid=563	cas=646-01-5	modality=	url=https://webbook.nist.gov/cgi/cbook.cgi?ID=646-01-5&Units=SI&Mask=480	reason=no_jcamp_links	message=
2026-07-03 02:49:53	cid=564	cas=60-32-2	modality=	url=https://webbook.nist.gov/cgi/cbook.cgi?ID=60-32-2&Units=SI&Mask=480	reason=no_jcamp_links	message=
2026-07-03 02:49:54	cid=568	cas=132-64-9	modality=ir	url=https://webbook.nist.gov/cgi/cbook.cgi?JCAMP=C132649&Index=2&Type=IR	reason=download_http_404	message=
2026-07-03 02:49:54	cid=568	cas=132-64-9	modality=ir	url=https://webbook.nist.gov/cgi/cbook.cgi?JCAMP=C132649&Index=3&Type=IR	reason=download_http_404	message=
2026-07-03 02:49:55	cid=568	cas=132-64-9	modality=ir	url=https://webbook.nist.gov/cgi/cbook.cgi?JCAMP=C132649&Index=4&Type=IR	reason=download_http_404	message=
2026-07-03 02:49:55	cid=568	cas=132-64-9	modality=ir	url=https://webbook.nist.gov/cgi/cbook.cgi?JCAMP=C132649&Index=5&Type=IR	reason=download_http_404	message=
2026-07-03 02:49:55	cid=568	cas=132-64-9	modality=ir	url=https://webbook.nist.gov/cgi/cbook.cgi?JCAMP=C132649&Index=6&Type=IR	reason=download_http_404	message=
2026-07-03 02:50:05	cid=568	cas=132-64-9	modality=ir	url=https://webbook.nist.gov/cgi/cbook.cgi?JCAMP=C132649&Index=7&Type=IR	reason=download_http_404	message=
2026-07-03 02:50:06	cid=568	cas=132-64-9	modality=ir	url=https://webbook.nist.gov/cgi/cbook.cgi?JCAMP=C132649&Index=8&Type=IR	reason=download_http_404	message=
2026-07-03 02:50:06	cid=568	cas=132-64-9	modality=ir	url=https://webbook.nist.gov/cgi/cbook.cgi?JCAMP=C132649&Index=9&Type=IR	reason=download_http_404	message=
2026-07-03 02:50:06	cid=568	cas=132-64-9	modality=uvvis	url=https://webbook.nist.gov/cgi/cbook.cgi?JCAMP=C132649&Index=1&Type=UVVis	reason=download_http_404	message=
2026-07-03 02:50:07	cid=568	cas=132-64-9	modality=uvvis	url=https://webbook.nist.gov/cgi/cbook.cgi?JCAMP=C132649&Index=2&Type=UVVis	reason=download_http_404	message=
2026-07-03 02:50:17	cid=568	cas=132-64-9	modality=uvvis	url=https://webbook.nist.gov/cgi/cbook.cgi?JCAMP=C132649&Index=3&Type=UVVis	reason=download_http_404	message=
2026-07-03 02:50:17	cid=568	cas=132-64-9	modality=uvvis	url=https://webbook.nist.gov/cgi/cbook.cgi?JCAMP=C132649&Index=4&Type=UVVis	reason=download_http_404	message=
2026-07-03 02:50:17	cid=568	cas=132-64-9	modality=uvvis	url=https://webbook.nist.gov/cgi/cbook.cgi?JCAMP=C132649&Index=5&Type=UVVis	reason=download_http_404	message=
2026-07-03 02:50:18	cid=568	cas=132-64-9	modality=uvvis	url=https://webbook.nist.gov/cgi/cbook.cgi?JCAMP=C132649&Index=6&Type=UVVis	reason=download_http_404	message=
2026-07-03 02:50:18	cid=568	cas=132-64-9	modality=uvvis	url=https://webbook.nist.gov/cgi/cbook.cgi?JCAMP=C132649&Index=7&Type=UVVis	reason=download_http_404	message=
2026-07-03 02:50:28	cid=568	cas=132-64-9	modality=uvvis	url=https://webbook.nist.gov/cgi/cbook.cgi?JCAMP=C132649&Index=8&Type=UVVis	reason=download_http_404	message=
2026-07-03 02:50:28	cid=568	cas=132-64-9	modality=uvvis	url=https://webbook.nist.gov/cgi/cbook.cgi?JCAMP=C132649&Index=9&Type=UVVis	reason=download_http_404	message=
2026-07-03 02:50:28	cid=568	cas=132-64-9	modality=	url=https://webbook.nist.gov/cgi/cbook.cgi?ID=132-64-9&Units=SI&Mask=480	reason=all_jcamp_downloads_failed	message=ir:download_http_404;ir:download_http_404;ir:download_http_404;ir:download_http_404;ir:download_http_404;ir:download_http_404;ir:download_http_404;ir:download_http_404;uvvis:download_http_404;uvvis:download_http_404;uvvis:download_http_404;uvvis:download_http_404;uvvis:download_http_404;uvvis:download_http_404;uvvis:download_http_404;uvvis:download_http_404;uvvis:download_http_404
2026-07-03 02:50:29	cid=569	cas=91368-55-7	modality=	url=https://webbook.nist.gov/cgi/cbook.cgi?ID=91368-55-7&Units=SI&Mask=480	reason=nist_not_found	message=
2026-07-03 02:50:29	cid=570	cas=	modality=	url=	reason=not_found	message=no_cas_in_synonyms
2026-07-03 02:50:30	cid=571	cas=68041-51-0	modality=	url=https://webbook.nist.gov/cgi/cbook.cgi?ID=68041-51-0&Units=SI&Mask=480	reason=nist_not_found	message=
2026-07-03 02:50:30	cid=572	cas=66508-53-0	modality=	url=https://webbook.nist.gov/cgi/cbook.cgi?ID=66508-53-0&Units=SI&Mask=480	reason=nist_not_found	message=
2026-07-03 02:50:31	cid=573	cas=68295-84-1	modality=	url=https://webbook.nist.gov/cgi/cbook.cgi?ID=68295-84-1&Units=SI&Mask=480	reason=nist_not_found	message=
2026-07-03 02:50:31	cid=577	cas=	modality=	url=	reason=not_found	message=pubchem_synonyms_404
2026-07-03 02:50:31	cid=578	cas=	modality=	url=	reason=not_found	message=pubchem_synonyms_404
2026-07-03 02:50:31	cid=579	cas=91811-18-6	modality=	url=https://webbook.nist.gov/cgi/cbook.cgi?ID=91811-18-6&Units=SI&Mask=480	reason=nist_not_found	message=
2026-07-03 02:50:32	cid=580	cas=	modality=	url=	reason=not_found	message=no_cas_in_synonyms
2026-07-03 02:50:32	cid=581	cas=7218-04-4	modality=	url=https://webbook.nist.gov/cgi/cbook.cgi?ID=7218-04-4&Units=SI&Mask=480	reason=nist_not_found	message=
2026-07-03 02:50:33	cid=583	cas=89932-52-5	modality=	url=https://webbook.nist.gov/cgi/cbook.cgi?ID=89932-52-5&Units=SI&Mask=480	reason=nist_not_found	message=
2026-07-03 02:50:33	cid=584	cas=60951-26-0	modality=	url=https://webbook.nist.gov/cgi/cbook.cgi?ID=60951-26-0&Units=SI&Mask=480	reason=nist_not_found	message=
2026-07-03 02:50:34	cid=585	cas=90293-62-2	modality=	url=https://webbook.nist.gov/cgi/cbook.cgi?ID=90293-62-2&Units=SI&Mask=480	reason=nist_not_found	message=
2026-07-03 02:50:35	cid=586	cas=57-00-1	modality=ir	url=https://webbook.nist.gov/cgi/cbook.cgi?JCAMP=C57001&Index=1&Type=IR	reason=download_http_404	message=
2026-07-03 02:50:35	cid=586	cas=57-00-1	modality=ir	url=https://webbook.nist.gov/cgi/cbook.cgi?JCAMP=C57001&Index=2&Type=IR	reason=download_http_404	message=
2026-07-03 02:50:35	cid=586	cas=57-00-1	modality=ir	url=https://webbook.nist.gov/cgi/cbook.cgi?JCAMP=C57001&Index=3&Type=IR	reason=download_http_404	message=
2026-07-03 02:50:35	cid=586	cas=57-00-1	modality=ir	url=https://webbook.nist.gov/cgi/cbook.cgi?JCAMP=C57001&Index=4&Type=IR	reason=download_http_404	message=
2026-07-03 02:50:36	cid=586	cas=57-00-1	modality=ir	url=https://webbook.nist.gov/cgi/cbook.cgi?JCAMP=C57001&Index=5&Type=IR	reason=download_http_404	message=
2026-07-03 02:50:47	cid=586	cas=57-00-1	modality=ir	url=https://webbook.nist.gov/cgi/cbook.cgi?JCAMP=C57001&Index=6&Type=IR	reason=download_http_404	message=
2026-07-03 02:50:49	cid=586	cas=57-00-1	modality=ir	url=https://webbook.nist.gov/cgi/cbook.cgi?JCAMP=C57001&Index=7&Type=IR	reason=download_http_404	message=
2026-07-03 02:50:49	cid=586	cas=57-00-1	modality=ir	url=https://webbook.nist.gov/cgi/cbook.cgi?JCAMP=C57001&Index=8&Type=IR	reason=download_http_404	message=
2026-07-03 02:50:50	cid=586	cas=57-00-1	modality=ir	url=https://webbook.nist.gov/cgi/cbook.cgi?JCAMP=C57001&Index=9&Type=IR	reason=download_http_404	message=
2026-07-03 02:50:50	cid=586	cas=57-00-1	modality=	url=https://webbook.nist.gov/cgi/cbook.cgi?ID=57-00-1&Units=SI&Mask=480	reason=all_jcamp_downloads_failed	message=ir:download_http_404;ir:download_http_404;ir:download_http_404;ir:download_http_404;ir:download_http_404;ir:download_http_404;ir:download_http_404;ir:download_http_404;ir:download_http_404
2026-07-03 02:50:50	cid=587	cas=	modality=	url=	reason=not_found	message=no_cas_in_synonyms
2026-07-03 02:50:51	cid=588	cas=60-27-5	modality=uvvis	url=https://webbook.nist.gov/cgi/cbook.cgi?JCAMP=C60275&Index=1&Type=UVVis	reason=download_http_404	message=
2026-07-03 02:50:55	cid=588	cas=60-27-5	modality=uvvis	url=https://webbook.nist.gov/cgi/cbook.cgi?JCAMP=C60275&Index=2&Type=UVVis	reason=download_http_404	message=
2026-07-03 02:50:55	cid=588	cas=60-27-5	modality=uvvis	url=https://webbook.nist.gov/cgi/cbook.cgi?JCAMP=C60275&Index=3&Type=UVVis	reason=download_http_404	message=
2026-07-03 02:50:59	cid=588	cas=60-27-5	modality=uvvis	url=https://webbook.nist.gov/cgi/cbook.cgi?JCAMP=C60275&Index=4&Type=UVVis	reason=download_http_404	message=
2026-07-03 02:51:03	cid=588	cas=60-27-5	modality=uvvis	url=https://webbook.nist.gov/cgi/cbook.cgi?JCAMP=C60275&Index=5&Type=UVVis	reason=download_http_404	message=
2026-07-03 02:51:03	cid=588	cas=60-27-5	modality=uvvis	url=https://webbook.nist.gov/cgi/cbook.cgi?JCAMP=C60275&Index=6&Type=UVVis	reason=download_http_404	message=
2026-07-03 02:51:07	cid=588	cas=60-27-5	modality=uvvis	url=https://webbook.nist.gov/cgi/cbook.cgi?JCAMP=C60275&Index=7&Type=UVVis	reason=download_http_404	message=
2026-07-03 02:51:11	cid=588	cas=60-27-5	modality=uvvis	url=https://webbook.nist.gov/cgi/cbook.cgi?JCAMP=C60275&Index=8&Type=UVVis	reason=download_http_404	message=
2026-07-03 02:51:11	cid=588	cas=60-27-5	modality=uvvis	url=https://webbook.nist.gov/cgi/cbook.cgi?JCAMP=C60275&Index=9&Type=UVVis	reason=download_http_404	message=
2026-07-03 02:51:11	cid=588	cas=60-27-5	modality=	url=https://webbook.nist.gov/cgi/cbook.cgi?ID=60-27-5&Units=SI&Mask=480	reason=all_jcamp_downloads_failed	message=uvvis:download_http_404;uvvis:download_http_404;uvvis:download_http_404;uvvis:download_http_404;uvvis:download_http_404;uvvis:download_http_404;uvvis:download_http_404;uvvis:download_http_404;uvvis:download_http_404
2026-07-03 02:51:11	cid=589	cas=	modality=	url=	reason=not_found	message=no_cas_in_synonyms
2026-07-03 02:51:12	cid=590	cas=19889-69-1	modality=	url=https://webbook.nist.gov/cgi/cbook.cgi?ID=19889-69-1&Units=SI&Mask=480	reason=nist_not_found	message=
2026-07-03 02:51:12	cid=593	cas=	modality=	url=	reason=not_found	message=no_cas_in_synonyms
2026-07-03 02:51:13	cid=594	cas=3374-22-9	modality=	url=https://webbook.nist.gov/cgi/cbook.cgi?ID=3374-22-9&Units=SI&Mask=480	reason=no_jcamp_links	message=
2026-07-03 02:51:13	cid=595	cas=923-32-0	modality=	url=https://webbook.nist.gov/cgi/cbook.cgi?ID=923-32-0&Units=SI&Mask=480	reason=no_jcamp_links	message=
2026-07-03 02:51:14	cid=596	cas=688007-26-3	modality=	url=https://webbook.nist.gov/cgi/cbook.cgi?ID=688007-26-3&Units=SI&Mask=480	reason=nist_not_found	message=
2026-07-03 02:51:14	cid=597	cas=71-30-7	modality=ir	url=https://webbook.nist.gov/cgi/cbook.cgi?JCAMP=C71307&Index=2&Type=IR	reason=download_http_404	message=
2026-07-03 02:51:15	cid=597	cas=71-30-7	modality=ir	url=https://webbook.nist.gov/cgi/cbook.cgi?JCAMP=C71307&Index=3&Type=IR	reason=download_http_404	message=
2026-07-03 02:51:15	cid=597	cas=71-30-7	modality=ir	url=https://webbook.nist.gov/cgi/cbook.cgi?JCAMP=C71307&Index=4&Type=IR	reason=download_http_404	message=
2026-07-03 02:51:25	cid=597	cas=71-30-7	modality=ir	url=https://webbook.nist.gov/cgi/cbook.cgi?JCAMP=C71307&Index=5&Type=IR	reason=download_http_404	message=
2026-07-03 02:51:26	cid=597	cas=71-30-7	modality=ir	url=https://webbook.nist.gov/cgi/cbook.cgi?JCAMP=C71307&Index=6&Type=IR	reason=download_http_404	message=
2026-07-03 02:51:26	cid=597	cas=71-30-7	modality=ir	url=https://webbook.nist.gov/cgi/cbook.cgi?JCAMP=C71307&Index=7&Type=IR	reason=download_http_404	message=
2026-07-03 02:51:26	cid=597	cas=71-30-7	modality=ir	url=https://webbook.nist.gov/cgi/cbook.cgi?JCAMP=C71307&Index=8&Type=IR	reason=download_http_404	message=
2026-07-03 02:51:26	cid=597	cas=71-30-7	modality=ir	url=https://webbook.nist.gov/cgi/cbook.cgi?JCAMP=C71307&Index=9&Type=IR	reason=download_http_404	message=
2026-07-03 02:51:37	cid=597	cas=71-30-7	modality=uvvis	url=https://webbook.nist.gov/cgi/cbook.cgi?JCAMP=C71307&Index=1&Type=UVVis	reason=download_http_404	message=
2026-07-03 02:51:37	cid=597	cas=71-30-7	modality=uvvis	url=https://webbook.nist.gov/cgi/cbook.cgi?JCAMP=C71307&Index=2&Type=UVVis	reason=download_http_404	message=
2026-07-03 02:51:37	cid=597	cas=71-30-7	modality=uvvis	url=https://webbook.nist.gov/cgi/cbook.cgi?JCAMP=C71307&Index=3&Type=UVVis	reason=download_http_404	message=
2026-07-03 02:51:37	cid=597	cas=71-30-7	modality=uvvis	url=https://webbook.nist.gov/cgi/cbook.cgi?JCAMP=C71307&Index=4&Type=UVVis	reason=download_http_404	message=
2026-07-03 02:51:38	cid=597	cas=71-30-7	modality=uvvis	url=https://webbook.nist.gov/cgi/cbook.cgi?JCAMP=C71307&Index=5&Type=UVVis	reason=download_http_404	message=
2026-07-03 02:51:48	cid=597	cas=71-30-7	modality=uvvis	url=https://webbook.nist.gov/cgi/cbook.cgi?JCAMP=C71307&Index=6&Type=UVVis	reason=download_http_404	message=
2026-07-03 02:51:48	cid=597	cas=71-30-7	modality=uvvis	url=https://webbook.nist.gov/cgi/cbook.cgi?JCAMP=C71307&Index=7&Type=UVVis	reason=download_http_404	message=
2026-07-03 02:51:49	cid=597	cas=71-30-7	modality=uvvis	url=https://webbook.nist.gov/cgi/cbook.cgi?JCAMP=C71307&Index=8&Type=UVVis	reason=download_http_404	message=
2026-07-03 02:51:49	cid=597	cas=71-30-7	modality=uvvis	url=https://webbook.nist.gov/cgi/cbook.cgi?JCAMP=C71307&Index=9&Type=UVVis	reason=download_http_404	message=
2026-07-03 02:51:49	cid=597	cas=71-30-7	modality=	url=https://webbook.nist.gov/cgi/cbook.cgi?ID=71-30-7&Units=SI&Mask=480	reason=all_jcamp_downloads_failed	message=ir:download_http_404;ir:download_http_404;ir:download_http_404;ir:download_http_404;ir:download_http_404;ir:download_http_404;ir:download_http_404;ir:download_http_404;uvvis:download_http_404;uvvis:download_http_404;uvvis:download_http_404;uvvis:download_http_404;uvvis:download_http_404;uvvis:download_http_404;uvvis:download_http_404;uvvis:download_http_404;uvvis:download_http_404
2026-07-03 02:51:49	cid=598	cas=3375-50-6	modality=	url=https://webbook.nist.gov/cgi/cbook.cgi?ID=3375-50-6&Units=SI&Mask=480	reason=nist_not_found	message=
2026-07-03 02:51:50	cid=599	cas=1187-99-1	modality=	url=https://webbook.nist.gov/cgi/cbook.cgi?ID=1187-99-1&Units=SI&Mask=480	reason=nist_not_found	message=
2026-07-03 02:51:50	cid=600	cas=	modality=	url=	reason=not_found	message=no_cas_in_synonyms
2026-07-03 02:51:51	cid=601	cas=2867-20-1	modality=	url=https://webbook.nist.gov/cgi/cbook.cgi?ID=2867-20-1&Units=SI&Mask=480	reason=no_jcamp_links	message=
2026-07-03 02:51:51	cid=602	cas=1222-66-8	modality=	url=https://webbook.nist.gov/cgi/cbook.cgi?ID=1222-66-8&Units=SI&Mask=480	reason=nist_not_found	message=
2026-07-03 02:51:52	cid=603	cas=1174374-30-1	modality=	url=https://webbook.nist.gov/cgi/cbook.cgi?ID=1174374-30-1&Units=SI&Mask=480	reason=nist_not_found	message=
2026-07-03 02:51:52	cid=604	cas=6622-52-2	modality=	url=https://webbook.nist.gov/cgi/cbook.cgi?ID=6622-52-2&Units=SI&Mask=480	reason=nist_not_found	message=
2026-07-03 02:51:53	cid=606	cas=27982-01-0	modality=	url=https://webbook.nist.gov/cgi/cbook.cgi?ID=27982-01-0&Units=SI&Mask=480	reason=nist_not_found	message=
2026-07-03 02:51:53	cid=607	cas=	modality=	url=	reason=not_found	message=no_cas_in_synonyms
2026-07-03 02:51:53	cid=608	cas=10238-03-6	modality=	url=https://webbook.nist.gov/cgi/cbook.cgi?ID=10238-03-6&Units=SI&Mask=480	reason=nist_not_found	message=
2026-07-03 02:51:53	cid=609	cas=	modality=	url=	reason=not_found	message=no_cas_in_synonyms
2026-07-03 02:51:54	cid=610	cas=912483-14-8	modality=	url=https://webbook.nist.gov/cgi/cbook.cgi?ID=912483-14-8&Units=SI&Mask=480	reason=nist_not_found	message=
2026-07-03 02:51:55	cid=611	cas=617-65-2	modality=ir	url=https://webbook.nist.gov/cgi/cbook.cgi?JCAMP=C56860&Index=1&Type=IR	reason=download_http_404	message=
2026-07-03 02:51:55	cid=611	cas=617-65-2	modality=ir	url=https://webbook.nist.gov/cgi/cbook.cgi?JCAMP=C56860&Index=2&Type=IR	reason=download_http_404	message=
2026-07-03 02:51:55	cid=611	cas=617-65-2	modality=ir	url=https://webbook.nist.gov/cgi/cbook.cgi?JCAMP=C56860&Index=3&Type=IR	reason=download_http_404	message=
2026-07-03 02:51:56	cid=611	cas=617-65-2	modality=ir	url=https://webbook.nist.gov/cgi/cbook.cgi?JCAMP=C56860&Index=4&Type=IR	reason=download_http_404	message=
2026-07-03 02:51:56	cid=611	cas=617-65-2	modality=ir	url=https://webbook.nist.gov/cgi/cbook.cgi?JCAMP=C56860&Index=5&Type=IR	reason=download_http_404	message=
2026-07-03 02:52:06	cid=611	cas=617-65-2	modality=ir	url=https://webbook.nist.gov/cgi/cbook.cgi?JCAMP=C56860&Index=6&Type=IR	reason=download_http_404	message=
2026-07-03 02:52:06	cid=611	cas=617-65-2	modality=ir	url=https://webbook.nist.gov/cgi/cbook.cgi?JCAMP=C56860&Index=7&Type=IR	reason=download_http_404	message=
2026-07-03 02:52:07	cid=611	cas=617-65-2	modality=ir	url=https://webbook.nist.gov/cgi/cbook.cgi?JCAMP=C56860&Index=8&Type=IR	reason=download_http_404	message=
2026-07-03 02:52:07	cid=611	cas=617-65-2	modality=ir	url=https://webbook.nist.gov/cgi/cbook.cgi?JCAMP=C56860&Index=9&Type=IR	reason=download_http_404	message=
2026-07-03 02:52:07	cid=611	cas=617-65-2	modality=uvvis	url=https://webbook.nist.gov/cgi/cbook.cgi?JCAMP=C56860&Index=1&Type=UVVis	reason=download_http_404	message=
2026-07-03 02:52:17	cid=611	cas=617-65-2	modality=uvvis	url=https://webbook.nist.gov/cgi/cbook.cgi?JCAMP=C56860&Index=2&Type=UVVis	reason=download_http_404	message=
2026-07-03 02:52:18	cid=611	cas=617-65-2	modality=uvvis	url=https://webbook.nist.gov/cgi/cbook.cgi?JCAMP=C56860&Index=3&Type=UVVis	reason=download_http_404	message=
2026-07-03 02:52:18	cid=611	cas=617-65-2	modality=uvvis	url=https://webbook.nist.gov/cgi/cbook.cgi?JCAMP=C56860&Index=4&Type=UVVis	reason=download_http_404	message=
2026-07-03 02:52:18	cid=611	cas=617-65-2	modality=uvvis	url=https://webbook.nist.gov/cgi/cbook.cgi?JCAMP=C56860&Index=5&Type=UVVis	reason=download_http_404	message=
2026-07-03 02:52:19	cid=611	cas=617-65-2	modality=uvvis	url=https://webbook.nist.gov/cgi/cbook.cgi?JCAMP=C56860&Index=6&Type=UVVis	reason=download_http_404	message=
2026-07-03 02:52:29	cid=611	cas=617-65-2	modality=uvvis	url=https://webbook.nist.gov/cgi/cbook.cgi?JCAMP=C56860&Index=7&Type=UVVis	reason=download_http_404	message=
2026-07-03 02:52:29	cid=611	cas=617-65-2	modality=uvvis	url=https://webbook.nist.gov/cgi/cbook.cgi?JCAMP=C56860&Index=8&Type=UVVis	reason=download_http_404	message=
2026-07-03 02:52:29	cid=611	cas=617-65-2	modality=uvvis	url=https://webbook.nist.gov/cgi/cbook.cgi?JCAMP=C56860&Index=9&Type=UVVis	reason=download_http_404	message=
2026-07-03 02:52:29	cid=611	cas=617-65-2	modality=	url=https://webbook.nist.gov/cgi/cbook.cgi?ID=617-65-2&Units=SI&Mask=480	reason=all_jcamp_downloads_failed	message=ir:download_http_404;ir:download_http_404;ir:download_http_404;ir:download_http_404;ir:download_http_404;ir:download_http_404;ir:download_http_404;ir:download_http_404;ir:download_http_404;uvvis:download_http_404;uvvis:download_http_404;uvvis:download_http_404;uvvis:download_http_404;uvvis:download_http_404;uvvis:download_http_404;uvvis:download_http_404;uvvis:download_http_404;uvvis:download_http_404
2026-07-03 02:52:30	cid=612	cas=50-21-5	modality=ir	url=https://webbook.nist.gov/cgi/cbook.cgi?JCAMP=C598823&Index=0&Type=IR	reason=download_http_404	message=
2026-07-03 02:52:31	cid=612	cas=50-21-5	modality=ir	url=https://webbook.nist.gov/cgi/cbook.cgi?JCAMP=C598823&Index=1&Type=IR	reason=download_http_404	message=
2026-07-03 02:52:34	cid=612	cas=50-21-5	modality=ir	url=https://webbook.nist.gov/cgi/cbook.cgi?JCAMP=C598823&Index=2&Type=IR	reason=download_http_404	message=
2026-07-03 02:52:38	cid=612	cas=50-21-5	modality=ir	url=https://webbook.nist.gov/cgi/cbook.cgi?JCAMP=C598823&Index=3&Type=IR	reason=download_http_404	message=
2026-07-03 02:52:39	cid=612	cas=50-21-5	modality=ir	url=https://webbook.nist.gov/cgi/cbook.cgi?JCAMP=C598823&Index=4&Type=IR	reason=download_http_404	message=
2026-07-03 02:52:43	cid=612	cas=50-21-5	modality=ir	url=https://webbook.nist.gov/cgi/cbook.cgi?JCAMP=C598823&Index=5&Type=IR	reason=download_http_404	message=
2026-07-03 02:52:46	cid=612	cas=50-21-5	modality=ir	url=https://webbook.nist.gov/cgi/cbook.cgi?JCAMP=C598823&Index=6&Type=IR	reason=download_http_404	message=
2026-07-03 02:52:47	cid=612	cas=50-21-5	modality=ir	url=https://webbook.nist.gov/cgi/cbook.cgi?JCAMP=C598823&Index=7&Type=IR	reason=download_http_404	message=
2026-07-03 02:52:51	cid=612	cas=50-21-5	modality=ir	url=https://webbook.nist.gov/cgi/cbook.cgi?JCAMP=C598823&Index=8&Type=IR	reason=download_http_404	message=
2026-07-03 02:52:54	cid=612	cas=50-21-5	modality=ir	url=https://webbook.nist.gov/cgi/cbook.cgi?JCAMP=C598823&Index=9&Type=IR	reason=download_http_404	message=
2026-07-03 02:52:54	cid=612	cas=50-21-5	modality=	url=https://webbook.nist.gov/cgi/cbook.cgi?ID=50-21-5&Units=SI&Mask=480	reason=all_jcamp_downloads_failed	message=ir:download_http_404;ir:download_http_404;ir:download_http_404;ir:download_http_404;ir:download_http_404;ir:download_http_404;ir:download_http_404;ir:download_http_404;ir:download_http_404;ir:download_http_404
2026-07-03 02:52:55	cid=614	cas=609-36-9	modality=	url=https://webbook.nist.gov/cgi/cbook.cgi?ID=609-36-9&Units=SI&Mask=480	reason=no_jcamp_links	message=
2026-07-03 02:52:55	cid=615	cas=63323-91-1	modality=	url=https://webbook.nist.gov/cgi/cbook.cgi?ID=63323-91-1&Units=SI&Mask=480	reason=nist_not_found	message=
2026-07-03 02:52:56	cid=616	cas=	modality=	url=	reason=not_found	message=no_cas_in_synonyms
2026-07-03 02:52:57	cid=617	cas=302-84-1	modality=ir	url=https://webbook.nist.gov/cgi/cbook.cgi?JCAMP=C312845&Index=0&Type=IR	reason=download_http_404	message=
2026-07-03 02:52:57	cid=617	cas=302-84-1	modality=ir	url=https://webbook.nist.gov/cgi/cbook.cgi?JCAMP=C312845&Index=1&Type=IR	reason=download_http_404	message=
2026-07-03 02:52:57	cid=617	cas=302-84-1	modality=ir	url=https://webbook.nist.gov/cgi/cbook.cgi?JCAMP=C312845&Index=2&Type=IR	reason=download_http_404	message=
2026-07-03 02:52:57	cid=617	cas=302-84-1	modality=ir	url=https://webbook.nist.gov/cgi/cbook.cgi?JCAMP=C312845&Index=3&Type=IR	reason=download_http_404	message=
2026-07-03 02:53:08	cid=617	cas=302-84-1	modality=ir	url=https://webbook.nist.gov/cgi/cbook.cgi?JCAMP=C312845&Index=4&Type=IR	reason=download_http_404	message=
2026-07-03 02:53:08	cid=617	cas=302-84-1	modality=ir	url=https://webbook.nist.gov/cgi/cbook.cgi?JCAMP=C312845&Index=5&Type=IR	reason=download_http_404	message=
2026-07-03 02:53:08	cid=617	cas=302-84-1	modality=ir	url=https://webbook.nist.gov/cgi/cbook.cgi?JCAMP=C312845&Index=6&Type=IR	reason=download_http_404	message=
2026-07-03 02:53:08	cid=617	cas=302-84-1	modality=ir	url=https://webbook.nist.gov/cgi/cbook.cgi?JCAMP=C312845&Index=7&Type=IR	reason=download_http_404	message=
2026-07-03 02:53:09	cid=617	cas=302-84-1	modality=ir	url=https://webbook.nist.gov/cgi/cbook.cgi?JCAMP=C312845&Index=8&Type=IR	reason=download_http_404	message=
2026-07-03 02:53:19	cid=617	cas=302-84-1	modality=ir	url=https://webbook.nist.gov/cgi/cbook.cgi?JCAMP=C312845&Index=9&Type=IR	reason=download_http_404	message=
2026-07-03 02:53:19	cid=617	cas=302-84-1	modality=uvvis	url=https://webbook.nist.gov/cgi/cbook.cgi?JCAMP=C312845&Index=0&Type=UVVis	reason=download_http_404	message=
2026-07-03 02:53:20	cid=617	cas=302-84-1	modality=uvvis	url=https://webbook.nist.gov/cgi/cbook.cgi?JCAMP=C312845&Index=1&Type=UVVis	reason=download_http_404	message=
2026-07-03 02:53:20	cid=617	cas=302-84-1	modality=uvvis	url=https://webbook.nist.gov/cgi/cbook.cgi?JCAMP=C312845&Index=2&Type=UVVis	reason=download_http_404	message=
2026-07-03 02:53:20	cid=617	cas=302-84-1	modality=uvvis	url=https://webbook.nist.gov/cgi/cbook.cgi?JCAMP=C312845&Index=3&Type=UVVis	reason=download_http_404	message=
2026-07-03 02:53:30	cid=617	cas=302-84-1	modality=uvvis	url=https://webbook.nist.gov/cgi/cbook.cgi?JCAMP=C312845&Index=4&Type=UVVis	reason=download_http_404	message=
2026-07-03 02:53:31	cid=617	cas=302-84-1	modality=uvvis	url=https://webbook.nist.gov/cgi/cbook.cgi?JCAMP=C312845&Index=5&Type=UVVis	reason=download_http_404	message=
2026-07-03 02:53:31	cid=617	cas=302-84-1	modality=uvvis	url=https://webbook.nist.gov/cgi/cbook.cgi?JCAMP=C312845&Index=6&Type=UVVis	reason=download_http_404	message=
2026-07-03 02:53:31	cid=617	cas=302-84-1	modality=uvvis	url=https://webbook.nist.gov/cgi/cbook.cgi?JCAMP=C312845&Index=7&Type=UVVis	reason=download_http_404	message=
2026-07-03 02:53:31	cid=617	cas=302-84-1	modality=uvvis	url=https://webbook.nist.gov/cgi/cbook.cgi?JCAMP=C312845&Index=8&Type=UVVis	reason=download_http_404	message=
2026-07-03 02:53:42	cid=617	cas=302-84-1	modality=uvvis	url=https://webbook.nist.gov/cgi/cbook.cgi?JCAMP=C312845&Index=9&Type=UVVis	reason=download_http_404	message=
2026-07-03 02:53:42	cid=617	cas=302-84-1	modality=	url=https://webbook.nist.gov/cgi/cbook.cgi?ID=302-84-1&Units=SI&Mask=480	reason=all_jcamp_downloads_failed	message=ir:download_http_404;ir:download_http_404;ir:download_http_404;ir:download_http_404;ir:download_http_404;ir:download_http_404;ir:download_http_404;ir:download_http_404;ir:download_http_404;ir:download_http_404;uvvis:download_http_404;uvvis:download_http_404;uvvis:download_http_404;uvvis:download_http_404;uvvis:download_http_404;uvvis:download_http_404;uvvis:download_http_404;uvvis:download_http_404;uvvis:download_http_404;uvvis:download_http_404
2026-07-03 02:53:42	cid=618	cas=13270-18-3	modality=	url=https://webbook.nist.gov/cgi/cbook.cgi?ID=13270-18-3&Units=SI&Mask=480	reason=nist_not_found	message=
2026-07-03 02:53:43	cid=619	cas=5556-48-9	modality=	url=https://webbook.nist.gov/cgi/cbook.cgi?ID=5556-48-9&Units=SI&Mask=480	reason=nist_not_found	message=
2026-07-03 02:53:43	cid=620	cas=	modality=	url=	reason=not_found	message=no_cas_in_synonyms
2026-07-03 02:53:43	cid=621	cas=	modality=	url=	reason=not_found	message=no_cas_in_synonyms
2026-07-03 02:53:43	cid=622	cas=	modality=	url=	reason=not_found	message=no_cas_in_synonyms
2026-07-03 02:53:43	cid=623	cas=	modality=	url=	reason=not_found	message=no_cas_in_synonyms
2026-07-03 02:53:44	cid=624	cas=	modality=	url=	reason=not_found	message=no_cas_in_synonyms
2026-07-03 02:53:44	cid=625	cas=	modality=	url=	reason=not_found	message=no_cas_in_synonyms
2026-07-03 02:53:44	cid=626	cas=6477-49-2	modality=	url=https://webbook.nist.gov/cgi/cbook.cgi?ID=6477-49-2&Units=SI&Mask=480	reason=nist_not_found	message=
2026-07-03 02:53:45	cid=627	cas=	modality=	url=	reason=not_found	message=no_cas_in_synonyms
2026-07-03 02:53:45	cid=628	cas=	modality=	url=	reason=not_found	message=no_cas_in_synonyms
2026-07-03 02:53:45	cid=629	cas=	modality=	url=	reason=not_found	message=pubchem_synonyms_404
2026-07-03 02:53:45	cid=630	cas=	modality=	url=	reason=not_found	message=no_cas_in_synonyms
2026-07-03 02:53:46	cid=631	cas=16105-69-4	modality=	url=https://webbook.nist.gov/cgi/cbook.cgi?ID=16105-69-4&Units=SI&Mask=480	reason=nist_not_found	message=
2026-07-03 02:53:46	cid=632	cas=2353-17-5	modality=	url=https://webbook.nist.gov/cgi/cbook.cgi?ID=2353-17-5&Units=SI&Mask=480	reason=nist_not_found	message=
2026-07-03 02:53:46	cid=633	cas=	modality=	url=	reason=not_found	message=pubchem_synonyms_404
2026-07-03 02:53:47	cid=634	cas=	modality=	url=	reason=not_found	message=no_cas_in_synonyms
2026-07-03 02:53:47	cid=635	cas=	modality=	url=	reason=not_found	message=no_cas_in_synonyms
2026-07-03 02:53:47	cid=636	cas=14365-45-8	modality=	url=https://webbook.nist.gov/cgi/cbook.cgi?ID=14365-45-8&Units=SI&Mask=480	reason=nist_not_found	message=
2026-07-03 02:53:48	cid=637	cas=7060-91-5	modality=	url=https://webbook.nist.gov/cgi/cbook.cgi?ID=7060-91-5&Units=SI&Mask=480	reason=nist_not_found	message=
2026-07-03 02:53:48	cid=640	cas=169527-96-2	modality=	url=https://webbook.nist.gov/cgi/cbook.cgi?ID=169527-96-2&Units=SI&Mask=480	reason=nist_not_found	message=
2026-07-03 02:53:48	cid=641	cas=	modality=	url=	reason=not_found	message=no_cas_in_synonyms
2026-07-03 02:53:49	cid=642	cas=	modality=	url=	reason=not_found	message=no_cas_in_synonyms
2026-07-03 02:53:49	cid=643	cas=636-20-4	modality=	url=https://webbook.nist.gov/cgi/cbook.cgi?ID=636-20-4&Units=SI&Mask=480	reason=nist_not_found	message=
2026-07-03 02:53:50	cid=647	cas=358-72-5	modality=	url=https://webbook.nist.gov/cgi/cbook.cgi?ID=358-72-5&Units=SI&Mask=480	reason=nist_not_found	message=
2026-07-03 02:53:50	cid=648	cas=155-54-4	modality=	url=https://webbook.nist.gov/cgi/cbook.cgi?ID=155-54-4&Units=SI&Mask=480	reason=nist_not_found	message=
2026-07-03 02:53:51	cid=649	cas=504-07-4	modality=ir	url=https://webbook.nist.gov/cgi/cbook.cgi?JCAMP=C504074&Index=1&Type=IR	reason=download_http_404	message=
2026-07-03 02:53:51	cid=649	cas=504-07-4	modality=ir	url=https://webbook.nist.gov/cgi/cbook.cgi?JCAMP=C504074&Index=2&Type=IR	reason=download_http_404	message=
2026-07-03 02:53:52	cid=649	cas=504-07-4	modality=ir	url=https://webbook.nist.gov/cgi/cbook.cgi?JCAMP=C504074&Index=3&Type=IR	reason=download_http_404	message=
2026-07-03 02:53:52	cid=649	cas=504-07-4	modality=ir	url=https://webbook.nist.gov/cgi/cbook.cgi?JCAMP=C504074&Index=4&Type=IR	reason=download_http_404	message=
2026-07-03 02:53:52	cid=649	cas=504-07-4	modality=ir	url=https://webbook.nist.gov/cgi/cbook.cgi?JCAMP=C504074&Index=5&Type=IR	reason=download_http_404	message=
2026-07-03 02:54:02	cid=649	cas=504-07-4	modality=ir	url=https://webbook.nist.gov/cgi/cbook.cgi?JCAMP=C504074&Index=6&Type=IR	reason=download_http_404	message=
2026-07-03 02:54:03	cid=649	cas=504-07-4	modality=ir	url=https://webbook.nist.gov/cgi/cbook.cgi?JCAMP=C504074&Index=7&Type=IR	reason=download_http_404	message=
2026-07-03 02:54:03	cid=649	cas=504-07-4	modality=ir	url=https://webbook.nist.gov/cgi/cbook.cgi?JCAMP=C504074&Index=8&Type=IR	reason=download_http_404	message=
2026-07-03 02:54:03	cid=649	cas=504-07-4	modality=ir	url=https://webbook.nist.gov/cgi/cbook.cgi?JCAMP=C504074&Index=9&Type=IR	reason=download_http_404	message=
2026-07-03 02:54:03	cid=649	cas=504-07-4	modality=	url=https://webbook.nist.gov/cgi/cbook.cgi?ID=504-07-4&Units=SI&Mask=480	reason=all_jcamp_downloads_failed	message=ir:download_http_404;ir:download_http_404;ir:download_http_404;ir:download_http_404;ir:download_http_404;ir:download_http_404;ir:download_http_404;ir:download_http_404;ir:download_http_404
2026-07-03 02:54:04	cid=650	cas=431-03-8	modality=ir	url=https://webbook.nist.gov/cgi/cbook.cgi?JCAMP=C625343&Index=0&Type=IR	reason=download_http_404	message=
2026-07-03 02:54:08	cid=650	cas=431-03-8	modality=ir	url=https://webbook.nist.gov/cgi/cbook.cgi?JCAMP=C625343&Index=1&Type=IR	reason=download_http_404	message=
2026-07-03 02:54:08	cid=650	cas=431-03-8	modality=ir	url=https://webbook.nist.gov/cgi/cbook.cgi?JCAMP=C625343&Index=2&Type=IR	reason=download_http_404	message=
2026-07-03 02:54:12	cid=650	cas=431-03-8	modality=ir	url=https://webbook.nist.gov/cgi/cbook.cgi?JCAMP=C625343&Index=3&Type=IR	reason=download_http_404	message=
2026-07-03 02:54:16	cid=650	cas=431-03-8	modality=ir	url=https://webbook.nist.gov/cgi/cbook.cgi?JCAMP=C625343&Index=4&Type=IR	reason=download_http_404	message=
2026-07-03 02:54:16	cid=650	cas=431-03-8	modality=ir	url=https://webbook.nist.gov/cgi/cbook.cgi?JCAMP=C625343&Index=5&Type=IR	reason=download_http_404	message=
2026-07-03 02:54:20	cid=650	cas=431-03-8	modality=ir	url=https://webbook.nist.gov/cgi/cbook.cgi?JCAMP=C625343&Index=6&Type=IR	reason=download_http_404	message=
2026-07-03 02:54:24	cid=650	cas=431-03-8	modality=ir	url=https://webbook.nist.gov/cgi/cbook.cgi?JCAMP=C625343&Index=7&Type=IR	reason=download_http_404	message=
2026-07-03 02:54:24	cid=650	cas=431-03-8	modality=ir	url=https://webbook.nist.gov/cgi/cbook.cgi?JCAMP=C625343&Index=8&Type=IR	reason=download_http_404	message=
2026-07-03 02:54:28	cid=650	cas=431-03-8	modality=ir	url=https://webbook.nist.gov/cgi/cbook.cgi?JCAMP=C625343&Index=9&Type=IR	reason=download_http_404	message=
2026-07-03 02:54:28	cid=650	cas=431-03-8	modality=	url=https://webbook.nist.gov/cgi/cbook.cgi?ID=431-03-8&Units=SI&Mask=480	reason=all_jcamp_downloads_failed	message=ir:download_http_404;ir:download_http_404;ir:download_http_404;ir:download_http_404;ir:download_http_404;ir:download_http_404;ir:download_http_404;ir:download_http_404;ir:download_http_404;ir:download_http_404
2026-07-03 02:54:29	cid=652	cas=21738-21-6	modality=	url=https://webbook.nist.gov/cgi/cbook.cgi?ID=21738-21-6&Units=SI&Mask=480	reason=nist_not_found	message=
2026-07-03 02:54:30	cid=654	cas=598-02-7	modality=ir	url=https://webbook.nist.gov/cgi/cbook.cgi?JCAMP=C598027&Index=1&Type=IR	reason=download_http_404	message=
2026-07-03 02:54:30	cid=654	cas=598-02-7	modality=ir	url=https://webbook.nist.gov/cgi/cbook.cgi?JCAMP=C598027&Index=2&Type=IR	reason=download_http_404	message=
2026-07-03 02:54:30	cid=654	cas=598-02-7	modality=ir	url=https://webbook.nist.gov/cgi/cbook.cgi?JCAMP=C598027&Index=3&Type=IR	reason=download_http_404	message=
2026-07-03 02:54:31	cid=654	cas=598-02-7	modality=ir	url=https://webbook.nist.gov/cgi/cbook.cgi?JCAMP=C598027&Index=4&Type=IR	reason=download_http_404	message=
2026-07-03 02:54:41	cid=654	cas=598-02-7	modality=ir	url=https://webbook.nist.gov/cgi/cbook.cgi?JCAMP=C598027&Index=5&Type=IR	reason=download_http_404	message=
2026-07-03 02:54:41	cid=654	cas=598-02-7	modality=ir	url=https://webbook.nist.gov/cgi/cbook.cgi?JCAMP=C598027&Index=6&Type=IR	reason=download_http_404	message=
2026-07-03 02:54:41	cid=654	cas=598-02-7	modality=ir	url=https://webbook.nist.gov/cgi/cbook.cgi?JCAMP=C598027&Index=7&Type=IR	reason=download_http_404	message=
2026-07-03 02:54:42	cid=654	cas=598-02-7	modality=ir	url=https://webbook.nist.gov/cgi/cbook.cgi?JCAMP=C598027&Index=8&Type=IR	reason=download_http_404	message=
2026-07-03 02:54:42	cid=654	cas=598-02-7	modality=ir	url=https://webbook.nist.gov/cgi/cbook.cgi?JCAMP=C598027&Index=9&Type=IR	reason=download_http_404	message=
2026-07-03 02:54:42	cid=654	cas=598-02-7	modality=	url=https://webbook.nist.gov/cgi/cbook.cgi?ID=598-02-7&Units=SI&Mask=480	reason=all_jcamp_downloads_failed	message=ir:download_http_404;ir:download_http_404;ir:download_http_404;ir:download_http_404;ir:download_http_404;ir:download_http_404;ir:download_http_404;ir:download_http_404;ir:download_http_404
2026-07-03 02:54:42	cid=655	cas=2465-65-8	modality=	url=https://webbook.nist.gov/cgi/cbook.cgi?ID=2465-65-8&Units=SI&Mask=480	reason=nist_not_found	message=
2026-07-03 02:54:43	cid=656	cas=	modality=	url=	reason=not_found	message=pubchem_synonyms_404
2026-07-03 02:54:43	cid=657	cas=	modality=	url=	reason=not_found	message=pubchem_synonyms_404
2026-07-03 02:54:43	cid=658	cas=	modality=	url=	reason=not_found	message=pubchem_synonyms_404
2026-07-03 02:54:47	cid=660	cas=119-84-6	modality=ir	url=https://webbook.nist.gov/cgi/cbook.cgi?JCAMP=C119846&Index=1&Type=IR	reason=download_http_404	message=
2026-07-03 02:54:48	cid=660	cas=119-84-6	modality=ir	url=https://webbook.nist.gov/cgi/cbook.cgi?JCAMP=C119846&Index=2&Type=IR	reason=download_http_404	message=
2026-07-03 02:54:48	cid=660	cas=119-84-6	modality=ir	url=https://webbook.nist.gov/cgi/cbook.cgi?JCAMP=C119846&Index=3&Type=IR	reason=download_http_404	message=
2026-07-03 02:54:58	cid=660	cas=119-84-6	modality=ir	url=https://webbook.nist.gov/cgi/cbook.cgi?JCAMP=C119846&Index=4&Type=IR	reason=download_http_404	message=
2026-07-03 02:54:59	cid=660	cas=119-84-6	modality=ir	url=https://webbook.nist.gov/cgi/cbook.cgi?JCAMP=C119846&Index=5&Type=IR	reason=download_http_404	message=
2026-07-03 02:54:59	cid=660	cas=119-84-6	modality=ir	url=https://webbook.nist.gov/cgi/cbook.cgi?JCAMP=C119846&Index=6&Type=IR	reason=download_http_404	message=
2026-07-03 02:54:59	cid=660	cas=119-84-6	modality=ir	url=https://webbook.nist.gov/cgi/cbook.cgi?JCAMP=C119846&Index=7&Type=IR	reason=download_http_404	message=
2026-07-03 02:54:59	cid=660	cas=119-84-6	modality=ir	url=https://webbook.nist.gov/cgi/cbook.cgi?JCAMP=C119846&Index=8&Type=IR	reason=download_http_404	message=
2026-07-03 02:55:10	cid=660	cas=119-84-6	modality=ir	url=https://webbook.nist.gov/cgi/cbook.cgi?JCAMP=C119846&Index=9&Type=IR	reason=download_http_404	message=
2026-07-03 02:55:10	cid=660	cas=119-84-6	modality=	url=https://webbook.nist.gov/cgi/cbook.cgi?ID=119-84-6&Units=SI&Mask=480	reason=all_jcamp_downloads_failed	message=ir:download_http_404;ir:download_http_404;ir:download_http_404;ir:download_http_404;ir:download_http_404;ir:download_http_404;ir:download_http_404;ir:download_http_404;ir:download_http_404
2026-07-03 02:55:10	cid=662	cas=724434-08-6	modality=	url=https://webbook.nist.gov/cgi/cbook.cgi?ID=724434-08-6&Units=SI&Mask=480	reason=nist_not_found	message=
2026-07-03 02:55:11	cid=663	cas=3884-47-7	modality=	url=https://webbook.nist.gov/cgi/cbook.cgi?ID=3884-47-7&Units=SI&Mask=480	reason=nist_not_found	message=
2026-07-03 02:55:11	cid=668	cas=57-04-5	modality=	url=https://webbook.nist.gov/cgi/cbook.cgi?ID=57-04-5&Units=SI&Mask=480	reason=nist_not_found	message=
2026-07-03 02:55:12	cid=669	cas=114155-98-5	modality=	url=https://webbook.nist.gov/cgi/cbook.cgi?ID=114155-98-5&Units=SI&Mask=480	reason=nist_not_found	message=
2026-07-03 02:55:12	cid=670	cas=96-26-4	modality=ir	url=https://webbook.nist.gov/cgi/cbook.cgi?JCAMP=C96264&Index=1&Type=IR	reason=download_http_404	message=
2026-07-03 02:55:13	cid=670	cas=96-26-4	modality=ir	url=https://webbook.nist.gov/cgi/cbook.cgi?JCAMP=C96264&Index=2&Type=IR	reason=download_http_404	message=
2026-07-03 02:55:13	cid=670	cas=96-26-4	modality=ir	url=https://webbook.nist.gov/cgi/cbook.cgi?JCAMP=C96264&Index=3&Type=IR	reason=download_http_404	message=
2026-07-03 02:55:13	cid=670	cas=96-26-4	modality=ir	url=https://webbook.nist.gov/cgi/cbook.cgi?JCAMP=C96264&Index=4&Type=IR	reason=download_http_404	message=
2026-07-03 02:55:24	cid=670	cas=96-26-4	modality=ir	url=https://webbook.nist.gov/cgi/cbook.cgi?JCAMP=C96264&Index=5&Type=IR	reason=download_http_404	message=
2026-07-03 02:55:24	cid=670	cas=96-26-4	modality=ir	url=https://webbook.nist.gov/cgi/cbook.cgi?JCAMP=C96264&Index=6&Type=IR	reason=download_http_404	message=
2026-07-03 02:55:24	cid=670	cas=96-26-4	modality=ir	url=https://webbook.nist.gov/cgi/cbook.cgi?JCAMP=C96264&Index=7&Type=IR	reason=download_http_404	message=
2026-07-03 02:55:24	cid=670	cas=96-26-4	modality=ir	url=https://webbook.nist.gov/cgi/cbook.cgi?JCAMP=C96264&Index=8&Type=IR	reason=download_http_404	message=
2026-07-03 02:55:25	cid=670	cas=96-26-4	modality=ir	url=https://webbook.nist.gov/cgi/cbook.cgi?JCAMP=C96264&Index=9&Type=IR	reason=download_http_404	message=
2026-07-03 02:55:25	cid=670	cas=96-26-4	modality=	url=https://webbook.nist.gov/cgi/cbook.cgi?ID=96-26-4&Units=SI&Mask=480	reason=all_jcamp_downloads_failed	message=ir:download_http_404;ir:download_http_404;ir:download_http_404;ir:download_http_404;ir:download_http_404;ir:download_http_404;ir:download_http_404;ir:download_http_404;ir:download_http_404
2026-07-03 02:55:25	cid=671	cas=31519-22-9	modality=	url=https://webbook.nist.gov/cgi/cbook.cgi?ID=31519-22-9&Units=SI&Mask=480	reason=nist_not_found	message=
2026-07-03 02:55:25	cid=672	cas=	modality=	url=	reason=not_found	message=no_cas_in_synonyms
2026-07-03 02:55:26	cid=673	cas=1118-68-9	modality=	url=https://webbook.nist.gov/cgi/cbook.cgi?ID=1118-68-9&Units=SI&Mask=480	reason=nist_not_found	message=
2026-07-03 02:55:30	cid=674	cas=124-40-3	modality=ir	url=https://webbook.nist.gov/cgi/cbook.cgi?JCAMP=C124403&Index=3&Type=IR	reason=download_http_404	message=
2026-07-03 02:55:31	cid=674	cas=124-40-3	modality=ir	url=https://webbook.nist.gov/cgi/cbook.cgi?JCAMP=C124403&Index=4&Type=IR	reason=download_http_404	message=
2026-07-03 02:55:31	cid=674	cas=124-40-3	modality=ir	url=https://webbook.nist.gov/cgi/cbook.cgi?JCAMP=C124403&Index=5&Type=IR	reason=download_http_404	message=
2026-07-03 02:55:41	cid=674	cas=124-40-3	modality=ir	url=https://webbook.nist.gov/cgi/cbook.cgi?JCAMP=C124403&Index=6&Type=IR	reason=download_http_404	message=
2026-07-03 02:55:41	cid=674	cas=124-40-3	modality=ir	url=https://webbook.nist.gov/cgi/cbook.cgi?JCAMP=C124403&Index=7&Type=IR	reason=download_http_404	message=
2026-07-03 02:55:42	cid=674	cas=124-40-3	modality=ir	url=https://webbook.nist.gov/cgi/cbook.cgi?JCAMP=C124403&Index=8&Type=IR	reason=download_http_404	message=
2026-07-03 02:55:42	cid=674	cas=124-40-3	modality=ir	url=https://webbook.nist.gov/cgi/cbook.cgi?JCAMP=C124403&Index=9&Type=IR	reason=download_http_404	message=
2026-07-03 02:55:42	cid=674	cas=124-40-3	modality=	url=https://webbook.nist.gov/cgi/cbook.cgi?ID=124-40-3&Units=SI&Mask=480	reason=all_jcamp_downloads_failed	message=ir:download_http_404;ir:download_http_404;ir:download_http_404;ir:download_http_404;ir:download_http_404;ir:download_http_404;ir:download_http_404
2026-07-03 02:55:43	cid=675	cas=582-60-5	modality=	url=https://webbook.nist.gov/cgi/cbook.cgi?ID=582-60-5&Units=SI&Mask=480	reason=nist_not_found	message=
2026-07-03 02:55:43	cid=677	cas=1756-18-9	modality=	url=https://webbook.nist.gov/cgi/cbook.cgi?ID=1756-18-9&Units=SI&Mask=480	reason=nist_not_found	message=
2026-07-03 02:55:44	cid=679	cas=67-68-5	modality=ir	url=https://webbook.nist.gov/cgi/cbook.cgi?JCAMP=C2206271&Index=2&Type=IR	reason=download_http_404	message=
2026-07-03 02:55:48	cid=679	cas=67-68-5	modality=ir	url=https://webbook.nist.gov/cgi/cbook.cgi?JCAMP=C2206271&Index=3&Type=IR	reason=download_http_404	message=
2026-07-03 02:55:48	cid=679	cas=67-68-5	modality=ir	url=https://webbook.nist.gov/cgi/cbook.cgi?JCAMP=C2206271&Index=4&Type=IR	reason=download_http_404	message=
2026-07-03 02:55:52	cid=679	cas=67-68-5	modality=ir	url=https://webbook.nist.gov/cgi/cbook.cgi?JCAMP=C2206271&Index=5&Type=IR	reason=download_http_404	message=
2026-07-03 02:55:56	cid=679	cas=67-68-5	modality=ir	url=https://webbook.nist.gov/cgi/cbook.cgi?JCAMP=C2206271&Index=6&Type=IR	reason=download_http_404	message=
2026-07-03 02:55:56	cid=679	cas=67-68-5	modality=ir	url=https://webbook.nist.gov/cgi/cbook.cgi?JCAMP=C2206271&Index=7&Type=IR	reason=download_http_404	message=
2026-07-03 02:56:00	cid=679	cas=67-68-5	modality=ir	url=https://webbook.nist.gov/cgi/cbook.cgi?JCAMP=C2206271&Index=8&Type=IR	reason=download_http_404	message=
2026-07-03 02:56:04	cid=679	cas=67-68-5	modality=ir	url=https://webbook.nist.gov/cgi/cbook.cgi?JCAMP=C2206271&Index=9&Type=IR	reason=download_http_404	message=
2026-07-03 02:56:04	cid=679	cas=67-68-5	modality=	url=https://webbook.nist.gov/cgi/cbook.cgi?ID=67-68-5&Units=SI&Mask=480	reason=all_jcamp_downloads_failed	message=ir:download_http_404;ir:download_http_404;ir:download_http_404;ir:download_http_404;ir:download_http_404;ir:download_http_404;ir:download_http_404;ir:download_http_404
2026-07-03 02:56:04	cid=680	cas=	modality=	url=	reason=not_found	message=no_cas_in_synonyms
2026-07-03 02:56:05	cid=681	cas=51-61-6	modality=	url=https://webbook.nist.gov/cgi/cbook.cgi?ID=51-61-6&Units=SI&Mask=480	reason=no_jcamp_links	message=
2026-07-03 02:56:05	cid=682	cas=4430-97-1	modality=	url=https://webbook.nist.gov/cgi/cbook.cgi?ID=4430-97-1&Units=SI&Mask=480	reason=nist_not_found	message=
2026-07-03 02:56:06	cid=683	cas=1981-49-3	modality=	url=https://webbook.nist.gov/cgi/cbook.cgi?ID=1981-49-3&Units=SI&Mask=480	reason=nist_not_found	message=
2026-07-03 02:56:06	cid=684	cas=	modality=	url=	reason=not_found	message=no_cas_in_synonyms
2026-07-03 02:56:06	cid=685	cas=	modality=	url=	reason=not_found	message=pubchem_synonyms_404
2026-07-03 02:56:06	cid=686	cas=	modality=	url=	reason=not_found	message=no_cas_in_synonyms
2026-07-03 02:56:07	cid=687	cas=	modality=	url=	reason=not_found	message=no_cas_in_synonyms
2026-07-03 02:56:07	cid=688	cas=	modality=	url=	reason=not_found	message=no_cas_in_synonyms
2026-07-03 02:56:07	cid=689	cas=	modality=	url=	reason=not_found	message=no_cas_in_synonyms
2026-07-03 02:56:07	cid=690	cas=117305-84-7	modality=	url=https://webbook.nist.gov/cgi/cbook.cgi?ID=117305-84-7&Units=SI&Mask=480	reason=nist_not_found	message=
2026-07-03 02:56:08	cid=691	cas=	modality=	url=	reason=not_found	message=no_cas_in_synonyms
2026-07-03 02:56:08	cid=692	cas=	modality=	url=	reason=not_found	message=no_cas_in_synonyms
2026-07-03 02:56:08	cid=693	cas=	modality=	url=	reason=not_found	message=no_cas_in_synonyms
2026-07-03 02:56:08	cid=694	cas=	modality=	url=	reason=not_found	message=no_cas_in_synonyms
2026-07-03 02:56:08	cid=695	cas=	modality=	url=	reason=not_found	message=pubchem_synonyms_404
2026-07-03 02:56:09	cid=696	cas=	modality=	url=	reason=not_found	message=no_cas_in_synonyms
2026-07-03 02:56:09	cid=697	cas=89418-95-1	modality=	url=https://webbook.nist.gov/cgi/cbook.cgi?ID=89418-95-1&Units=SI&Mask=480	reason=nist_not_found	message=
2026-07-03 02:56:10	cid=698	cas=1187829-63-5	modality=	url=https://webbook.nist.gov/cgi/cbook.cgi?ID=1187829-63-5&Units=SI&Mask=480	reason=nist_not_found	message=
2026-07-03 02:56:10	cid=699	cas=	modality=	url=	reason=not_found	message=no_cas_in_synonyms
2026-07-03 02:56:11	cid=700	cas=141-43-5	modality=ir	url=https://webbook.nist.gov/cgi/cbook.cgi?JCAMP=C141435&Index=2&Type=IR	reason=download_http_404	message=
2026-07-03 02:56:11	cid=700	cas=141-43-5	modality=ir	url=https://webbook.nist.gov/cgi/cbook.cgi?JCAMP=C141435&Index=3&Type=IR	reason=download_http_404	message=
2026-07-03 02:56:11	cid=700	cas=141-43-5	modality=ir	url=https://webbook.nist.gov/cgi/cbook.cgi?JCAMP=C141435&Index=4&Type=IR	reason=download_http_404	message=
2026-07-03 02:56:12	cid=700	cas=141-43-5	modality=ir	url=https://webbook.nist.gov/cgi/cbook.cgi?JCAMP=C141435&Index=5&Type=IR	reason=download_http_404	message=
2026-07-03 02:56:12	cid=700	cas=141-43-5	modality=ir	url=https://webbook.nist.gov/cgi/cbook.cgi?JCAMP=C141435&Index=6&Type=IR	reason=download_http_404	message=
2026-07-03 02:56:22	cid=700	cas=141-43-5	modality=ir	url=https://webbook.nist.gov/cgi/cbook.cgi?JCAMP=C141435&Index=7&Type=IR	reason=download_http_404	message=
2026-07-03 02:56:22	cid=700	cas=141-43-5	modality=ir	url=https://webbook.nist.gov/cgi/cbook.cgi?JCAMP=C141435&Index=8&Type=IR	reason=download_http_404	message=
2026-07-03 02:56:23	cid=700	cas=141-43-5	modality=ir	url=https://webbook.nist.gov/cgi/cbook.cgi?JCAMP=C141435&Index=9&Type=IR	reason=download_http_404	message=
2026-07-03 02:56:23	cid=700	cas=141-43-5	modality=	url=https://webbook.nist.gov/cgi/cbook.cgi?ID=141-43-5&Units=SI&Mask=480	reason=all_jcamp_downloads_failed	message=ir:download_http_404;ir:download_http_404;ir:download_http_404;ir:download_http_404;ir:download_http_404;ir:download_http_404;ir:download_http_404;ir:download_http_404
2026-07-03 02:56:23	cid=701	cas=609-14-3	modality=	url=https://webbook.nist.gov/cgi/cbook.cgi?ID=609-14-3&Units=SI&Mask=480	reason=no_jcamp_links	message=
2026-07-03 02:56:24	cid=702	cas=64-17-5	modality=ir	url=https://webbook.nist.gov/cgi/cbook.cgi?JCAMP=C1516081&Index=0&Type=IR	reason=download_http_404	message=
2026-07-03 02:56:24	cid=702	cas=64-17-5	modality=ir	url=https://webbook.nist.gov/cgi/cbook.cgi?JCAMP=C1516081&Index=1&Type=IR	reason=download_http_404	message=
2026-07-03 02:56:28	cid=702	cas=64-17-5	modality=ir	url=https://webbook.nist.gov/cgi/cbook.cgi?JCAMP=C1516081&Index=2&Type=IR	reason=download_http_404	message=
2026-07-03 02:56:32	cid=702	cas=64-17-5	modality=ir	url=https://webbook.nist.gov/cgi/cbook.cgi?JCAMP=C1516081&Index=3&Type=IR	reason=download_http_404	message=
2026-07-03 02:56:32	cid=702	cas=64-17-5	modality=ir	url=https://webbook.nist.gov/cgi/cbook.cgi?JCAMP=C1516081&Index=4&Type=IR	reason=download_http_404	message=
2026-07-03 02:56:36	cid=702	cas=64-17-5	modality=ir	url=https://webbook.nist.gov/cgi/cbook.cgi?JCAMP=C1516081&Index=5&Type=IR	reason=download_http_404	message=
2026-07-03 02:56:40	cid=702	cas=64-17-5	modality=ir	url=https://webbook.nist.gov/cgi/cbook.cgi?JCAMP=C1516081&Index=6&Type=IR	reason=download_http_404	message=
2026-07-03 02:56:40	cid=702	cas=64-17-5	modality=ir	url=https://webbook.nist.gov/cgi/cbook.cgi?JCAMP=C1516081&Index=7&Type=IR	reason=download_http_404	message=
2026-07-03 02:56:44	cid=702	cas=64-17-5	modality=ir	url=https://webbook.nist.gov/cgi/cbook.cgi?JCAMP=C1516081&Index=8&Type=IR	reason=download_http_404	message=
2026-07-03 02:56:48	cid=702	cas=64-17-5	modality=ir	url=https://webbook.nist.gov/cgi/cbook.cgi?JCAMP=C1516081&Index=9&Type=IR	reason=download_http_404	message=
2026-07-03 02:56:48	cid=702	cas=64-17-5	modality=	url=https://webbook.nist.gov/cgi/cbook.cgi?ID=64-17-5&Units=SI&Mask=480	reason=all_jcamp_downloads_failed	message=ir:download_http_404;ir:download_http_404;ir:download_http_404;ir:download_http_404;ir:download_http_404;ir:download_http_404;ir:download_http_404;ir:download_http_404;ir:download_http_404;ir:download_http_404
2026-07-03 02:56:48	cid=703	cas=	modality=	url=	reason=not_found	message=no_cas_in_synonyms
2026-07-03 02:56:49	cid=704	cas=	modality=	url=	reason=not_found	message=pubchem_synonyms_404
2026-07-03 02:56:49	cid=705	cas=	modality=	url=	reason=not_found	message=no_cas_in_synonyms
2026-07-03 02:56:49	cid=706	cas=13058-04-3	modality=	url=https://webbook.nist.gov/cgi/cbook.cgi?ID=13058-04-3&Units=SI&Mask=480	reason=nist_not_found	message=
2026-07-03 02:56:50	cid=707	cas=5905-42-0	modality=	url=https://webbook.nist.gov/cgi/cbook.cgi?ID=5905-42-0&Units=SI&Mask=480	reason=nist_not_found	message=
2026-07-03 02:56:50	cid=708	cas=	modality=	url=	reason=not_found	message=pubchem_synonyms_404
2026-07-03 02:56:50	cid=709	cas=	modality=	url=	reason=not_found	message=no_cas_in_synonyms
2026-07-03 02:56:51	cid=710	cas=26193-20-4	modality=	url=https://webbook.nist.gov/cgi/cbook.cgi?ID=26193-20-4&Units=SI&Mask=480	reason=nist_not_found	message=
2026-07-03 02:56:51	cid=711	cas=	modality=	url=	reason=not_found	message=no_cas_in_synonyms
2026-07-03 02:56:52	cid=712	cas=50-00-0	modality=ir	url=https://webbook.nist.gov/cgi/cbook.cgi?JCAMP=C1664999&Index=0&Type=IR	reason=download_http_404	message=
2026-07-03 02:56:52	cid=712	cas=50-00-0	modality=ir	url=https://webbook.nist.gov/cgi/cbook.cgi?JCAMP=C1664999&Index=1&Type=IR	reason=download_http_404	message=
2026-07-03 02:56:52	cid=712	cas=50-00-0	modality=ir	url=https://webbook.nist.gov/cgi/cbook.cgi?JCAMP=C1664999&Index=2&Type=IR	reason=download_http_404	message=
2026-07-03 02:56:53	cid=712	cas=50-00-0	modality=ir	url=https://webbook.nist.gov/cgi/cbook.cgi?JCAMP=C1664999&Index=3&Type=IR	reason=download_http_404	message=
2026-07-03 02:57:03	cid=712	cas=50-00-0	modality=ir	url=https://webbook.nist.gov/cgi/cbook.cgi?JCAMP=C1664999&Index=4&Type=IR	reason=download_http_404	message=
2026-07-03 02:57:03	cid=712	cas=50-00-0	modality=ir	url=https://webbook.nist.gov/cgi/cbook.cgi?JCAMP=C1664999&Index=5&Type=IR	reason=download_http_404	message=
2026-07-03 02:57:03	cid=712	cas=50-00-0	modality=ir	url=https://webbook.nist.gov/cgi/cbook.cgi?JCAMP=C1664999&Index=6&Type=IR	reason=download_http_404	message=
2026-07-03 02:57:04	cid=712	cas=50-00-0	modality=ir	url=https://webbook.nist.gov/cgi/cbook.cgi?JCAMP=C1664999&Index=7&Type=IR	reason=download_http_404	message=
2026-07-03 02:57:04	cid=712	cas=50-00-0	modality=ir	url=https://webbook.nist.gov/cgi/cbook.cgi?JCAMP=C1664999&Index=8&Type=IR	reason=download_http_404	message=
2026-07-03 02:57:14	cid=712	cas=50-00-0	modality=ir	url=https://webbook.nist.gov/cgi/cbook.cgi?JCAMP=C1664999&Index=9&Type=IR	reason=download_http_404	message=
2026-07-03 02:57:14	cid=712	cas=50-00-0	modality=	url=https://webbook.nist.gov/cgi/cbook.cgi?ID=50-00-0&Units=SI&Mask=480	reason=all_jcamp_downloads_failed	message=ir:download_http_404;ir:download_http_404;ir:download_http_404;ir:download_http_404;ir:download_http_404;ir:download_http_404;ir:download_http_404;ir:download_http_404;ir:download_http_404;ir:download_http_404
2026-07-03 02:57:15	cid=713	cas=75-12-7	modality=ir	url=https://webbook.nist.gov/cgi/cbook.cgi?JCAMP=C75127&Index=2&Type=IR	reason=download_http_404	message=
2026-07-03 02:57:15	cid=713	cas=75-12-7	modality=ir	url=https://webbook.nist.gov/cgi/cbook.cgi?JCAMP=C75127&Index=3&Type=IR	reason=download_http_404	message=
2026-07-03 02:57:16	cid=713	cas=75-12-7	modality=ir	url=https://webbook.nist.gov/cgi/cbook.cgi?JCAMP=C75127&Index=4&Type=IR	reason=download_http_404	message=
2026-07-03 02:57:16	cid=713	cas=75-12-7	modality=ir	url=https://webbook.nist.gov/cgi/cbook.cgi?JCAMP=C75127&Index=5&Type=IR	reason=download_http_404	message=
2026-07-03 02:57:26	cid=713	cas=75-12-7	modality=ir	url=https://webbook.nist.gov/cgi/cbook.cgi?JCAMP=C75127&Index=6&Type=IR	reason=download_http_404	message=
2026-07-03 02:57:26	cid=713	cas=75-12-7	modality=ir	url=https://webbook.nist.gov/cgi/cbook.cgi?JCAMP=C75127&Index=7&Type=IR	reason=download_http_404	message=
2026-07-03 02:57:27	cid=713	cas=75-12-7	modality=ir	url=https://webbook.nist.gov/cgi/cbook.cgi?JCAMP=C75127&Index=8&Type=IR	reason=download_http_404	message=
2026-07-03 02:57:27	cid=713	cas=75-12-7	modality=ir	url=https://webbook.nist.gov/cgi/cbook.cgi?JCAMP=C75127&Index=9&Type=IR	reason=download_http_404	message=
2026-07-03 02:57:27	cid=713	cas=75-12-7	modality=	url=https://webbook.nist.gov/cgi/cbook.cgi?ID=75-12-7&Units=SI&Mask=480	reason=all_jcamp_downloads_failed	message=ir:download_http_404;ir:download_http_404;ir:download_http_404;ir:download_http_404;ir:download_http_404;ir:download_http_404;ir:download_http_404;ir:download_http_404
2026-07-03 02:57:27	cid=714	cas=	modality=	url=	reason=not_found	message=no_cas_in_synonyms
2026-07-03 02:57:27	cid=715	cas=	modality=	url=	reason=not_found	message=pubchem_synonyms_404
2026-07-03 02:57:28	cid=716	cas=	modality=	url=	reason=not_found	message=no_cas_in_synonyms
2026-07-03 02:57:28	cid=717	cas=	modality=	url=	reason=not_found	message=no_cas_in_synonyms
2026-07-03 02:57:28	cid=718	cas=34693-23-7	modality=	url=https://webbook.nist.gov/cgi/cbook.cgi?ID=34693-23-7&Units=SI&Mask=480	reason=nist_not_found	message=
2026-07-03 02:57:29	cid=719	cas=113181-03-6	modality=	url=https://webbook.nist.gov/cgi/cbook.cgi?ID=113181-03-6&Units=SI&Mask=480	reason=nist_not_found	message=
2026-07-03 02:57:29	cid=720	cas=	modality=	url=	reason=not_found	message=pubchem_synonyms_404
2026-07-03 02:57:29	cid=721	cas=	modality=	url=	reason=not_found	message=pubchem_synonyms_404
2026-07-03 02:57:30	cid=722	cas=	modality=	url=	reason=not_found	message=pubchem_synonyms_404
2026-07-03 02:57:30	cid=723	cas=6915-18-0	modality=	url=https://webbook.nist.gov/cgi/cbook.cgi?ID=6915-18-0&Units=SI&Mask=480	reason=nist_not_found	message=
2026-07-03 02:57:31	cid=724	cas=820-11-1	modality=	url=https://webbook.nist.gov/cgi/cbook.cgi?ID=820-11-1&Units=SI&Mask=480	reason=nist_not_found	message=
2026-07-03 02:57:31	cid=725	cas=407-64-7	modality=	url=https://webbook.nist.gov/cgi/cbook.cgi?ID=407-64-7&Units=SI&Mask=480	reason=nist_not_found	message=
2026-07-03 02:57:32	cid=727	cas=27154-44-5	modality=	url=https://webbook.nist.gov/cgi/cbook.cgi?ID=27154-44-5&Units=SI&Mask=480	reason=no_jcamp_links	message=
2026-07-03 02:57:32	cid=728	cas=1890-40-0	modality=	url=https://webbook.nist.gov/cgi/cbook.cgi?ID=1890-40-0&Units=SI&Mask=480	reason=nist_not_found	message=
2026-07-03 02:57:33	cid=729	cas=591-59-3	modality=	url=https://webbook.nist.gov/cgi/cbook.cgi?ID=591-59-3&Units=SI&Mask=480	reason=nist_not_found	message=
2026-07-03 02:57:33	cid=734	cas=13100-81-7	modality=	url=https://webbook.nist.gov/cgi/cbook.cgi?ID=13100-81-7&Units=SI&Mask=480	reason=nist_not_found	message=
2026-07-03 02:57:33	cid=735	cas=	modality=	url=	reason=not_found	message=no_cas_in_synonyms
2026-07-03 02:57:34	cid=736	cas=54910-68-8	modality=	url=https://webbook.nist.gov/cgi/cbook.cgi?ID=54910-68-8&Units=SI&Mask=480	reason=nist_not_found	message=
2026-07-03 02:57:34	cid=737	cas=	modality=	url=	reason=not_found	message=no_cas_in_synonyms
2026-07-03 02:57:34	cid=738	cas=6899-04-3	modality=	url=https://webbook.nist.gov/cgi/cbook.cgi?ID=6899-04-3&Units=SI&Mask=480	reason=nist_not_found	message=
2026-07-03 02:57:35	cid=739	cas=686298-83-9	modality=	url=https://webbook.nist.gov/cgi/cbook.cgi?ID=686298-83-9&Units=SI&Mask=480	reason=nist_not_found	message=
2026-07-03 02:57:35	cid=740	cas=41588-64-1	modality=	url=https://webbook.nist.gov/cgi/cbook.cgi?ID=41588-64-1&Units=SI&Mask=480	reason=nist_not_found	message=
2026-07-03 02:57:36	cid=742	cas=	modality=	url=	reason=not_found	message=no_cas_in_synonyms
2026-07-03 02:57:36	cid=743	cas=110-94-1	modality=ir	url=https://webbook.nist.gov/cgi/cbook.cgi?JCAMP=C110941&Index=2&Type=IR	reason=download_http_404	message=
2026-07-03 02:57:37	cid=743	cas=110-94-1	modality=ir	url=https://webbook.nist.gov/cgi/cbook.cgi?JCAMP=C110941&Index=3&Type=IR	reason=download_http_404	message=
2026-07-03 02:57:37	cid=743	cas=110-94-1	modality=ir	url=https://webbook.nist.gov/cgi/cbook.cgi?JCAMP=C110941&Index=4&Type=IR	reason=download_http_404	message=
2026-07-03 02:57:37	cid=743	cas=110-94-1	modality=ir	url=https://webbook.nist.gov/cgi/cbook.cgi?JCAMP=C110941&Index=5&Type=IR	reason=download_http_404	message=
2026-07-03 02:57:38	cid=743	cas=110-94-1	modality=ir	url=https://webbook.nist.gov/cgi/cbook.cgi?JCAMP=C110941&Index=6&Type=IR	reason=download_http_404	message=
2026-07-03 02:57:48	cid=743	cas=110-94-1	modality=ir	url=https://webbook.nist.gov/cgi/cbook.cgi?JCAMP=C110941&Index=7&Type=IR	reason=download_http_404	message=
2026-07-03 02:57:48	cid=743	cas=110-94-1	modality=ir	url=https://webbook.nist.gov/cgi/cbook.cgi?JCAMP=C110941&Index=8&Type=IR	reason=download_http_404	message=
2026-07-03 02:57:48	cid=743	cas=110-94-1	modality=ir	url=https://webbook.nist.gov/cgi/cbook.cgi?JCAMP=C110941&Index=9&Type=IR	reason=download_http_404	message=
2026-07-03 02:57:48	cid=743	cas=110-94-1	modality=	url=https://webbook.nist.gov/cgi/cbook.cgi?ID=110-94-1&Units=SI&Mask=480	reason=all_jcamp_downloads_failed	message=ir:download_http_404;ir:download_http_404;ir:download_http_404;ir:download_http_404;ir:download_http_404;ir:download_http_404;ir:download_http_404;ir:download_http_404
2026-07-03 02:57:49	cid=745	cas=76946-74-2	modality=	url=https://webbook.nist.gov/cgi/cbook.cgi?ID=76946-74-2&Units=SI&Mask=480	reason=nist_not_found	message=
2026-07-03 02:57:49	cid=746	cas=	modality=	url=	reason=not_found	message=no_cas_in_synonyms
2026-07-03 02:57:49	cid=747	cas=	modality=	url=	reason=not_found	message=pubchem_synonyms_404
2026-07-03 02:57:49	cid=748	cas=	modality=	url=	reason=not_found	message=no_cas_in_synonyms
2026-07-03 02:57:50	cid=749	cas=	modality=	url=	reason=not_found	message=no_cas_in_synonyms
2026-07-03 02:57:51	cid=750	cas=56-40-6	modality=ir	url=https://webbook.nist.gov/cgi/cbook.cgi?JCAMP=C837325072&Index=0&Type=IR	reason=download_http_404	message=
2026-07-03 02:57:51	cid=750	cas=56-40-6	modality=ir	url=https://webbook.nist.gov/cgi/cbook.cgi?JCAMP=C837325072&Index=1&Type=IR	reason=download_http_404	message=
2026-07-03 02:57:55	cid=750	cas=56-40-6	modality=ir	url=https://webbook.nist.gov/cgi/cbook.cgi?JCAMP=C837325072&Index=2&Type=IR	reason=download_http_404	message=
2026-07-03 02:57:59	cid=750	cas=56-40-6	modality=ir	url=https://webbook.nist.gov/cgi/cbook.cgi?JCAMP=C837325072&Index=3&Type=IR	reason=download_http_404	message=
2026-07-03 02:57:59	cid=750	cas=56-40-6	modality=ir	url=https://webbook.nist.gov/cgi/cbook.cgi?JCAMP=C837325072&Index=4&Type=IR	reason=download_http_404	message=
2026-07-03 02:58:03	cid=750	cas=56-40-6	modality=ir	url=https://webbook.nist.gov/cgi/cbook.cgi?JCAMP=C837325072&Index=5&Type=IR	reason=download_http_404	message=
2026-07-03 02:58:07	cid=750	cas=56-40-6	modality=ir	url=https://webbook.nist.gov/cgi/cbook.cgi?JCAMP=C837325072&Index=6&Type=IR	reason=download_http_404	message=
2026-07-03 02:58:07	cid=750	cas=56-40-6	modality=ir	url=https://webbook.nist.gov/cgi/cbook.cgi?JCAMP=C837325072&Index=7&Type=IR	reason=download_http_404	message=
2026-07-03 02:58:11	cid=750	cas=56-40-6	modality=ir	url=https://webbook.nist.gov/cgi/cbook.cgi?JCAMP=C837325072&Index=8&Type=IR	reason=download_http_404	message=
2026-07-03 02:58:15	cid=750	cas=56-40-6	modality=ir	url=https://webbook.nist.gov/cgi/cbook.cgi?JCAMP=C837325072&Index=9&Type=IR	reason=download_http_404	message=
2026-07-03 02:58:15	cid=750	cas=56-40-6	modality=uvvis	url=https://webbook.nist.gov/cgi/cbook.cgi?JCAMP=C837325072&Index=0&Type=UVVis	reason=download_http_404	message=
2026-07-03 02:58:19	cid=750	cas=56-40-6	modality=uvvis	url=https://webbook.nist.gov/cgi/cbook.cgi?JCAMP=C837325072&Index=1&Type=UVVis	reason=download_http_404	message=
2026-07-03 02:58:23	cid=750	cas=56-40-6	modality=uvvis	url=https://webbook.nist.gov/cgi/cbook.cgi?JCAMP=C837325072&Index=2&Type=UVVis	reason=download_http_404	message=
2026-07-03 02:58:23	cid=750	cas=56-40-6	modality=uvvis	url=https://webbook.nist.gov/cgi/cbook.cgi?JCAMP=C837325072&Index=3&Type=UVVis	reason=download_http_404	message=
2026-07-03 02:58:27	cid=750	cas=56-40-6	modality=uvvis	url=https://webbook.nist.gov/cgi/cbook.cgi?JCAMP=C837325072&Index=4&Type=UVVis	reason=download_http_404	message=
2026-07-03 02:58:31	cid=750	cas=56-40-6	modality=uvvis	url=https://webbook.nist.gov/cgi/cbook.cgi?JCAMP=C837325072&Index=5&Type=UVVis	reason=download_http_404	message=
2026-07-03 02:58:31	cid=750	cas=56-40-6	modality=uvvis	url=https://webbook.nist.gov/cgi/cbook.cgi?JCAMP=C837325072&Index=6&Type=UVVis	reason=download_http_404	message=
2026-07-03 02:58:35	cid=750	cas=56-40-6	modality=uvvis	url=https://webbook.nist.gov/cgi/cbook.cgi?JCAMP=C837325072&Index=7&Type=UVVis	reason=download_http_404	message=
2026-07-03 02:58:39	cid=750	cas=56-40-6	modality=uvvis	url=https://webbook.nist.gov/cgi/cbook.cgi?JCAMP=C837325072&Index=8&Type=UVVis	reason=download_http_404	message=
2026-07-03 02:58:39	cid=750	cas=56-40-6	modality=uvvis	url=https://webbook.nist.gov/cgi/cbook.cgi?JCAMP=C837325072&Index=9&Type=UVVis	reason=download_http_404	message=
2026-07-03 02:58:39	cid=750	cas=56-40-6	modality=	url=https://webbook.nist.gov/cgi/cbook.cgi?ID=56-40-6&Units=SI&Mask=480	reason=all_jcamp_downloads_failed	message=ir:download_http_404;ir:download_http_404;ir:download_http_404;ir:download_http_404;ir:download_http_404;ir:download_http_404;ir:download_http_404;ir:download_http_404;ir:download_http_404;ir:download_http_404;uvvis:download_http_404;uvvis:download_http_404;uvvis:download_http_404;uvvis:download_http_404;uvvis:download_http_404;uvvis:download_http_404;uvvis:download_http_404;uvvis:download_http_404;uvvis:download_http_404;uvvis:download_http_404
2026-07-03 02:58:40	cid=751	cas=367-47-5	modality=	url=https://webbook.nist.gov/cgi/cbook.cgi?ID=367-47-5&Units=SI&Mask=480	reason=no_jcamp_links	message=
2026-07-03 02:58:40	cid=752	cas=473-81-4	modality=	url=https://webbook.nist.gov/cgi/cbook.cgi?ID=473-81-4&Units=SI&Mask=480	reason=nist_not_found	message=
2026-07-03 02:58:41	cid=753	cas=56-81-5	modality=ir	url=https://webbook.nist.gov/cgi/cbook.cgi?JCAMP=C56815&Index=2&Type=IR	reason=download_http_404	message=
2026-07-03 02:58:41	cid=753	cas=56-81-5	modality=ir	url=https://webbook.nist.gov/cgi/cbook.cgi?JCAMP=C56815&Index=3&Type=IR	reason=download_http_404	message=
2026-07-03 02:58:42	cid=753	cas=56-81-5	modality=ir	url=https://webbook.nist.gov/cgi/cbook.cgi?JCAMP=C56815&Index=4&Type=IR	reason=download_http_404	message=
2026-07-03 02:58:52	cid=753	cas=56-81-5	modality=ir	url=https://webbook.nist.gov/cgi/cbook.cgi?JCAMP=C56815&Index=5&Type=IR	reason=download_http_404	message=
2026-07-03 02:58:52	cid=753	cas=56-81-5	modality=ir	url=https://webbook.nist.gov/cgi/cbook.cgi?JCAMP=C56815&Index=6&Type=IR	reason=download_http_404	message=
2026-07-03 02:58:53	cid=753	cas=56-81-5	modality=ir	url=https://webbook.nist.gov/cgi/cbook.cgi?JCAMP=C56815&Index=7&Type=IR	reason=download_http_404	message=
2026-07-03 02:58:53	cid=753	cas=56-81-5	modality=ir	url=https://webbook.nist.gov/cgi/cbook.cgi?JCAMP=C56815&Index=8&Type=IR	reason=download_http_404	message=
2026-07-03 02:58:53	cid=753	cas=56-81-5	modality=ir	url=https://webbook.nist.gov/cgi/cbook.cgi?JCAMP=C56815&Index=9&Type=IR	reason=download_http_404	message=
2026-07-03 02:58:53	cid=753	cas=56-81-5	modality=	url=https://webbook.nist.gov/cgi/cbook.cgi?ID=56-81-5&Units=SI&Mask=480	reason=all_jcamp_downloads_failed	message=ir:download_http_404;ir:download_http_404;ir:download_http_404;ir:download_http_404;ir:download_http_404;ir:download_http_404;ir:download_http_404;ir:download_http_404
2026-07-03 02:58:54	cid=754	cas=57-03-4	modality=	url=https://webbook.nist.gov/cgi/cbook.cgi?ID=57-03-4&Units=SI&Mask=480	reason=nist_not_found	message=
2026-07-03 02:58:54	cid=755	cas=	modality=	url=	reason=not_found	message=no_cas_in_synonyms
2026-07-03 02:58:54	cid=756	cas=141-46-8	modality=	url=https://webbook.nist.gov/cgi/cbook.cgi?ID=141-46-8&Units=SI&Mask=480	reason=no_jcamp_links	message=
2026-07-03 02:58:59	cid=757	cas=79-14-1	modality=ir	url=https://webbook.nist.gov/cgi/cbook.cgi?JCAMP=C79141&Index=1&Type=IR	reason=download_http_404	message=
2026-07-03 02:58:59	cid=757	cas=79-14-1	modality=ir	url=https://webbook.nist.gov/cgi/cbook.cgi?JCAMP=C79141&Index=2&Type=IR	reason=download_http_404	message=
2026-07-03 02:58:59	cid=757	cas=79-14-1	modality=ir	url=https://webbook.nist.gov/cgi/cbook.cgi?JCAMP=C79141&Index=3&Type=IR	reason=download_http_404	message=
2026-07-03 02:59:10	cid=757	cas=79-14-1	modality=ir	url=https://webbook.nist.gov/cgi/cbook.cgi?JCAMP=C79141&Index=4&Type=IR	reason=download_http_404	message=
2026-07-03 02:59:10	cid=757	cas=79-14-1	modality=ir	url=https://webbook.nist.gov/cgi/cbook.cgi?JCAMP=C79141&Index=5&Type=IR	reason=download_http_404	message=
2026-07-03 02:59:10	cid=757	cas=79-14-1	modality=ir	url=https://webbook.nist.gov/cgi/cbook.cgi?JCAMP=C79141&Index=6&Type=IR	reason=download_http_404	message=
2026-07-03 02:59:10	cid=757	cas=79-14-1	modality=ir	url=https://webbook.nist.gov/cgi/cbook.cgi?JCAMP=C79141&Index=7&Type=IR	reason=download_http_404	message=
2026-07-03 02:59:11	cid=757	cas=79-14-1	modality=ir	url=https://webbook.nist.gov/cgi/cbook.cgi?JCAMP=C79141&Index=8&Type=IR	reason=download_http_404	message=
2026-07-03 02:59:21	cid=757	cas=79-14-1	modality=ir	url=https://webbook.nist.gov/cgi/cbook.cgi?JCAMP=C79141&Index=9&Type=IR	reason=download_http_404	message=
2026-07-03 02:59:21	cid=757	cas=79-14-1	modality=	url=https://webbook.nist.gov/cgi/cbook.cgi?ID=79-14-1&Units=SI&Mask=480	reason=all_jcamp_downloads_failed	message=ir:download_http_404;ir:download_http_404;ir:download_http_404;ir:download_http_404;ir:download_http_404;ir:download_http_404;ir:download_http_404;ir:download_http_404;ir:download_http_404
2026-07-03 02:59:22	cid=760	cas=298-12-4	modality=	url=https://webbook.nist.gov/cgi/cbook.cgi?ID=298-12-4&Units=SI&Mask=480	reason=no_jcamp_links	message=
2026-07-03 02:59:22	cid=763	cas=352-97-6	modality=	url=https://webbook.nist.gov/cgi/cbook.cgi?ID=352-97-6&Units=SI&Mask=480	reason=nist_not_found	message=
2026-07-03 02:59:22	cid=765	cas=	modality=	url=	reason=not_found	message=no_cas_in_synonyms
2026-07-03 02:59:23	cid=767	cas=463-79-6	modality=	url=https://webbook.nist.gov/cgi/cbook.cgi?ID=463-79-6&Units=SI&Mask=480	reason=nist_not_found	message=
2026-07-03 02:59:24	cid=768	cas=74-90-8	modality=ir	url=https://webbook.nist.gov/cgi/cbook.cgi?JCAMP=C74908&Index=1&Type=IR	reason=download_http_404	message=
2026-07-03 02:59:24	cid=768	cas=74-90-8	modality=ir	url=https://webbook.nist.gov/cgi/cbook.cgi?JCAMP=C74908&Index=2&Type=IR	reason=download_http_404	message=
2026-07-03 02:59:24	cid=768	cas=74-90-8	modality=ir	url=https://webbook.nist.gov/cgi/cbook.cgi?JCAMP=C74908&Index=3&Type=IR	reason=download_http_404	message=
2026-07-03 02:59:25	cid=768	cas=74-90-8	modality=ir	url=https://webbook.nist.gov/cgi/cbook.cgi?JCAMP=C74908&Index=4&Type=IR	reason=download_http_404	message=
2026-07-03 02:59:35	cid=768	cas=74-90-8	modality=ir	url=https://webbook.nist.gov/cgi/cbook.cgi?JCAMP=C74908&Index=5&Type=IR	reason=download_http_404	message=
2026-07-03 02:59:36	cid=768	cas=74-90-8	modality=ir	url=https://webbook.nist.gov/cgi/cbook.cgi?JCAMP=C74908&Index=6&Type=IR	reason=download_http_404	message=
2026-07-03 02:59:36	cid=768	cas=74-90-8	modality=ir	url=https://webbook.nist.gov/cgi/cbook.cgi?JCAMP=C74908&Index=7&Type=IR	reason=download_http_404	message=
2026-07-03 02:59:36	cid=768	cas=74-90-8	modality=ir	url=https://webbook.nist.gov/cgi/cbook.cgi?JCAMP=C74908&Index=8&Type=IR	reason=download_http_404	message=
2026-07-03 02:59:36	cid=768	cas=74-90-8	modality=ir	url=https://webbook.nist.gov/cgi/cbook.cgi?JCAMP=C74908&Index=9&Type=IR	reason=download_http_404	message=
2026-07-03 02:59:36	cid=768	cas=74-90-8	modality=	url=https://webbook.nist.gov/cgi/cbook.cgi?ID=74-90-8&Units=SI&Mask=480	reason=all_jcamp_downloads_failed	message=ir:download_http_404;ir:download_http_404;ir:download_http_404;ir:download_http_404;ir:download_http_404;ir:download_http_404;ir:download_http_404;ir:download_http_404;ir:download_http_404
2026-07-03 02:59:37	cid=769	cas=71-52-3	modality=	url=https://webbook.nist.gov/cgi/cbook.cgi?ID=71-52-3&Units=SI&Mask=480	reason=nist_not_found	message=
2026-07-03 02:59:37	cid=771	cas=	modality=	url=	reason=not_found	message=pubchem_synonyms_404
2026-07-03 02:59:38	cid=773	cas=4998-57-6	modality=	url=https://webbook.nist.gov/cgi/cbook.cgi?ID=4998-57-6&Units=SI&Mask=480	reason=nist_not_found	message=
2026-07-03 02:59:42	cid=774	cas=51-45-6	modality=ir	url=https://webbook.nist.gov/cgi/cbook.cgi?JCAMP=C51456&Index=1&Type=IR	reason=download_http_404	message=
2026-07-03 02:59:42	cid=774	cas=51-45-6	modality=ir	url=https://webbook.nist.gov/cgi/cbook.cgi?JCAMP=C51456&Index=2&Type=IR	reason=download_http_404	message=
2026-07-03 02:59:43	cid=774	cas=51-45-6	modality=ir	url=https://webbook.nist.gov/cgi/cbook.cgi?JCAMP=C51456&Index=3&Type=IR	reason=download_http_404	message=
2026-07-03 02:59:53	cid=774	cas=51-45-6	modality=ir	url=https://webbook.nist.gov/cgi/cbook.cgi?JCAMP=C51456&Index=4&Type=IR	reason=download_http_404	message=
2026-07-03 02:59:53	cid=774	cas=51-45-6	modality=ir	url=https://webbook.nist.gov/cgi/cbook.cgi?JCAMP=C51456&Index=5&Type=IR	reason=download_http_404	message=
2026-07-03 02:59:53	cid=774	cas=51-45-6	modality=ir	url=https://webbook.nist.gov/cgi/cbook.cgi?JCAMP=C51456&Index=6&Type=IR	reason=download_http_404	message=
2026-07-03 02:59:54	cid=774	cas=51-45-6	modality=ir	url=https://webbook.nist.gov/cgi/cbook.cgi?JCAMP=C51456&Index=7&Type=IR	reason=download_http_404	message=
2026-07-03 02:59:54	cid=774	cas=51-45-6	modality=ir	url=https://webbook.nist.gov/cgi/cbook.cgi?JCAMP=C51456&Index=8&Type=IR	reason=download_http_404	message=
2026-07-03 03:00:04	cid=774	cas=51-45-6	modality=ir	url=https://webbook.nist.gov/cgi/cbook.cgi?JCAMP=C51456&Index=9&Type=IR	reason=download_http_404	message=
2026-07-03 03:00:04	cid=774	cas=51-45-6	modality=	url=https://webbook.nist.gov/cgi/cbook.cgi?ID=51-45-6&Units=SI&Mask=480	reason=all_jcamp_downloads_failed	message=ir:download_http_404;ir:download_http_404;ir:download_http_404;ir:download_http_404;ir:download_http_404;ir:download_http_404;ir:download_http_404;ir:download_http_404;ir:download_http_404
2026-07-03 03:00:04	cid=775	cas=	modality=	url=	reason=not_found	message=no_cas_in_synonyms
2026-07-03 03:00:05	cid=776	cas=501-28-0	modality=	url=https://webbook.nist.gov/cgi/cbook.cgi?ID=501-28-0&Units=SI&Mask=480	reason=nist_not_found	message=
2026-07-03 03:00:05	cid=777	cas=73-67-6	modality=	url=https://webbook.nist.gov/cgi/cbook.cgi?ID=73-67-6&Units=SI&Mask=480	reason=nist_not_found	message=
2026-07-03 03:00:06	cid=778	cas=454-29-5	modality=	url=https://webbook.nist.gov/cgi/cbook.cgi?ID=454-29-5&Units=SI&Mask=480	reason=nist_not_found	message=
2026-07-03 03:00:07	cid=779	cas=1927-25-9	modality=	url=https://webbook.nist.gov/cgi/cbook.cgi?ID=1927-25-9&Units=SI&Mask=480	reason=no_jcamp_links	message=
2026-07-03 03:00:07	cid=780	cas=451-13-8	modality=	url=https://webbook.nist.gov/cgi/cbook.cgi?ID=451-13-8&Units=SI&Mask=480	reason=nist_not_found	message=
2026-07-03 03:00:08	cid=781	cas=463-56-9	modality=	url=https://webbook.nist.gov/cgi/cbook.cgi?ID=463-56-9&Units=SI&Mask=480	reason=no_jcamp_links	message=
2026-07-03 03:00:08	cid=782	cas=5624-26-0	modality=	url=https://webbook.nist.gov/cgi/cbook.cgi?ID=5624-26-0&Units=SI&Mask=480	reason=nist_not_found	message=
2026-07-03 03:00:09	cid=785	cas=123-31-9	modality=ir	url=https://webbook.nist.gov/cgi/cbook.cgi?JCAMP=C123319&Index=3&Type=IR	reason=download_http_404	message=
2026-07-03 03:00:09	cid=785	cas=123-31-9	modality=ir	url=https://webbook.nist.gov/cgi/cbook.cgi?JCAMP=C123319&Index=4&Type=IR	reason=download_http_404	message=
2026-07-03 03:00:09	cid=785	cas=123-31-9	modality=ir	url=https://webbook.nist.gov/cgi/cbook.cgi?JCAMP=C123319&Index=5&Type=IR	reason=download_http_404	message=
2026-07-03 03:00:10	cid=785	cas=123-31-9	modality=ir	url=https://webbook.nist.gov/cgi/cbook.cgi?JCAMP=C123319&Index=6&Type=IR	reason=download_http_404	message=
2026-07-03 03:00:10	cid=785	cas=123-31-9	modality=ir	url=https://webbook.nist.gov/cgi/cbook.cgi?JCAMP=C123319&Index=7&Type=IR	reason=download_http_404	message=
2026-07-03 03:00:20	cid=785	cas=123-31-9	modality=ir	url=https://webbook.nist.gov/cgi/cbook.cgi?JCAMP=C123319&Index=8&Type=IR	reason=download_http_404	message=
2026-07-03 03:00:21	cid=785	cas=123-31-9	modality=ir	url=https://webbook.nist.gov/cgi/cbook.cgi?JCAMP=C123319&Index=9&Type=IR	reason=download_http_404	message=
2026-07-03 03:00:21	cid=785	cas=123-31-9	modality=uvvis	url=https://webbook.nist.gov/cgi/cbook.cgi?JCAMP=C123319&Index=1&Type=UVVis	reason=download_http_404	message=
2026-07-03 03:00:21	cid=785	cas=123-31-9	modality=uvvis	url=https://webbook.nist.gov/cgi/cbook.cgi?JCAMP=C123319&Index=2&Type=UVVis	reason=download_http_404	message=
2026-07-03 03:00:21	cid=785	cas=123-31-9	modality=uvvis	url=https://webbook.nist.gov/cgi/cbook.cgi?JCAMP=C123319&Index=3&Type=UVVis	reason=download_http_404	message=
2026-07-03 03:00:32	cid=785	cas=123-31-9	modality=uvvis	url=https://webbook.nist.gov/cgi/cbook.cgi?JCAMP=C123319&Index=4&Type=UVVis	reason=download_http_404	message=
2026-07-03 03:00:32	cid=785	cas=123-31-9	modality=uvvis	url=https://webbook.nist.gov/cgi/cbook.cgi?JCAMP=C123319&Index=5&Type=UVVis	reason=download_http_404	message=
2026-07-03 03:00:32	cid=785	cas=123-31-9	modality=uvvis	url=https://webbook.nist.gov/cgi/cbook.cgi?JCAMP=C123319&Index=6&Type=UVVis	reason=download_http_404	message=
2026-07-03 03:00:33	cid=785	cas=123-31-9	modality=uvvis	url=https://webbook.nist.gov/cgi/cbook.cgi?JCAMP=C123319&Index=7&Type=UVVis	reason=download_http_404	message=
2026-07-03 03:00:33	cid=785	cas=123-31-9	modality=uvvis	url=https://webbook.nist.gov/cgi/cbook.cgi?JCAMP=C123319&Index=8&Type=UVVis	reason=download_http_404	message=
2026-07-03 03:00:43	cid=785	cas=123-31-9	modality=uvvis	url=https://webbook.nist.gov/cgi/cbook.cgi?JCAMP=C123319&Index=9&Type=UVVis	reason=download_http_404	message=
2026-07-03 03:00:43	cid=785	cas=123-31-9	modality=	url=https://webbook.nist.gov/cgi/cbook.cgi?ID=123-31-9&Units=SI&Mask=480	reason=all_jcamp_downloads_failed	message=ir:download_http_404;ir:download_http_404;ir:download_http_404;ir:download_http_404;ir:download_http_404;ir:download_http_404;ir:download_http_404;uvvis:download_http_404;uvvis:download_http_404;uvvis:download_http_404;uvvis:download_http_404;uvvis:download_http_404;uvvis:download_http_404;uvvis:download_http_404;uvvis:download_http_404;uvvis:download_http_404
2026-07-03 03:00:43	cid=786	cas=773050-78-5	modality=	url=https://webbook.nist.gov/cgi/cbook.cgi?ID=773050-78-5&Units=SI&Mask=480	reason=nist_not_found	message=
2026-07-03 03:00:44	cid=790	cas=	modality=	url=	reason=not_found	message=pubchem_synonyms_404
2026-07-03 03:00:45	cid=791	cas=443-79-8	modality=ir	url=https://webbook.nist.gov/cgi/cbook.cgi?JCAMP=C3107048&Index=0&Type=IR	reason=download_http_404	message=
2026-07-03 03:00:45	cid=791	cas=443-79-8	modality=ir	url=https://webbook.nist.gov/cgi/cbook.cgi?JCAMP=C3107048&Index=1&Type=IR	reason=download_http_404	message=
2026-07-03 03:00:45	cid=791	cas=443-79-8	modality=ir	url=https://webbook.nist.gov/cgi/cbook.cgi?JCAMP=C3107048&Index=2&Type=IR	reason=download_http_404	message=
2026-07-03 03:00:45	cid=791	cas=443-79-8	modality=ir	url=https://webbook.nist.gov/cgi/cbook.cgi?JCAMP=C3107048&Index=3&Type=IR	reason=download_http_404	message=
2026-07-03 03:00:56	cid=791	cas=443-79-8	modality=ir	url=https://webbook.nist.gov/cgi/cbook.cgi?JCAMP=C3107048&Index=4&Type=IR	reason=download_http_404	message=
2026-07-03 03:00:56	cid=791	cas=443-79-8	modality=ir	url=https://webbook.nist.gov/cgi/cbook.cgi?JCAMP=C3107048&Index=5&Type=IR	reason=download_http_404	message=
2026-07-03 03:00:56	cid=791	cas=443-79-8	modality=ir	url=https://webbook.nist.gov/cgi/cbook.cgi?JCAMP=C3107048&Index=6&Type=IR	reason=download_http_404	message=
2026-07-03 03:00:57	cid=791	cas=443-79-8	modality=ir	url=https://webbook.nist.gov/cgi/cbook.cgi?JCAMP=C3107048&Index=7&Type=IR	reason=download_http_404	message=
2026-07-03 03:00:57	cid=791	cas=443-79-8	modality=ir	url=https://webbook.nist.gov/cgi/cbook.cgi?JCAMP=C3107048&Index=8&Type=IR	reason=download_http_404	message=
2026-07-03 03:01:07	cid=791	cas=443-79-8	modality=ir	url=https://webbook.nist.gov/cgi/cbook.cgi?JCAMP=C3107048&Index=9&Type=IR	reason=download_http_404	message=
2026-07-03 03:01:07	cid=791	cas=443-79-8	modality=	url=https://webbook.nist.gov/cgi/cbook.cgi?ID=443-79-8&Units=SI&Mask=480	reason=all_jcamp_downloads_failed	message=ir:download_http_404;ir:download_http_404;ir:download_http_404;ir:download_http_404;ir:download_http_404;ir:download_http_404;ir:download_http_404;ir:download_http_404;ir:download_http_404;ir:download_http_404
2026-07-03 03:01:08	cid=792	cas=99979-59-6	modality=	url=https://webbook.nist.gov/cgi/cbook.cgi?ID=99979-59-6&Units=SI&Mask=480	reason=nist_not_found	message=
2026-07-03 03:01:08	cid=793	cas=	modality=	url=	reason=not_found	message=no_cas_in_synonyms
2026-07-03 03:01:08	cid=794	cas=2504-83-8	modality=	url=https://webbook.nist.gov/cgi/cbook.cgi?ID=2504-83-8&Units=SI&Mask=480	reason=nist_not_found	message=
2026-07-03 03:01:09	cid=795	cas=288-32-4	modality=ir	url=https://webbook.nist.gov/cgi/cbook.cgi?JCAMP=C288324&Index=1&Type=IR	reason=download_http_404	message=
2026-07-03 03:01:09	cid=795	cas=288-32-4	modality=ir	url=https://webbook.nist.gov/cgi/cbook.cgi?JCAMP=C288324&Index=2&Type=IR	reason=download_http_404	message=
2026-07-03 03:01:10	cid=795	cas=288-32-4	modality=ir	url=https://webbook.nist.gov/cgi/cbook.cgi?JCAMP=C288324&Index=3&Type=IR	reason=download_http_404	message=
2026-07-03 03:01:10	cid=795	cas=288-32-4	modality=ir	url=https://webbook.nist.gov/cgi/cbook.cgi?JCAMP=C288324&Index=4&Type=IR	reason=download_http_404	message=
2026-07-03 03:01:20	cid=795	cas=288-32-4	modality=ir	url=https://webbook.nist.gov/cgi/cbook.cgi?JCAMP=C288324&Index=5&Type=IR	reason=download_http_404	message=
2026-07-03 03:01:20	cid=795	cas=288-32-4	modality=ir	url=https://webbook.nist.gov/cgi/cbook.cgi?JCAMP=C288324&Index=6&Type=IR	reason=download_http_404	message=
2026-07-03 03:01:21	cid=795	cas=288-32-4	modality=ir	url=https://webbook.nist.gov/cgi/cbook.cgi?JCAMP=C288324&Index=7&Type=IR	reason=download_http_404	message=
2026-07-03 03:01:21	cid=795	cas=288-32-4	modality=ir	url=https://webbook.nist.gov/cgi/cbook.cgi?JCAMP=C288324&Index=8&Type=IR	reason=download_http_404	message=
2026-07-03 03:01:21	cid=795	cas=288-32-4	modality=ir	url=https://webbook.nist.gov/cgi/cbook.cgi?JCAMP=C288324&Index=9&Type=IR	reason=download_http_404	message=
2026-07-03 03:01:32	cid=795	cas=288-32-4	modality=uvvis	url=https://webbook.nist.gov/cgi/cbook.cgi?JCAMP=C288324&Index=1&Type=UVVis	reason=download_http_404	message=
2026-07-03 03:01:32	cid=795	cas=288-32-4	modality=uvvis	url=https://webbook.nist.gov/cgi/cbook.cgi?JCAMP=C288324&Index=2&Type=UVVis	reason=download_http_404	message=
2026-07-03 03:01:32	cid=795	cas=288-32-4	modality=uvvis	url=https://webbook.nist.gov/cgi/cbook.cgi?JCAMP=C288324&Index=3&Type=UVVis	reason=download_http_404	message=
2026-07-03 03:01:33	cid=795	cas=288-32-4	modality=uvvis	url=https://webbook.nist.gov/cgi/cbook.cgi?JCAMP=C288324&Index=4&Type=UVVis	reason=download_http_404	message=
2026-07-03 03:01:33	cid=795	cas=288-32-4	modality=uvvis	url=https://webbook.nist.gov/cgi/cbook.cgi?JCAMP=C288324&Index=5&Type=UVVis	reason=download_http_404	message=
2026-07-03 03:01:43	cid=795	cas=288-32-4	modality=uvvis	url=https://webbook.nist.gov/cgi/cbook.cgi?JCAMP=C288324&Index=6&Type=UVVis	reason=download_http_404	message=
2026-07-03 03:01:43	cid=795	cas=288-32-4	modality=uvvis	url=https://webbook.nist.gov/cgi/cbook.cgi?JCAMP=C288324&Index=7&Type=UVVis	reason=download_http_404	message=
2026-07-03 03:01:44	cid=795	cas=288-32-4	modality=uvvis	url=https://webbook.nist.gov/cgi/cbook.cgi?JCAMP=C288324&Index=8&Type=UVVis	reason=download_http_404	message=
2026-07-03 03:01:44	cid=795	cas=288-32-4	modality=uvvis	url=https://webbook.nist.gov/cgi/cbook.cgi?JCAMP=C288324&Index=9&Type=UVVis	reason=download_http_404	message=
2026-07-03 03:01:44	cid=795	cas=288-32-4	modality=	url=https://webbook.nist.gov/cgi/cbook.cgi?ID=288-32-4&Units=SI&Mask=480	reason=all_jcamp_downloads_failed	message=ir:download_http_404;ir:download_http_404;ir:download_http_404;ir:download_http_404;ir:download_http_404;ir:download_http_404;ir:download_http_404;ir:download_http_404;ir:download_http_404;uvvis:download_http_404;uvvis:download_http_404;uvvis:download_http_404;uvvis:download_http_404;uvvis:download_http_404;uvvis:download_http_404;uvvis:download_http_404;uvvis:download_http_404;uvvis:download_http_404
2026-07-03 03:01:44	cid=796	cas=79067-61-1	modality=	url=https://webbook.nist.gov/cgi/cbook.cgi?ID=79067-61-1&Units=SI&Mask=480	reason=nist_not_found	message=
2026-07-03 03:01:45	cid=798	cas=120-72-9	modality=ir	url=https://webbook.nist.gov/cgi/cbook.cgi?JCAMP=C120729&Index=1&Type=IR	reason=download_http_404	message=
2026-07-03 03:01:49	cid=798	cas=120-72-9	modality=ir	url=https://webbook.nist.gov/cgi/cbook.cgi?JCAMP=C120729&Index=2&Type=IR	reason=download_http_404	message=
2026-07-03 03:01:49	cid=798	cas=120-72-9	modality=ir	url=https://webbook.nist.gov/cgi/cbook.cgi?JCAMP=C120729&Index=3&Type=IR	reason=download_http_404	message=
2026-07-03 03:01:53	cid=798	cas=120-72-9	modality=ir	url=https://webbook.nist.gov/cgi/cbook.cgi?JCAMP=C120729&Index=4&Type=IR	reason=download_http_404	message=
2026-07-03 03:01:57	cid=798	cas=120-72-9	modality=ir	url=https://webbook.nist.gov/cgi/cbook.cgi?JCAMP=C120729&Index=5&Type=IR	reason=download_http_404	message=
2026-07-03 03:01:57	cid=798	cas=120-72-9	modality=ir	url=https://webbook.nist.gov/cgi/cbook.cgi?JCAMP=C120729&Index=6&Type=IR	reason=download_http_404	message=
2026-07-03 03:02:01	cid=798	cas=120-72-9	modality=ir	url=https://webbook.nist.gov/cgi/cbook.cgi?JCAMP=C120729&Index=7&Type=IR	reason=download_http_404	message=
2026-07-03 03:02:05	cid=798	cas=120-72-9	modality=ir	url=https://webbook.nist.gov/cgi/cbook.cgi?JCAMP=C120729&Index=8&Type=IR	reason=download_http_404	message=
2026-07-03 03:02:06	cid=798	cas=120-72-9	modality=ir	url=https://webbook.nist.gov/cgi/cbook.cgi?JCAMP=C120729&Index=9&Type=IR	reason=download_http_404	message=
2026-07-03 03:02:09	cid=798	cas=120-72-9	modality=uvvis	url=https://webbook.nist.gov/cgi/cbook.cgi?JCAMP=C120729&Index=1&Type=UVVis	reason=download_http_404	message=
2026-07-03 03:02:13	cid=798	cas=120-72-9	modality=uvvis	url=https://webbook.nist.gov/cgi/cbook.cgi?JCAMP=C120729&Index=2&Type=UVVis	reason=download_http_404	message=
2026-07-03 03:02:14	cid=798	cas=120-72-9	modality=uvvis	url=https://webbook.nist.gov/cgi/cbook.cgi?JCAMP=C120729&Index=3&Type=UVVis	reason=download_http_404	message=
2026-07-03 03:02:17	cid=798	cas=120-72-9	modality=uvvis	url=https://webbook.nist.gov/cgi/cbook.cgi?JCAMP=C120729&Index=4&Type=UVVis	reason=download_http_404	message=
2026-07-03 03:02:21	cid=798	cas=120-72-9	modality=uvvis	url=https://webbook.nist.gov/cgi/cbook.cgi?JCAMP=C120729&Index=5&Type=UVVis	reason=download_http_404	message=
2026-07-03 03:02:22	cid=798	cas=120-72-9	modality=uvvis	url=https://webbook.nist.gov/cgi/cbook.cgi?JCAMP=C120729&Index=6&Type=UVVis	reason=download_http_404	message=
2026-07-03 03:02:26	cid=798	cas=120-72-9	modality=uvvis	url=https://webbook.nist.gov/cgi/cbook.cgi?JCAMP=C120729&Index=7&Type=UVVis	reason=download_http_404	message=
2026-07-03 03:02:29	cid=798	cas=120-72-9	modality=uvvis	url=https://webbook.nist.gov/cgi/cbook.cgi?JCAMP=C120729&Index=8&Type=UVVis	reason=download_http_404	message=
2026-07-03 03:02:30	cid=798	cas=120-72-9	modality=uvvis	url=https://webbook.nist.gov/cgi/cbook.cgi?JCAMP=C120729&Index=9&Type=UVVis	reason=download_http_404	message=
2026-07-03 03:02:30	cid=798	cas=120-72-9	modality=	url=https://webbook.nist.gov/cgi/cbook.cgi?ID=120-72-9&Units=SI&Mask=480	reason=all_jcamp_downloads_failed	message=ir:download_http_404;ir:download_http_404;ir:download_http_404;ir:download_http_404;ir:download_http_404;ir:download_http_404;ir:download_http_404;ir:download_http_404;ir:download_http_404;uvvis:download_http_404;uvvis:download_http_404;uvvis:download_http_404;uvvis:download_http_404;uvvis:download_http_404;uvvis:download_http_404;uvvis:download_http_404;uvvis:download_http_404;uvvis:download_http_404
2026-07-03 03:02:30	cid=799	cas=	modality=	url=	reason=not_found	message=no_cas_in_synonyms
2026-07-03 03:02:30	cid=800	cas=2591-98-2	modality=	url=https://webbook.nist.gov/cgi/cbook.cgi?ID=2591-98-2&Units=SI&Mask=480	reason=no_jcamp_links	message=
2026-07-03 03:02:31	cid=801	cas=93672-51-6	modality=	url=https://webbook.nist.gov/cgi/cbook.cgi?ID=93672-51-6&Units=SI&Mask=480	reason=nist_not_found	message=
2026-07-03 03:02:32	cid=802	cas=87-51-4	modality=ir	url=https://webbook.nist.gov/cgi/cbook.cgi?JCAMP=C87514&Index=2&Type=IR	reason=download_http_404	message=
2026-07-03 03:02:32	cid=802	cas=87-51-4	modality=ir	url=https://webbook.nist.gov/cgi/cbook.cgi?JCAMP=C87514&Index=3&Type=IR	reason=download_http_404	message=
2026-07-03 03:02:32	cid=802	cas=87-51-4	modality=ir	url=https://webbook.nist.gov/cgi/cbook.cgi?JCAMP=C87514&Index=4&Type=IR	reason=download_http_404	message=
2026-07-03 03:02:43	cid=802	cas=87-51-4	modality=ir	url=https://webbook.nist.gov/cgi/cbook.cgi?JCAMP=C87514&Index=5&Type=IR	reason=download_http_404	message=
2026-07-03 03:02:43	cid=802	cas=87-51-4	modality=ir	url=https://webbook.nist.gov/cgi/cbook.cgi?JCAMP=C87514&Index=6&Type=IR	reason=download_http_404	message=
2026-07-03 03:02:43	cid=802	cas=87-51-4	modality=ir	url=https://webbook.nist.gov/cgi/cbook.cgi?JCAMP=C87514&Index=7&Type=IR	reason=download_http_404	message=
2026-07-03 03:02:43	cid=802	cas=87-51-4	modality=ir	url=https://webbook.nist.gov/cgi/cbook.cgi?JCAMP=C87514&Index=8&Type=IR	reason=download_http_404	message=
2026-07-03 03:02:44	cid=802	cas=87-51-4	modality=ir	url=https://webbook.nist.gov/cgi/cbook.cgi?JCAMP=C87514&Index=9&Type=IR	reason=download_http_404	message=
2026-07-03 03:02:44	cid=802	cas=87-51-4	modality=	url=https://webbook.nist.gov/cgi/cbook.cgi?ID=87-51-4&Units=SI&Mask=480	reason=all_jcamp_downloads_failed	message=ir:download_http_404;ir:download_http_404;ir:download_http_404;ir:download_http_404;ir:download_http_404;ir:download_http_404;ir:download_http_404;ir:download_http_404
2026-07-03 03:02:49	cid=803	cas=392-12-1	modality=ir	url=https://webbook.nist.gov/cgi/cbook.cgi?JCAMP=C392121&Index=1&Type=IR	reason=download_http_404	message=
2026-07-03 03:02:49	cid=803	cas=392-12-1	modality=ir	url=https://webbook.nist.gov/cgi/cbook.cgi?JCAMP=C392121&Index=2&Type=IR	reason=download_http_404	message=
2026-07-03 03:02:49	cid=803	cas=392-12-1	modality=ir	url=https://webbook.nist.gov/cgi/cbook.cgi?JCAMP=C392121&Index=3&Type=IR	reason=download_http_404	message=
2026-07-03 03:02:50	cid=803	cas=392-12-1	modality=ir	url=https://webbook.nist.gov/cgi/cbook.cgi?JCAMP=C392121&Index=4&Type=IR	reason=download_http_404	message=
2026-07-03 03:03:00	cid=803	cas=392-12-1	modality=ir	url=https://webbook.nist.gov/cgi/cbook.cgi?JCAMP=C392121&Index=5&Type=IR	reason=download_http_404	message=
2026-07-03 03:03:00	cid=803	cas=392-12-1	modality=ir	url=https://webbook.nist.gov/cgi/cbook.cgi?JCAMP=C392121&Index=6&Type=IR	reason=download_http_404	message=
2026-07-03 03:03:00	cid=803	cas=392-12-1	modality=ir	url=https://webbook.nist.gov/cgi/cbook.cgi?JCAMP=C392121&Index=7&Type=IR	reason=download_http_404	message=
2026-07-03 03:03:01	cid=803	cas=392-12-1	modality=ir	url=https://webbook.nist.gov/cgi/cbook.cgi?JCAMP=C392121&Index=8&Type=IR	reason=download_http_404	message=
2026-07-03 03:03:01	cid=803	cas=392-12-1	modality=ir	url=https://webbook.nist.gov/cgi/cbook.cgi?JCAMP=C392121&Index=9&Type=IR	reason=download_http_404	message=
2026-07-03 03:03:01	cid=803	cas=392-12-1	modality=	url=https://webbook.nist.gov/cgi/cbook.cgi?ID=392-12-1&Units=SI&Mask=480	reason=all_jcamp_downloads_failed	message=ir:download_http_404;ir:download_http_404;ir:download_http_404;ir:download_http_404;ir:download_http_404;ir:download_http_404;ir:download_http_404;ir:download_http_404;ir:download_http_404
2026-07-03 03:03:02	cid=805	cas=47055-78-7	modality=	url=https://webbook.nist.gov/cgi/cbook.cgi?ID=47055-78-7&Units=SI&Mask=480	reason=nist_not_found	message=
2026-07-03 03:03:02	cid=806	cas=93133-76-7	modality=	url=https://webbook.nist.gov/cgi/cbook.cgi?ID=93133-76-7&Units=SI&Mask=480	reason=nist_not_found	message=
2026-07-03 03:03:03	cid=809	cas=1632468-09-7	modality=	url=https://webbook.nist.gov/cgi/cbook.cgi?ID=1632468-09-7&Units=SI&Mask=480	reason=nist_not_found	message=
2026-07-03 03:03:07	cid=811	cas=97-65-4	modality=ir	url=https://webbook.nist.gov/cgi/cbook.cgi?JCAMP=C97654&Index=1&Type=IR	reason=download_http_404	message=
2026-07-03 03:03:07	cid=811	cas=97-65-4	modality=ir	url=https://webbook.nist.gov/cgi/cbook.cgi?JCAMP=C97654&Index=2&Type=IR	reason=download_http_404	message=
2026-07-03 03:03:08	cid=811	cas=97-65-4	modality=ir	url=https://webbook.nist.gov/cgi/cbook.cgi?JCAMP=C97654&Index=3&Type=IR	reason=download_http_404	message=
2026-07-03 03:03:18	cid=811	cas=97-65-4	modality=ir	url=https://webbook.nist.gov/cgi/cbook.cgi?JCAMP=C97654&Index=4&Type=IR	reason=download_http_404	message=
2026-07-03 03:03:18	cid=811	cas=97-65-4	modality=ir	url=https://webbook.nist.gov/cgi/cbook.cgi?JCAMP=C97654&Index=5&Type=IR	reason=download_http_404	message=
2026-07-03 03:03:19	cid=811	cas=97-65-4	modality=ir	url=https://webbook.nist.gov/cgi/cbook.cgi?JCAMP=C97654&Index=6&Type=IR	reason=download_http_404	message=
2026-07-03 03:03:19	cid=811	cas=97-65-4	modality=ir	url=https://webbook.nist.gov/cgi/cbook.cgi?JCAMP=C97654&Index=7&Type=IR	reason=download_http_404	message=
2026-07-03 03:03:19	cid=811	cas=97-65-4	modality=ir	url=https://webbook.nist.gov/cgi/cbook.cgi?JCAMP=C97654&Index=8&Type=IR	reason=download_http_404	message=
2026-07-03 03:03:30	cid=811	cas=97-65-4	modality=ir	url=https://webbook.nist.gov/cgi/cbook.cgi?JCAMP=C97654&Index=9&Type=IR	reason=download_http_404	message=
2026-07-03 03:03:30	cid=811	cas=97-65-4	modality=	url=https://webbook.nist.gov/cgi/cbook.cgi?ID=97-65-4&Units=SI&Mask=480	reason=all_jcamp_downloads_failed	message=ir:download_http_404;ir:download_http_404;ir:download_http_404;ir:download_http_404;ir:download_http_404;ir:download_http_404;ir:download_http_404;ir:download_http_404;ir:download_http_404
2026-07-03 03:03:30	cid=815	cas=	modality=	url=	reason=not_found	message=no_cas_in_synonyms
2026-07-03 03:03:30	cid=816	cas=	modality=	url=	reason=not_found	message=no_cas_in_synonyms
2026-07-03 03:03:31	cid=817	cas=1069-03-0	modality=	url=https://webbook.nist.gov/cgi/cbook.cgi?ID=1069-03-0&Units=SI&Mask=480	reason=nist_not_found	message=
2026-07-03 03:03:31	cid=818	cas=	modality=	url=	reason=not_found	message=pubchem_synonyms_404
2026-07-03 03:03:31	cid=823	cas=10097-72-0	modality=	url=https://webbook.nist.gov/cgi/cbook.cgi?ID=10097-72-0&Units=SI&Mask=480	reason=nist_not_found	message=
2026-07-03 03:03:32	cid=824	cas=760-78-1	modality=	url=https://webbook.nist.gov/cgi/cbook.cgi?ID=760-78-1&Units=SI&Mask=480	reason=no_jcamp_links	message=
2026-07-03 03:03:33	cid=825	cas=6912-67-0	modality=	url=https://webbook.nist.gov/cgi/cbook.cgi?ID=6912-67-0&Units=SI&Mask=480	reason=nist_not_found	message=
2026-07-03 03:03:33	cid=826	cas=	modality=	url=	reason=not_found	message=no_cas_in_synonyms
2026-07-03 03:03:33	cid=827	cas=6917-36-8	modality=	url=https://webbook.nist.gov/cgi/cbook.cgi?ID=6917-36-8&Units=SI&Mask=480	reason=nist_not_found	message=
2026-07-03 03:03:34	cid=828	cas=92008-07-6	modality=	url=https://webbook.nist.gov/cgi/cbook.cgi?ID=92008-07-6&Units=SI&Mask=480	reason=nist_not_found	message=
2026-07-03 03:03:34	cid=829	cas=15106-57-7	modality=	url=https://webbook.nist.gov/cgi/cbook.cgi?ID=15106-57-7&Units=SI&Mask=480	reason=nist_not_found	message=
2026-07-03 03:03:35	cid=830	cas=76749-44-5	modality=	url=https://webbook.nist.gov/cgi/cbook.cgi?ID=76749-44-5&Units=SI&Mask=480	reason=nist_not_found	message=
2026-07-03 03:03:35	cid=831	cas=	modality=	url=	reason=not_found	message=pubchem_synonyms_404
2026-07-03 03:03:35	cid=832	cas=	modality=	url=	reason=not_found	message=no_cas_in_synonyms
2026-07-03 03:03:36	cid=833	cas=627-77-0	modality=ir	url=https://webbook.nist.gov/cgi/cbook.cgi?JCAMP=C627770&Index=1&Type=IR	reason=download_http_404	message=
2026-07-03 03:03:36	cid=833	cas=627-77-0	modality=ir	url=https://webbook.nist.gov/cgi/cbook.cgi?JCAMP=C627770&Index=2&Type=IR	reason=download_http_404	message=
2026-07-03 03:03:37	cid=833	cas=627-77-0	modality=ir	url=https://webbook.nist.gov/cgi/cbook.cgi?JCAMP=C627770&Index=3&Type=IR	reason=download_http_404	message=
2026-07-03 03:03:37	cid=833	cas=627-77-0	modality=ir	url=https://webbook.nist.gov/cgi/cbook.cgi?JCAMP=C627770&Index=4&Type=IR	reason=download_http_404	message=
2026-07-03 03:03:37	cid=833	cas=627-77-0	modality=ir	url=https://webbook.nist.gov/cgi/cbook.cgi?JCAMP=C627770&Index=5&Type=IR	reason=download_http_404	message=
2026-07-03 03:03:47	cid=833	cas=627-77-0	modality=ir	url=https://webbook.nist.gov/cgi/cbook.cgi?JCAMP=C627770&Index=6&Type=IR	reason=download_http_404	message=
2026-07-03 03:03:48	cid=833	cas=627-77-0	modality=ir	url=https://webbook.nist.gov/cgi/cbook.cgi?JCAMP=C627770&Index=7&Type=IR	reason=download_http_404	message=
2026-07-03 03:03:48	cid=833	cas=627-77-0	modality=ir	url=https://webbook.nist.gov/cgi/cbook.cgi?JCAMP=C627770&Index=8&Type=IR	reason=download_http_404	message=
2026-07-03 03:03:48	cid=833	cas=627-77-0	modality=ir	url=https://webbook.nist.gov/cgi/cbook.cgi?JCAMP=C627770&Index=9&Type=IR	reason=download_http_404	message=
2026-07-03 03:03:48	cid=833	cas=627-77-0	modality=	url=https://webbook.nist.gov/cgi/cbook.cgi?ID=627-77-0&Units=SI&Mask=480	reason=all_jcamp_downloads_failed	message=ir:download_http_404;ir:download_http_404;ir:download_http_404;ir:download_http_404;ir:download_http_404;ir:download_http_404;ir:download_http_404;ir:download_http_404;ir:download_http_404
2026-07-03 03:03:49	cid=834	cas=535-34-2	modality=	url=https://webbook.nist.gov/cgi/cbook.cgi?ID=535-34-2&Units=SI&Mask=480	reason=nist_not_found	message=
2026-07-03 03:03:49	cid=835	cas=7723-73-1	modality=	url=https://webbook.nist.gov/cgi/cbook.cgi?ID=7723-73-1&Units=SI&Mask=480	reason=nist_not_found	message=
2026-07-03 03:03:50	cid=836	cas=63-84-3	modality=	url=https://webbook.nist.gov/cgi/cbook.cgi?ID=63-84-3&Units=SI&Mask=480	reason=no_jcamp_links	message=
2026-07-03 03:03:50	cid=837	cas=	modality=	url=	reason=not_found	message=pubchem_synonyms_404
2026-07-03 03:03:51	cid=838	cas=329-65-7	modality=	url=https://webbook.nist.gov/cgi/cbook.cgi?ID=329-65-7&Units=SI&Mask=480	reason=nist_not_found	message=
2026-07-03 03:03:51	cid=839	cas=3157-41-3	modality=	url=https://webbook.nist.gov/cgi/cbook.cgi?ID=3157-41-3&Units=SI&Mask=480	reason=nist_not_found	message=
2026-07-03 03:03:52	cid=840	cas=97466-79-0	modality=	url=https://webbook.nist.gov/cgi/cbook.cgi?ID=97466-79-0&Units=SI&Mask=480	reason=nist_not_found	message=
2026-07-03 03:03:52	cid=841	cas=138382-50-0	modality=	url=https://webbook.nist.gov/cgi/cbook.cgi?ID=138382-50-0&Units=SI&Mask=480	reason=nist_not_found	message=
2026-07-03 03:03:53	cid=842	cas=686-58-8	modality=	url=https://webbook.nist.gov/cgi/cbook.cgi?ID=686-58-8&Units=SI&Mask=480	reason=nist_not_found	message=
2026-07-03 03:03:53	cid=843	cas=	modality=	url=	reason=not_found	message=no_cas_in_synonyms
2026-07-03 03:03:53	cid=844	cas=	modality=	url=	reason=not_found	message=no_cas_in_synonyms
2026-07-03 03:03:53	cid=845	cas=	modality=	url=	reason=not_found	message=no_cas_in_synonyms
2026-07-03 03:03:54	cid=846	cas=3039-10-9	modality=	url=https://webbook.nist.gov/cgi/cbook.cgi?ID=3039-10-9&Units=SI&Mask=480	reason=nist_not_found	message=
2026-07-03 03:03:54	cid=847	cas=62697-73-8	modality=	url=https://webbook.nist.gov/cgi/cbook.cgi?ID=62697-73-8&Units=SI&Mask=480	reason=nist_not_found	message=
2026-07-03 03:03:55	cid=848	cas=470-29-1	modality=	url=https://webbook.nist.gov/cgi/cbook.cgi?ID=470-29-1&Units=SI&Mask=480	reason=nist_not_found	message=
2026-07-03 03:03:55	cid=849	cas=535-75-1	modality=	url=https://webbook.nist.gov/cgi/cbook.cgi?ID=535-75-1&Units=SI&Mask=480	reason=nist_not_found	message=
2026-07-03 03:03:56	cid=850	cas=60802-29-1	modality=	url=https://webbook.nist.gov/cgi/cbook.cgi?ID=60802-29-1&Units=SI&Mask=480	reason=nist_not_found	message=
2026-07-03 03:03:56	cid=852	cas=6667-60-3	modality=	url=https://webbook.nist.gov/cgi/cbook.cgi?ID=6667-60-3&Units=SI&Mask=480	reason=nist_not_found	message=
2026-07-03 03:03:57	cid=853	cas=300-30-1	modality=	url=https://webbook.nist.gov/cgi/cbook.cgi?ID=300-30-1&Units=SI&Mask=480	reason=nist_not_found	message=
2026-07-03 03:03:57	cid=854	cas=20235-19-2	modality=	url=https://webbook.nist.gov/cgi/cbook.cgi?ID=20235-19-2&Units=SI&Mask=480	reason=nist_not_found	message=
2026-07-03 03:03:58	cid=855	cas=598-35-6	modality=	url=https://webbook.nist.gov/cgi/cbook.cgi?ID=598-35-6&Units=SI&Mask=480	reason=nist_not_found	message=
2026-07-03 03:03:58	cid=856	cas=	modality=	url=	reason=not_found	message=no_cas_in_synonyms
2026-07-03 03:03:58	cid=857	cas=328-39-2	modality=	url=https://webbook.nist.gov/cgi/cbook.cgi?ID=328-39-2&Units=SI&Mask=480	reason=no_jcamp_links	message=
2026-07-03 03:03:59	cid=858	cas=	modality=	url=	reason=not_found	message=pubchem_synonyms_404
2026-07-03 03:03:59	cid=859	cas=	modality=	url=	reason=not_found	message=pubchem_synonyms_404
2026-07-03 03:03:59	cid=860	cas=1955-33-5	modality=	url=https://webbook.nist.gov/cgi/cbook.cgi?ID=1955-33-5&Units=SI&Mask=480	reason=no_jcamp_links	message=
2026-07-03 03:04:00	cid=861	cas=3130-96-9	modality=	url=https://webbook.nist.gov/cgi/cbook.cgi?ID=3130-96-9&Units=SI&Mask=480	reason=nist_not_found	message=
2026-07-03 03:04:00	cid=863	cas=940-69-2	modality=	url=https://webbook.nist.gov/cgi/cbook.cgi?ID=940-69-2&Units=SI&Mask=480	reason=nist_not_found	message=
2026-07-03 03:04:01	cid=864	cas=1077-28-7	modality=ir	url=https://webbook.nist.gov/cgi/cbook.cgi?JCAMP=C1077287&Index=1&Type=IR	reason=download_http_404	message=
2026-07-03 03:04:01	cid=864	cas=1077-28-7	modality=ir	url=https://webbook.nist.gov/cgi/cbook.cgi?JCAMP=C1077287&Index=2&Type=IR	reason=download_http_404	message=
2026-07-03 03:04:02	cid=864	cas=1077-28-7	modality=ir	url=https://webbook.nist.gov/cgi/cbook.cgi?JCAMP=C1077287&Index=3&Type=IR	reason=download_http_404	message=
2026-07-03 03:04:02	cid=864	cas=1077-28-7	modality=ir	url=https://webbook.nist.gov/cgi/cbook.cgi?JCAMP=C1077287&Index=4&Type=IR	reason=download_http_404	message=
2026-07-03 03:04:02	cid=864	cas=1077-28-7	modality=ir	url=https://webbook.nist.gov/cgi/cbook.cgi?JCAMP=C1077287&Index=5&Type=IR	reason=download_http_404	message=
2026-07-03 03:04:12	cid=864	cas=1077-28-7	modality=ir	url=https://webbook.nist.gov/cgi/cbook.cgi?JCAMP=C1077287&Index=6&Type=IR	reason=download_http_404	message=
2026-07-03 03:04:13	cid=864	cas=1077-28-7	modality=ir	url=https://webbook.nist.gov/cgi/cbook.cgi?JCAMP=C1077287&Index=7&Type=IR	reason=download_http_404	message=
2026-07-03 03:04:13	cid=864	cas=1077-28-7	modality=ir	url=https://webbook.nist.gov/cgi/cbook.cgi?JCAMP=C1077287&Index=8&Type=IR	reason=download_http_404	message=
2026-07-03 03:04:13	cid=864	cas=1077-28-7	modality=ir	url=https://webbook.nist.gov/cgi/cbook.cgi?JCAMP=C1077287&Index=9&Type=IR	reason=download_http_404	message=
2026-07-03 03:04:13	cid=864	cas=1077-28-7	modality=	url=https://webbook.nist.gov/cgi/cbook.cgi?ID=1077-28-7&Units=SI&Mask=480	reason=all_jcamp_downloads_failed	message=ir:download_http_404;ir:download_http_404;ir:download_http_404;ir:download_http_404;ir:download_http_404;ir:download_http_404;ir:download_http_404;ir:download_http_404;ir:download_http_404
2026-07-03 03:04:14	cid=865	cas=583-93-7	modality=	url=https://webbook.nist.gov/cgi/cbook.cgi?ID=583-93-7&Units=SI&Mask=480	reason=nist_not_found	message=
2026-07-03 03:04:14	cid=866	cas=70-54-2	modality=	url=https://webbook.nist.gov/cgi/cbook.cgi?ID=70-54-2&Units=SI&Mask=480	reason=no_jcamp_links	message=
2026-07-03 03:04:15	cid=867	cas=141-82-2	modality=ir	url=https://webbook.nist.gov/cgi/cbook.cgi?JCAMP=C813569&Index=0&Type=IR	reason=download_http_404	message=
2026-07-03 03:04:19	cid=867	cas=141-82-2	modality=ir	url=https://webbook.nist.gov/cgi/cbook.cgi?JCAMP=C813569&Index=1&Type=IR	reason=download_http_404	message=
2026-07-03 03:04:19	cid=867	cas=141-82-2	modality=ir	url=https://webbook.nist.gov/cgi/cbook.cgi?JCAMP=C813569&Index=2&Type=IR	reason=download_http_404	message=
2026-07-03 03:04:23	cid=867	cas=141-82-2	modality=ir	url=https://webbook.nist.gov/cgi/cbook.cgi?JCAMP=C813569&Index=3&Type=IR	reason=download_http_404	message=
2026-07-03 03:04:27	cid=867	cas=141-82-2	modality=ir	url=https://webbook.nist.gov/cgi/cbook.cgi?JCAMP=C813569&Index=4&Type=IR	reason=download_http_404	message=
2026-07-03 03:04:27	cid=867	cas=141-82-2	modality=ir	url=https://webbook.nist.gov/cgi/cbook.cgi?JCAMP=C813569&Index=5&Type=IR	reason=download_http_404	message=
2026-07-03 03:04:31	cid=867	cas=141-82-2	modality=ir	url=https://webbook.nist.gov/cgi/cbook.cgi?JCAMP=C813569&Index=6&Type=IR	reason=download_http_404	message=
2026-07-03 03:04:35	cid=867	cas=141-82-2	modality=ir	url=https://webbook.nist.gov/cgi/cbook.cgi?JCAMP=C813569&Index=7&Type=IR	reason=download_http_404	message=
2026-07-03 03:04:35	cid=867	cas=141-82-2	modality=ir	url=https://webbook.nist.gov/cgi/cbook.cgi?JCAMP=C813569&Index=8&Type=IR	reason=download_http_404	message=
2026-07-03 03:04:39	cid=867	cas=141-82-2	modality=ir	url=https://webbook.nist.gov/cgi/cbook.cgi?JCAMP=C813569&Index=9&Type=IR	reason=download_http_404	message=
2026-07-03 03:04:39	cid=867	cas=141-82-2	modality=	url=https://webbook.nist.gov/cgi/cbook.cgi?ID=141-82-2&Units=SI&Mask=480	reason=all_jcamp_downloads_failed	message=ir:download_http_404;ir:download_http_404;ir:download_http_404;ir:download_http_404;ir:download_http_404;ir:download_http_404;ir:download_http_404;ir:download_http_404;ir:download_http_404;ir:download_http_404
2026-07-03 03:04:40	cid=868	cas=926-61-4	modality=	url=https://webbook.nist.gov/cgi/cbook.cgi?ID=926-61-4&Units=SI&Mask=480	reason=nist_not_found	message=
2026-07-03 03:04:40	cid=870	cas=9036-88-8	modality=	url=https://webbook.nist.gov/cgi/cbook.cgi?ID=9036-88-8&Units=SI&Mask=480	reason=nist_not_found	message=
2026-07-03 03:04:41	cid=871	cas=9037-55-2	modality=	url=https://webbook.nist.gov/cgi/cbook.cgi?ID=9037-55-2&Units=SI&Mask=480	reason=nist_not_found	message=
2026-07-03 03:04:41	cid=872	cas=28447-39-4	modality=	url=https://webbook.nist.gov/cgi/cbook.cgi?ID=28447-39-4&Units=SI&Mask=480	reason=nist_not_found	message=
2026-07-03 03:04:42	cid=873	cas=495-78-3	modality=ir	url=https://webbook.nist.gov/cgi/cbook.cgi?JCAMP=C495783&Index=1&Type=IR	reason=download_http_404	message=
2026-07-03 03:04:42	cid=873	cas=495-78-3	modality=ir	url=https://webbook.nist.gov/cgi/cbook.cgi?JCAMP=C495783&Index=2&Type=IR	reason=download_http_404	message=
2026-07-03 03:04:43	cid=873	cas=495-78-3	modality=ir	url=https://webbook.nist.gov/cgi/cbook.cgi?JCAMP=C495783&Index=3&Type=IR	reason=download_http_404	message=
2026-07-03 03:04:43	cid=873	cas=495-78-3	modality=ir	url=https://webbook.nist.gov/cgi/cbook.cgi?JCAMP=C495783&Index=4&Type=IR	reason=download_http_404	message=
2026-07-03 03:04:53	cid=873	cas=495-78-3	modality=ir	url=https://webbook.nist.gov/cgi/cbook.cgi?JCAMP=C495783&Index=5&Type=IR	reason=download_http_404	message=
2026-07-03 03:04:53	cid=873	cas=495-78-3	modality=ir	url=https://webbook.nist.gov/cgi/cbook.cgi?JCAMP=C495783&Index=6&Type=IR	reason=download_http_404	message=
2026-07-03 03:04:54	cid=873	cas=495-78-3	modality=ir	url=https://webbook.nist.gov/cgi/cbook.cgi?JCAMP=C495783&Index=7&Type=IR	reason=download_http_404	message=
2026-07-03 03:04:54	cid=873	cas=495-78-3	modality=ir	url=https://webbook.nist.gov/cgi/cbook.cgi?JCAMP=C495783&Index=8&Type=IR	reason=download_http_404	message=
2026-07-03 03:04:54	cid=873	cas=495-78-3	modality=ir	url=https://webbook.nist.gov/cgi/cbook.cgi?JCAMP=C495783&Index=9&Type=IR	reason=download_http_404	message=
2026-07-03 03:04:54	cid=873	cas=495-78-3	modality=	url=https://webbook.nist.gov/cgi/cbook.cgi?ID=495-78-3&Units=SI&Mask=480	reason=all_jcamp_downloads_failed	message=ir:download_http_404;ir:download_http_404;ir:download_http_404;ir:download_http_404;ir:download_http_404;ir:download_http_404;ir:download_http_404;ir:download_http_404;ir:download_http_404
2026-07-03 03:04:59	cid=874	cas=7407-59-2	modality=ir	url=https://webbook.nist.gov/cgi/cbook.cgi?JCAMP=C498237&Index=0&Type=IR	reason=download_http_404	message=
2026-07-03 03:04:59	cid=874	cas=7407-59-2	modality=ir	url=https://webbook.nist.gov/cgi/cbook.cgi?JCAMP=C498237&Index=1&Type=IR	reason=download_http_404	message=
2026-07-03 03:05:03	cid=874	cas=7407-59-2	modality=ir	url=https://webbook.nist.gov/cgi/cbook.cgi?JCAMP=C498237&Index=2&Type=IR	reason=download_http_404	message=
2026-07-03 03:05:07	cid=874	cas=7407-59-2	modality=ir	url=https://webbook.nist.gov/cgi/cbook.cgi?JCAMP=C498237&Index=3&Type=IR	reason=download_http_404	message=
2026-07-03 03:05:07	cid=874	cas=7407-59-2	modality=ir	url=https://webbook.nist.gov/cgi/cbook.cgi?JCAMP=C498237&Index=4&Type=IR	reason=download_http_404	message=
2026-07-03 03:05:11	cid=874	cas=7407-59-2	modality=ir	url=https://webbook.nist.gov/cgi/cbook.cgi?JCAMP=C498237&Index=5&Type=IR	reason=download_http_404	message=
2026-07-03 03:05:15	cid=874	cas=7407-59-2	modality=ir	url=https://webbook.nist.gov/cgi/cbook.cgi?JCAMP=C498237&Index=6&Type=IR	reason=download_http_404	message=
2026-07-03 03:05:15	cid=874	cas=7407-59-2	modality=ir	url=https://webbook.nist.gov/cgi/cbook.cgi?JCAMP=C498237&Index=7&Type=IR	reason=download_http_404	message=
2026-07-03 03:05:19	cid=874	cas=7407-59-2	modality=ir	url=https://webbook.nist.gov/cgi/cbook.cgi?JCAMP=C498237&Index=8&Type=IR	reason=download_http_404	message=
2026-07-03 03:05:23	cid=874	cas=7407-59-2	modality=ir	url=https://webbook.nist.gov/cgi/cbook.cgi?JCAMP=C498237&Index=9&Type=IR	reason=download_http_404	message=
2026-07-03 03:05:23	cid=874	cas=7407-59-2	modality=	url=https://webbook.nist.gov/cgi/cbook.cgi?ID=7407-59-2&Units=SI&Mask=480	reason=all_jcamp_downloads_failed	message=ir:download_http_404;ir:download_http_404;ir:download_http_404;ir:download_http_404;ir:download_http_404;ir:download_http_404;ir:download_http_404;ir:download_http_404;ir:download_http_404;ir:download_http_404
2026-07-03 03:05:23	cid=875	cas=526-83-0	modality=	url=https://webbook.nist.gov/cgi/cbook.cgi?ID=526-83-0&Units=SI&Mask=480	reason=nist_not_found	message=
2026-07-03 03:05:24	cid=876	cas=59-51-8	modality=uvvis	url=https://webbook.nist.gov/cgi/cbook.cgi?JCAMP=C348674&Index=0&Type=UVVis	reason=download_http_404	message=
2026-07-03 03:05:25	cid=876	cas=59-51-8	modality=uvvis	url=https://webbook.nist.gov/cgi/cbook.cgi?JCAMP=C348674&Index=1&Type=UVVis	reason=download_http_404	message=
2026-07-03 03:05:25	cid=876	cas=59-51-8	modality=uvvis	url=https://webbook.nist.gov/cgi/cbook.cgi?JCAMP=C348674&Index=2&Type=UVVis	reason=download_http_404	message=
2026-07-03 03:05:25	cid=876	cas=59-51-8	modality=uvvis	url=https://webbook.nist.gov/cgi/cbook.cgi?JCAMP=C348674&Index=3&Type=UVVis	reason=download_http_404	message=
2026-07-03 03:05:35	cid=876	cas=59-51-8	modality=uvvis	url=https://webbook.nist.gov/cgi/cbook.cgi?JCAMP=C348674&Index=4&Type=UVVis	reason=download_http_404	message=
2026-07-03 03:05:36	cid=876	cas=59-51-8	modality=uvvis	url=https://webbook.nist.gov/cgi/cbook.cgi?JCAMP=C348674&Index=5&Type=UVVis	reason=download_http_404	message=
2026-07-03 03:05:36	cid=876	cas=59-51-8	modality=uvvis	url=https://webbook.nist.gov/cgi/cbook.cgi?JCAMP=C348674&Index=6&Type=UVVis	reason=download_http_404	message=
2026-07-03 03:05:36	cid=876	cas=59-51-8	modality=uvvis	url=https://webbook.nist.gov/cgi/cbook.cgi?JCAMP=C348674&Index=7&Type=UVVis	reason=download_http_404	message=
2026-07-03 03:05:37	cid=876	cas=59-51-8	modality=uvvis	url=https://webbook.nist.gov/cgi/cbook.cgi?JCAMP=C348674&Index=8&Type=UVVis	reason=download_http_404	message=
2026-07-03 03:05:47	cid=876	cas=59-51-8	modality=uvvis	url=https://webbook.nist.gov/cgi/cbook.cgi?JCAMP=C348674&Index=9&Type=UVVis	reason=download_http_404	message=
2026-07-03 03:05:47	cid=876	cas=59-51-8	modality=	url=https://webbook.nist.gov/cgi/cbook.cgi?ID=59-51-8&Units=SI&Mask=480	reason=all_jcamp_downloads_failed	message=uvvis:download_http_404;uvvis:download_http_404;uvvis:download_http_404;uvvis:download_http_404;uvvis:download_http_404;uvvis:download_http_404;uvvis:download_http_404;uvvis:download_http_404;uvvis:download_http_404;uvvis:download_http_404
2026-07-03 03:05:48	cid=878	cas=74-93-1	modality=uvvis	url=https://webbook.nist.gov/cgi/cbook.cgi?JCAMP=C74931&Index=1&Type=UVVis	reason=download_http_404	message=
2026-07-03 03:05:48	cid=878	cas=74-93-1	modality=uvvis	url=https://webbook.nist.gov/cgi/cbook.cgi?JCAMP=C74931&Index=2&Type=UVVis	reason=download_http_404	message=
2026-07-03 03:05:48	cid=878	cas=74-93-1	modality=uvvis	url=https://webbook.nist.gov/cgi/cbook.cgi?JCAMP=C74931&Index=3&Type=UVVis	reason=download_http_404	message=
2026-07-03 03:05:48	cid=878	cas=74-93-1	modality=uvvis	url=https://webbook.nist.gov/cgi/cbook.cgi?JCAMP=C74931&Index=4&Type=UVVis	reason=download_http_404	message=
2026-07-03 03:05:59	cid=878	cas=74-93-1	modality=uvvis	url=https://webbook.nist.gov/cgi/cbook.cgi?JCAMP=C74931&Index=5&Type=UVVis	reason=download_http_404	message=
2026-07-03 03:05:59	cid=878	cas=74-93-1	modality=uvvis	url=https://webbook.nist.gov/cgi/cbook.cgi?JCAMP=C74931&Index=6&Type=UVVis	reason=download_http_404	message=
2026-07-03 03:05:59	cid=878	cas=74-93-1	modality=uvvis	url=https://webbook.nist.gov/cgi/cbook.cgi?JCAMP=C74931&Index=7&Type=UVVis	reason=download_http_404	message=
2026-07-03 03:06:00	cid=878	cas=74-93-1	modality=uvvis	url=https://webbook.nist.gov/cgi/cbook.cgi?JCAMP=C74931&Index=8&Type=UVVis	reason=download_http_404	message=
2026-07-03 03:06:00	cid=878	cas=74-93-1	modality=uvvis	url=https://webbook.nist.gov/cgi/cbook.cgi?JCAMP=C74931&Index=9&Type=UVVis	reason=download_http_404	message=
2026-07-03 03:06:00	cid=878	cas=74-93-1	modality=	url=https://webbook.nist.gov/cgi/cbook.cgi?ID=74-93-1&Units=SI&Mask=480	reason=all_jcamp_downloads_failed	message=uvvis:download_http_404;uvvis:download_http_404;uvvis:download_http_404;uvvis:download_http_404;uvvis:download_http_404;uvvis:download_http_404;uvvis:download_http_404;uvvis:download_http_404;uvvis:download_http_404
2026-07-03 03:06:00	cid=879	cas=	modality=	url=	reason=not_found	message=no_cas_in_synonyms
2026-07-03 03:06:01	cid=880	cas=78-98-8	modality=	url=https://webbook.nist.gov/cgi/cbook.cgi?ID=78-98-8&Units=SI&Mask=480	reason=no_jcamp_links	message=
2026-07-03 03:06:05	cid=887	cas=67-56-1	modality=ir	url=https://webbook.nist.gov/cgi/cbook.cgi?JCAMP=C1849292&Index=0&Type=IR	reason=download_http_404	message=
2026-07-03 03:06:05	cid=887	cas=67-56-1	modality=ir	url=https://webbook.nist.gov/cgi/cbook.cgi?JCAMP=C1849292&Index=1&Type=IR	reason=download_http_404	message=
2026-07-03 03:06:06	cid=887	cas=67-56-1	modality=ir	url=https://webbook.nist.gov/cgi/cbook.cgi?JCAMP=C1849292&Index=2&Type=IR	reason=download_http_404	message=
2026-07-03 03:06:16	cid=887	cas=67-56-1	modality=ir	url=https://webbook.nist.gov/cgi/cbook.cgi?JCAMP=C1849292&Index=3&Type=IR	reason=download_http_404	message=
2026-07-03 03:06:16	cid=887	cas=67-56-1	modality=ir	url=https://webbook.nist.gov/cgi/cbook.cgi?JCAMP=C1849292&Index=4&Type=IR	reason=download_http_404	message=
2026-07-03 03:06:16	cid=887	cas=67-56-1	modality=ir	url=https://webbook.nist.gov/cgi/cbook.cgi?JCAMP=C1849292&Index=5&Type=IR	reason=download_http_404	message=
2026-07-03 03:06:17	cid=887	cas=67-56-1	modality=ir	url=https://webbook.nist.gov/cgi/cbook.cgi?JCAMP=C1849292&Index=6&Type=IR	reason=download_http_404	message=
2026-07-03 03:06:17	cid=887	cas=67-56-1	modality=ir	url=https://webbook.nist.gov/cgi/cbook.cgi?JCAMP=C1849292&Index=7&Type=IR	reason=download_http_404	message=
2026-07-03 03:06:27	cid=887	cas=67-56-1	modality=ir	url=https://webbook.nist.gov/cgi/cbook.cgi?JCAMP=C1849292&Index=8&Type=IR	reason=download_http_404	message=
2026-07-03 03:06:27	cid=887	cas=67-56-1	modality=ir	url=https://webbook.nist.gov/cgi/cbook.cgi?JCAMP=C1849292&Index=9&Type=IR	reason=download_http_404	message=
2026-07-03 03:06:27	cid=887	cas=67-56-1	modality=	url=https://webbook.nist.gov/cgi/cbook.cgi?ID=67-56-1&Units=SI&Mask=480	reason=all_jcamp_downloads_failed	message=ir:download_http_404;ir:download_http_404;ir:download_http_404;ir:download_http_404;ir:download_http_404;ir:download_http_404;ir:download_http_404;ir:download_http_404;ir:download_http_404;ir:download_http_404
2026-07-03 03:06:28	cid=890	cas=83-86-3	modality=	url=https://webbook.nist.gov/cgi/cbook.cgi?ID=83-86-3&Units=SI&Mask=480	reason=nist_not_found	message=
2026-07-03 03:06:28	cid=891	cas=	modality=	url=	reason=not_found	message=no_cas_in_synonyms
2026-07-03 03:06:29	cid=892	cas=87-89-8	modality=	url=https://webbook.nist.gov/cgi/cbook.cgi?ID=87-89-8&Units=SI&Mask=480	reason=no_jcamp_links	message=
2026-07-03 03:06:29	cid=893	cas=53501-90-9	modality=	url=https://webbook.nist.gov/cgi/cbook.cgi?ID=53501-90-9&Units=SI&Mask=480	reason=nist_not_found	message=
2026-07-03 03:06:29	cid=894	cas=	modality=	url=	reason=not_found	message=pubchem_synonyms_404
2026-07-03 03:06:30	cid=895	cas=2014-58-6	modality=	url=https://webbook.nist.gov/cgi/cbook.cgi?ID=2014-58-6&Units=SI&Mask=480	reason=nist_not_found	message=
2026-07-03 03:06:31	cid=896	cas=73-31-4	modality=ir	url=https://webbook.nist.gov/cgi/cbook.cgi?JCAMP=C73314&Index=2&Type=IR	reason=download_http_404	message=
2026-07-03 03:06:31	cid=896	cas=73-31-4	modality=ir	url=https://webbook.nist.gov/cgi/cbook.cgi?JCAMP=C73314&Index=3&Type=IR	reason=download_http_404	message=
2026-07-03 03:06:31	cid=896	cas=73-31-4	modality=ir	url=https://webbook.nist.gov/cgi/cbook.cgi?JCAMP=C73314&Index=4&Type=IR	reason=download_http_404	message=
2026-07-03 03:06:42	cid=896	cas=73-31-4	modality=ir	url=https://webbook.nist.gov/cgi/cbook.cgi?JCAMP=C73314&Index=5&Type=IR	reason=download_http_404	message=
2026-07-03 03:06:42	cid=896	cas=73-31-4	modality=ir	url=https://webbook.nist.gov/cgi/cbook.cgi?JCAMP=C73314&Index=6&Type=IR	reason=download_http_404	message=
2026-07-03 03:06:42	cid=896	cas=73-31-4	modality=ir	url=https://webbook.nist.gov/cgi/cbook.cgi?JCAMP=C73314&Index=7&Type=IR	reason=download_http_404	message=
2026-07-03 03:06:42	cid=896	cas=73-31-4	modality=ir	url=https://webbook.nist.gov/cgi/cbook.cgi?JCAMP=C73314&Index=8&Type=IR	reason=download_http_404	message=
2026-07-03 03:06:43	cid=896	cas=73-31-4	modality=ir	url=https://webbook.nist.gov/cgi/cbook.cgi?JCAMP=C73314&Index=9&Type=IR	reason=download_http_404	message=
2026-07-03 03:06:43	cid=896	cas=73-31-4	modality=	url=https://webbook.nist.gov/cgi/cbook.cgi?ID=73-31-4&Units=SI&Mask=480	reason=all_jcamp_downloads_failed	message=ir:download_http_404;ir:download_http_404;ir:download_http_404;ir:download_http_404;ir:download_http_404;ir:download_http_404;ir:download_http_404;ir:download_http_404
2026-07-03 03:06:43	cid=897	cas=151167-15-6	modality=	url=https://webbook.nist.gov/cgi/cbook.cgi?ID=151167-15-6&Units=SI&Mask=480	reason=nist_not_found	message=
2026-07-03 03:06:43	cid=898	cas=	modality=	url=	reason=not_found	message=no_cas_in_synonyms
2026-07-03 03:06:44	cid=899	cas=478529-43-0	modality=	url=https://webbook.nist.gov/cgi/cbook.cgi?ID=478529-43-0&Units=SI&Mask=480	reason=nist_not_found	message=
2026-07-03 03:06:44	cid=900	cas=901851-43-2	modality=	url=https://webbook.nist.gov/cgi/cbook.cgi?ID=901851-43-2&Units=SI&Mask=480	reason=nist_not_found	message=
2026-07-03 03:06:45	cid=901	cas=837431-11-5	modality=	url=https://webbook.nist.gov/cgi/cbook.cgi?ID=837431-11-5&Units=SI&Mask=480	reason=nist_not_found	message=
2026-07-03 03:06:45	cid=902	cas=14531-48-7	modality=	url=https://webbook.nist.gov/cgi/cbook.cgi?ID=14531-48-7&Units=SI&Mask=480	reason=nist_not_found	message=
2026-07-03 03:06:46	cid=903	cas=1210-83-9	modality=	url=https://webbook.nist.gov/cgi/cbook.cgi?ID=1210-83-9&Units=SI&Mask=480	reason=nist_not_found	message=
2026-07-03 03:06:47	cid=904	cas=103-84-4	modality=ir	url=https://webbook.nist.gov/cgi/cbook.cgi?JCAMP=C103844&Index=3&Type=IR	reason=download_http_404	message=
2026-07-03 03:06:47	cid=904	cas=103-84-4	modality=ir	url=https://webbook.nist.gov/cgi/cbook.cgi?JCAMP=C103844&Index=4&Type=IR	reason=download_http_404	message=
2026-07-03 03:06:47	cid=904	cas=103-84-4	modality=ir	url=https://webbook.nist.gov/cgi/cbook.cgi?JCAMP=C103844&Index=5&Type=IR	reason=download_http_404	message=
2026-07-03 03:06:48	cid=904	cas=103-84-4	modality=ir	url=https://webbook.nist.gov/cgi/cbook.cgi?JCAMP=C103844&Index=6&Type=IR	reason=download_http_404	message=
2026-07-03 03:06:48	cid=904	cas=103-84-4	modality=ir	url=https://webbook.nist.gov/cgi/cbook.cgi?JCAMP=C103844&Index=7&Type=IR	reason=download_http_404	message=
2026-07-03 03:06:58	cid=904	cas=103-84-4	modality=ir	url=https://webbook.nist.gov/cgi/cbook.cgi?JCAMP=C103844&Index=8&Type=IR	reason=download_http_404	message=
2026-07-03 03:06:59	cid=904	cas=103-84-4	modality=ir	url=https://webbook.nist.gov/cgi/cbook.cgi?JCAMP=C103844&Index=9&Type=IR	reason=download_http_404	message=
2026-07-03 03:06:59	cid=904	cas=103-84-4	modality=uvvis	url=https://webbook.nist.gov/cgi/cbook.cgi?JCAMP=C103844&Index=1&Type=UVVis	reason=download_http_404	message=
2026-07-03 03:06:59	cid=904	cas=103-84-4	modality=uvvis	url=https://webbook.nist.gov/cgi/cbook.cgi?JCAMP=C103844&Index=2&Type=UVVis	reason=download_http_404	message=
2026-07-03 03:06:59	cid=904	cas=103-84-4	modality=uvvis	url=https://webbook.nist.gov/cgi/cbook.cgi?JCAMP=C103844&Index=3&Type=UVVis	reason=download_http_404	message=
2026-07-03 03:07:10	cid=904	cas=103-84-4	modality=uvvis	url=https://webbook.nist.gov/cgi/cbook.cgi?JCAMP=C103844&Index=4&Type=UVVis	reason=download_http_404	message=
2026-07-03 03:07:10	cid=904	cas=103-84-4	modality=uvvis	url=https://webbook.nist.gov/cgi/cbook.cgi?JCAMP=C103844&Index=5&Type=UVVis	reason=download_http_404	message=
2026-07-03 03:07:10	cid=904	cas=103-84-4	modality=uvvis	url=https://webbook.nist.gov/cgi/cbook.cgi?JCAMP=C103844&Index=6&Type=UVVis	reason=download_http_404	message=
2026-07-03 03:07:11	cid=904	cas=103-84-4	modality=uvvis	url=https://webbook.nist.gov/cgi/cbook.cgi?JCAMP=C103844&Index=7&Type=UVVis	reason=download_http_404	message=
2026-07-03 03:07:12	cid=904	cas=103-84-4	modality=uvvis	url=https://webbook.nist.gov/cgi/cbook.cgi?JCAMP=C103844&Index=8&Type=UVVis	reason=download_http_404	message=
2026-07-03 03:07:16	cid=904	cas=103-84-4	modality=uvvis	url=https://webbook.nist.gov/cgi/cbook.cgi?JCAMP=C103844&Index=9&Type=UVVis	reason=download_http_404	message=
2026-07-03 03:07:16	cid=904	cas=103-84-4	modality=	url=https://webbook.nist.gov/cgi/cbook.cgi?ID=103-84-4&Units=SI&Mask=480	reason=all_jcamp_downloads_failed	message=ir:download_http_404;ir:download_http_404;ir:download_http_404;ir:download_http_404;ir:download_http_404;ir:download_http_404;ir:download_http_404;uvvis:download_http_404;uvvis:download_http_404;uvvis:download_http_404;uvvis:download_http_404;uvvis:download_http_404;uvvis:download_http_404;uvvis:download_http_404;uvvis:download_http_404;uvvis:download_http_404
2026-07-03 03:07:16	cid=905	cas=	modality=	url=	reason=not_found	message=no_cas_in_synonyms
2026-07-03 03:07:17	cid=906	cas=131-48-6	modality=	url=https://webbook.nist.gov/cgi/cbook.cgi?ID=131-48-6&Units=SI&Mask=480	reason=nist_not_found	message=
2026-07-03 03:07:17	cid=907	cas=	modality=	url=	reason=not_found	message=no_cas_in_synonyms
2026-07-03 03:07:17	cid=908	cas=2140-03-6	modality=	url=https://webbook.nist.gov/cgi/cbook.cgi?ID=2140-03-6&Units=SI&Mask=480	reason=nist_not_found	message=
2026-07-03 03:07:18	cid=909	cas=	modality=	url=	reason=not_found	message=no_cas_in_synonyms
2026-07-03 03:07:18	cid=910	cas=1022-31-7	modality=	url=https://webbook.nist.gov/cgi/cbook.cgi?ID=1022-31-7&Units=SI&Mask=480	reason=nist_not_found	message=
2026-07-03 03:07:19	cid=911	cas=4309-82-4	modality=	url=https://webbook.nist.gov/cgi/cbook.cgi?ID=4309-82-4&Units=SI&Mask=480	reason=nist_not_found	message=
2026-07-03 03:07:19	cid=912	cas=673-50-7	modality=	url=https://webbook.nist.gov/cgi/cbook.cgi?ID=673-50-7&Units=SI&Mask=480	reason=nist_not_found	message=
2026-07-03 03:07:20	cid=913	cas=68579-60-2	modality=	url=https://webbook.nist.gov/cgi/cbook.cgi?ID=68579-60-2&Units=SI&Mask=480	reason=nist_not_found	message=
2026-07-03 03:07:20	cid=914	cas=487-59-2	modality=	url=https://webbook.nist.gov/cgi/cbook.cgi?ID=487-59-2&Units=SI&Mask=480	reason=nist_not_found	message=
2026-07-03 03:07:20	cid=915	cas=	modality=	url=	reason=not_found	message=no_cas_in_synonyms
2026-07-03 03:07:21	cid=916	cas=25593-72-0	modality=	url=https://webbook.nist.gov/cgi/cbook.cgi?ID=25593-72-0&Units=SI&Mask=480	reason=nist_not_found	message=
2026-07-03 03:07:22	cid=917	cas=959570-56-0	modality=	url=https://webbook.nist.gov/cgi/cbook.cgi?ID=959570-56-0&Units=SI&Mask=480	reason=nist_not_found	message=
2026-07-03 03:07:22	cid=918	cas=	modality=	url=	reason=not_found	message=no_cas_in_synonyms
2026-07-03 03:07:22	cid=919	cas=	modality=	url=	reason=not_found	message=pubchem_synonyms_404
2026-07-03 03:07:23	cid=920	cas=899816-95-6	modality=	url=https://webbook.nist.gov/cgi/cbook.cgi?ID=899816-95-6&Units=SI&Mask=480	reason=nist_not_found	message=
2026-07-03 03:07:23	cid=921	cas=	modality=	url=	reason=not_found	message=no_cas_in_synonyms
2026-07-03 03:07:23	cid=922	cas=4703-52-0	modality=	url=https://webbook.nist.gov/cgi/cbook.cgi?ID=4703-52-0&Units=SI&Mask=480	reason=nist_not_found	message=
2026-07-03 03:07:23	cid=925	cas=	modality=	url=	reason=not_found	message=no_cas_in_synonyms
2026-07-03 03:07:24	cid=926	cas=65085-09-8	modality=	url=https://webbook.nist.gov/cgi/cbook.cgi?ID=65085-09-8&Units=SI&Mask=480	reason=nist_not_found	message=
2026-07-03 03:07:24	cid=927	cas=	modality=	url=	reason=not_found	message=pubchem_synonyms_404
2026-07-03 03:07:25	cid=928	cas=74927-11-0	modality=	url=https://webbook.nist.gov/cgi/cbook.cgi?ID=74927-11-0&Units=SI&Mask=480	reason=nist_not_found	message=
2026-07-03 03:07:25	cid=929	cas=	modality=	url=	reason=not_found	message=no_cas_in_synonyms
2026-07-03 03:07:25	cid=930	cas=	modality=	url=	reason=not_found	message=no_cas_in_synonyms
2026-07-03 03:07:26	cid=931	cas=91-20-3	modality=ir	url=https://webbook.nist.gov/cgi/cbook.cgi?JCAMP=C1146652&Index=1&Type=IR	reason=download_http_404	message=
2026-07-03 03:07:26	cid=931	cas=91-20-3	modality=ir	url=https://webbook.nist.gov/cgi/cbook.cgi?JCAMP=C1146652&Index=2&Type=IR	reason=download_http_404	message=
2026-07-03 03:07:27	cid=931	cas=91-20-3	modality=ir	url=https://webbook.nist.gov/cgi/cbook.cgi?JCAMP=C1146652&Index=3&Type=IR	reason=download_http_404	message=
2026-07-03 03:07:27	cid=931	cas=91-20-3	modality=ir	url=https://webbook.nist.gov/cgi/cbook.cgi?JCAMP=C1146652&Index=4&Type=IR	reason=download_http_404	message=
2026-07-03 03:07:27	cid=931	cas=91-20-3	modality=ir	url=https://webbook.nist.gov/cgi/cbook.cgi?JCAMP=C1146652&Index=5&Type=IR	reason=download_http_404	message=
2026-07-03 03:07:38	cid=931	cas=91-20-3	modality=ir	url=https://webbook.nist.gov/cgi/cbook.cgi?JCAMP=C1146652&Index=6&Type=IR	reason=download_http_404	message=
2026-07-03 03:07:38	cid=931	cas=91-20-3	modality=ir	url=https://webbook.nist.gov/cgi/cbook.cgi?JCAMP=C1146652&Index=7&Type=IR	reason=download_http_404	message=
2026-07-03 03:07:38	cid=931	cas=91-20-3	modality=ir	url=https://webbook.nist.gov/cgi/cbook.cgi?JCAMP=C1146652&Index=8&Type=IR	reason=download_http_404	message=
2026-07-03 03:07:39	cid=931	cas=91-20-3	modality=ir	url=https://webbook.nist.gov/cgi/cbook.cgi?JCAMP=C1146652&Index=9&Type=IR	reason=download_http_404	message=
2026-07-03 03:07:39	cid=931	cas=91-20-3	modality=uvvis	url=https://webbook.nist.gov/cgi/cbook.cgi?JCAMP=C1146652&Index=0&Type=UVVis	reason=download_http_404	message=
2026-07-03 03:07:50	cid=931	cas=91-20-3	modality=uvvis	url=https://webbook.nist.gov/cgi/cbook.cgi?JCAMP=C1146652&Index=1&Type=UVVis	reason=download_http_404	message=
2026-07-03 03:07:50	cid=931	cas=91-20-3	modality=uvvis	url=https://webbook.nist.gov/cgi/cbook.cgi?JCAMP=C1146652&Index=2&Type=UVVis	reason=download_http_404	message=
2026-07-03 03:07:50	cid=931	cas=91-20-3	modality=uvvis	url=https://webbook.nist.gov/cgi/cbook.cgi?JCAMP=C1146652&Index=3&Type=UVVis	reason=download_http_404	message=
2026-07-03 03:07:51	cid=931	cas=91-20-3	modality=uvvis	url=https://webbook.nist.gov/cgi/cbook.cgi?JCAMP=C1146652&Index=4&Type=UVVis	reason=download_http_404	message=
2026-07-03 03:07:51	cid=931	cas=91-20-3	modality=uvvis	url=https://webbook.nist.gov/cgi/cbook.cgi?JCAMP=C1146652&Index=5&Type=UVVis	reason=download_http_404	message=
2026-07-03 03:08:01	cid=931	cas=91-20-3	modality=uvvis	url=https://webbook.nist.gov/cgi/cbook.cgi?JCAMP=C1146652&Index=6&Type=UVVis	reason=download_http_404	message=
2026-07-03 03:08:02	cid=931	cas=91-20-3	modality=uvvis	url=https://webbook.nist.gov/cgi/cbook.cgi?JCAMP=C1146652&Index=7&Type=UVVis	reason=download_http_404	message=
2026-07-03 03:08:02	cid=931	cas=91-20-3	modality=uvvis	url=https://webbook.nist.gov/cgi/cbook.cgi?JCAMP=C1146652&Index=8&Type=UVVis	reason=download_http_404	message=
2026-07-03 03:08:02	cid=931	cas=91-20-3	modality=uvvis	url=https://webbook.nist.gov/cgi/cbook.cgi?JCAMP=C1146652&Index=9&Type=UVVis	reason=download_http_404	message=
2026-07-03 03:08:02	cid=931	cas=91-20-3	modality=	url=https://webbook.nist.gov/cgi/cbook.cgi?ID=91-20-3&Units=SI&Mask=480	reason=all_jcamp_downloads_failed	message=ir:download_http_404;ir:download_http_404;ir:download_http_404;ir:download_http_404;ir:download_http_404;ir:download_http_404;ir:download_http_404;ir:download_http_404;ir:download_http_404;uvvis:download_http_404;uvvis:download_http_404;uvvis:download_http_404;uvvis:download_http_404;uvvis:download_http_404;uvvis:download_http_404;uvvis:download_http_404;uvvis:download_http_404;uvvis:download_http_404;uvvis:download_http_404
2026-07-03 03:08:03	cid=932	cas=67604-48-2	modality=	url=https://webbook.nist.gov/cgi/cbook.cgi?ID=67604-48-2&Units=SI&Mask=480	reason=nist_not_found	message=
2026-07-03 03:08:04	cid=936	cas=98-92-0	modality=ir	url=https://webbook.nist.gov/cgi/cbook.cgi?JCAMP=C98920&Index=2&Type=IR	reason=download_http_404	message=
2026-07-03 03:08:08	cid=936	cas=98-92-0	modality=ir	url=https://webbook.nist.gov/cgi/cbook.cgi?JCAMP=C98920&Index=3&Type=IR	reason=download_http_404	message=
2026-07-03 03:08:08	cid=936	cas=98-92-0	modality=ir	url=https://webbook.nist.gov/cgi/cbook.cgi?JCAMP=C98920&Index=4&Type=IR	reason=download_http_404	message=
2026-07-03 03:08:12	cid=936	cas=98-92-0	modality=ir	url=https://webbook.nist.gov/cgi/cbook.cgi?JCAMP=C98920&Index=5&Type=IR	reason=download_http_404	message=
2026-07-03 03:08:16	cid=936	cas=98-92-0	modality=ir	url=https://webbook.nist.gov/cgi/cbook.cgi?JCAMP=C98920&Index=6&Type=IR	reason=download_http_404	message=
2026-07-03 03:08:16	cid=936	cas=98-92-0	modality=ir	url=https://webbook.nist.gov/cgi/cbook.cgi?JCAMP=C98920&Index=7&Type=IR	reason=download_http_404	message=
2026-07-03 03:08:20	cid=936	cas=98-92-0	modality=ir	url=https://webbook.nist.gov/cgi/cbook.cgi?JCAMP=C98920&Index=8&Type=IR	reason=download_http_404	message=
2026-07-03 03:08:24	cid=936	cas=98-92-0	modality=ir	url=https://webbook.nist.gov/cgi/cbook.cgi?JCAMP=C98920&Index=9&Type=IR	reason=download_http_404	message=
2026-07-03 03:08:25	cid=936	cas=98-92-0	modality=uvvis	url=https://webbook.nist.gov/cgi/cbook.cgi?JCAMP=C98920&Index=1&Type=UVVis	reason=download_http_404	message=
2026-07-03 03:08:29	cid=936	cas=98-92-0	modality=uvvis	url=https://webbook.nist.gov/cgi/cbook.cgi?JCAMP=C98920&Index=2&Type=UVVis	reason=download_http_404	message=
2026-07-03 03:08:33	cid=936	cas=98-92-0	modality=uvvis	url=https://webbook.nist.gov/cgi/cbook.cgi?JCAMP=C98920&Index=3&Type=UVVis	reason=download_http_404	message=
2026-07-03 03:08:33	cid=936	cas=98-92-0	modality=uvvis	url=https://webbook.nist.gov/cgi/cbook.cgi?JCAMP=C98920&Index=4&Type=UVVis	reason=download_http_404	message=
2026-07-03 03:08:37	cid=936	cas=98-92-0	modality=uvvis	url=https://webbook.nist.gov/cgi/cbook.cgi?JCAMP=C98920&Index=5&Type=UVVis	reason=download_http_404	message=
2026-07-03 03:08:41	cid=936	cas=98-92-0	modality=uvvis	url=https://webbook.nist.gov/cgi/cbook.cgi?JCAMP=C98920&Index=6&Type=UVVis	reason=download_http_404	message=
2026-07-03 03:08:42	cid=936	cas=98-92-0	modality=uvvis	url=https://webbook.nist.gov/cgi/cbook.cgi?JCAMP=C98920&Index=7&Type=UVVis	reason=download_http_404	message=
2026-07-03 03:08:46	cid=936	cas=98-92-0	modality=uvvis	url=https://webbook.nist.gov/cgi/cbook.cgi?JCAMP=C98920&Index=8&Type=UVVis	reason=download_http_404	message=
2026-07-03 03:08:50	cid=936	cas=98-92-0	modality=uvvis	url=https://webbook.nist.gov/cgi/cbook.cgi?JCAMP=C98920&Index=9&Type=UVVis	reason=download_http_404	message=
2026-07-03 03:08:50	cid=936	cas=98-92-0	modality=	url=https://webbook.nist.gov/cgi/cbook.cgi?ID=98-92-0&Units=SI&Mask=480	reason=all_jcamp_downloads_failed	message=ir:download_http_404;ir:download_http_404;ir:download_http_404;ir:download_http_404;ir:download_http_404;ir:download_http_404;ir:download_http_404;ir:download_http_404;uvvis:download_http_404;uvvis:download_http_404;uvvis:download_http_404;uvvis:download_http_404;uvvis:download_http_404;uvvis:download_http_404;uvvis:download_http_404;uvvis:download_http_404;uvvis:download_http_404
2026-07-03 03:08:50	cid=937	cas=	modality=	url=	reason=not_found	message=no_cas_in_synonyms
2026-07-03 03:08:51	cid=938	cas=59-67-6	modality=ir	url=https://webbook.nist.gov/cgi/cbook.cgi?JCAMP=C59676&Index=3&Type=IR	reason=download_http_404	message=
2026-07-03 03:08:51	cid=938	cas=59-67-6	modality=ir	url=https://webbook.nist.gov/cgi/cbook.cgi?JCAMP=C59676&Index=4&Type=IR	reason=download_http_404	message=
2026-07-03 03:08:51	cid=938	cas=59-67-6	modality=ir	url=https://webbook.nist.gov/cgi/cbook.cgi?JCAMP=C59676&Index=5&Type=IR	reason=download_http_404	message=
2026-07-03 03:08:52	cid=938	cas=59-67-6	modality=ir	url=https://webbook.nist.gov/cgi/cbook.cgi?JCAMP=C59676&Index=6&Type=IR	reason=download_http_404	message=
2026-07-03 03:09:02	cid=938	cas=59-67-6	modality=ir	url=https://webbook.nist.gov/cgi/cbook.cgi?JCAMP=C59676&Index=7&Type=IR	reason=download_http_404	message=
2026-07-03 03:09:02	cid=938	cas=59-67-6	modality=ir	url=https://webbook.nist.gov/cgi/cbook.cgi?JCAMP=C59676&Index=8&Type=IR	reason=download_http_404	message=
2026-07-03 03:09:03	cid=938	cas=59-67-6	modality=ir	url=https://webbook.nist.gov/cgi/cbook.cgi?JCAMP=C59676&Index=9&Type=IR	reason=download_http_404	message=
2026-07-03 03:09:03	cid=938	cas=59-67-6	modality=uvvis	url=https://webbook.nist.gov/cgi/cbook.cgi?JCAMP=C59676&Index=1&Type=UVVis	reason=download_http_404	message=
2026-07-03 03:09:04	cid=938	cas=59-67-6	modality=uvvis	url=https://webbook.nist.gov/cgi/cbook.cgi?JCAMP=C59676&Index=2&Type=UVVis	reason=download_http_404	message=
2026-07-03 03:09:14	cid=938	cas=59-67-6	modality=uvvis	url=https://webbook.nist.gov/cgi/cbook.cgi?JCAMP=C59676&Index=3&Type=UVVis	reason=download_http_404	message=
2026-07-03 03:09:14	cid=938	cas=59-67-6	modality=uvvis	url=https://webbook.nist.gov/cgi/cbook.cgi?JCAMP=C59676&Index=4&Type=UVVis	reason=download_http_404	message=
2026-07-03 03:09:15	cid=938	cas=59-67-6	modality=uvvis	url=https://webbook.nist.gov/cgi/cbook.cgi?JCAMP=C59676&Index=5&Type=UVVis	reason=download_http_404	message=
2026-07-03 03:09:15	cid=938	cas=59-67-6	modality=uvvis	url=https://webbook.nist.gov/cgi/cbook.cgi?JCAMP=C59676&Index=6&Type=UVVis	reason=download_http_404	message=
2026-07-03 03:09:15	cid=938	cas=59-67-6	modality=uvvis	url=https://webbook.nist.gov/cgi/cbook.cgi?JCAMP=C59676&Index=7&Type=UVVis	reason=download_http_404	message=
2026-07-03 03:09:26	cid=938	cas=59-67-6	modality=uvvis	url=https://webbook.nist.gov/cgi/cbook.cgi?JCAMP=C59676&Index=8&Type=UVVis	reason=download_http_404	message=
2026-07-03 03:09:26	cid=938	cas=59-67-6	modality=uvvis	url=https://webbook.nist.gov/cgi/cbook.cgi?JCAMP=C59676&Index=9&Type=UVVis	reason=download_http_404	message=
2026-07-03 03:09:26	cid=938	cas=59-67-6	modality=	url=https://webbook.nist.gov/cgi/cbook.cgi?ID=59-67-6&Units=SI&Mask=480	reason=all_jcamp_downloads_failed	message=ir:download_http_404;ir:download_http_404;ir:download_http_404;ir:download_http_404;ir:download_http_404;ir:download_http_404;ir:download_http_404;uvvis:download_http_404;uvvis:download_http_404;uvvis:download_http_404;uvvis:download_http_404;uvvis:download_http_404;uvvis:download_http_404;uvvis:download_http_404;uvvis:download_http_404;uvvis:download_http_404
2026-07-03 03:09:26	cid=939	cas=	modality=	url=	reason=not_found	message=no_cas_in_synonyms
2026-07-03 03:09:26	cid=940	cas=	modality=	url=	reason=not_found	message=no_cas_in_synonyms
2026-07-03 03:09:27	cid=941	cas=	modality=	url=	reason=not_found	message=no_cas_in_synonyms
2026-07-03 03:09:27	cid=942	cas=22083-74-5	modality=	url=https://webbook.nist.gov/cgi/cbook.cgi?ID=22083-74-5&Units=SI&Mask=480	reason=no_jcamp_links	message=
2026-07-03 03:09:28	cid=949	cas=121-69-7	modality=ir	url=https://webbook.nist.gov/cgi/cbook.cgi?JCAMP=C121697&Index=2&Type=IR	reason=download_http_404	message=
2026-07-03 03:09:28	cid=949	cas=121-69-7	modality=ir	url=https://webbook.nist.gov/cgi/cbook.cgi?JCAMP=C121697&Index=3&Type=IR	reason=download_http_404	message=
2026-07-03 03:09:29	cid=949	cas=121-69-7	modality=ir	url=https://webbook.nist.gov/cgi/cbook.cgi?JCAMP=C121697&Index=4&Type=IR	reason=download_http_404	message=
2026-07-03 03:09:39	cid=949	cas=121-69-7	modality=ir	url=https://webbook.nist.gov/cgi/cbook.cgi?JCAMP=C121697&Index=5&Type=IR	reason=download_http_404	message=
2026-07-03 03:09:39	cid=949	cas=121-69-7	modality=ir	url=https://webbook.nist.gov/cgi/cbook.cgi?JCAMP=C121697&Index=6&Type=IR	reason=download_http_404	message=
2026-07-03 03:09:40	cid=949	cas=121-69-7	modality=ir	url=https://webbook.nist.gov/cgi/cbook.cgi?JCAMP=C121697&Index=7&Type=IR	reason=download_http_404	message=
2026-07-03 03:09:40	cid=949	cas=121-69-7	modality=ir	url=https://webbook.nist.gov/cgi/cbook.cgi?JCAMP=C121697&Index=8&Type=IR	reason=download_http_404	message=
2026-07-03 03:09:40	cid=949	cas=121-69-7	modality=ir	url=https://webbook.nist.gov/cgi/cbook.cgi?JCAMP=C121697&Index=9&Type=IR	reason=download_http_404	message=
2026-07-03 03:09:40	cid=949	cas=121-69-7	modality=	url=https://webbook.nist.gov/cgi/cbook.cgi?ID=121-69-7&Units=SI&Mask=480	reason=all_jcamp_downloads_failed	message=ir:download_http_404;ir:download_http_404;ir:download_http_404;ir:download_http_404;ir:download_http_404;ir:download_http_404;ir:download_http_404;ir:download_http_404
2026-07-03 03:09:41	cid=950	cas=874-52-2	modality=	url=https://webbook.nist.gov/cgi/cbook.cgi?ID=874-52-2&Units=SI&Mask=480	reason=nist_not_found	message=
2026-07-03 03:09:42	cid=951	cas=586-17-4	modality=	url=https://webbook.nist.gov/cgi/cbook.cgi?ID=586-17-4&Units=SI&Mask=480	reason=nist_not_found	message=
2026-07-03 03:09:42	cid=952	cas=	modality=	url=	reason=not_found	message=no_cas_in_synonyms
2026-07-03 03:09:42	cid=953	cas=	modality=	url=	reason=not_found	message=no_cas_in_synonyms
2026-07-03 03:09:43	cid=954	cas=1817-00-1	modality=	url=https://webbook.nist.gov/cgi/cbook.cgi?ID=1817-00-1&Units=SI&Mask=480	reason=nist_not_found	message=
2026-07-03 03:09:43	cid=955	cas=27415-09-4	modality=	url=https://webbook.nist.gov/cgi/cbook.cgi?ID=27415-09-4&Units=SI&Mask=480	reason=nist_not_found	message=
2026-07-03 03:09:48	cid=957	cas=111-87-5	modality=ir	url=https://webbook.nist.gov/cgi/cbook.cgi?JCAMP=C111875&Index=1&Type=IR	reason=download_http_404	message=
2026-07-03 03:09:48	cid=957	cas=111-87-5	modality=ir	url=https://webbook.nist.gov/cgi/cbook.cgi?JCAMP=C111875&Index=2&Type=IR	reason=download_http_404	message=
2026-07-03 03:09:48	cid=957	cas=111-87-5	modality=ir	url=https://webbook.nist.gov/cgi/cbook.cgi?JCAMP=C111875&Index=3&Type=IR	reason=download_http_404	message=
2026-07-03 03:09:59	cid=957	cas=111-87-5	modality=ir	url=https://webbook.nist.gov/cgi/cbook.cgi?JCAMP=C111875&Index=4&Type=IR	reason=download_http_404	message=
2026-07-03 03:09:59	cid=957	cas=111-87-5	modality=ir	url=https://webbook.nist.gov/cgi/cbook.cgi?JCAMP=C111875&Index=5&Type=IR	reason=download_http_404	message=
2026-07-03 03:09:59	cid=957	cas=111-87-5	modality=ir	url=https://webbook.nist.gov/cgi/cbook.cgi?JCAMP=C111875&Index=6&Type=IR	reason=download_http_404	message=
2026-07-03 03:10:00	cid=957	cas=111-87-5	modality=ir	url=https://webbook.nist.gov/cgi/cbook.cgi?JCAMP=C111875&Index=7&Type=IR	reason=download_http_404	message=
2026-07-03 03:10:00	cid=957	cas=111-87-5	modality=ir	url=https://webbook.nist.gov/cgi/cbook.cgi?JCAMP=C111875&Index=8&Type=IR	reason=download_http_404	message=
2026-07-03 03:10:11	cid=957	cas=111-87-5	modality=ir	url=https://webbook.nist.gov/cgi/cbook.cgi?JCAMP=C111875&Index=9&Type=IR	reason=download_http_404	message=
2026-07-03 03:10:11	cid=957	cas=111-87-5	modality=	url=https://webbook.nist.gov/cgi/cbook.cgi?ID=111-87-5&Units=SI&Mask=480	reason=all_jcamp_downloads_failed	message=ir:download_http_404;ir:download_http_404;ir:download_http_404;ir:download_http_404;ir:download_http_404;ir:download_http_404;ir:download_http_404;ir:download_http_404;ir:download_http_404
2026-07-03 03:10:12	cid=958	cas=6917-53-9	modality=	url=https://webbook.nist.gov/cgi/cbook.cgi?ID=6917-53-9&Units=SI&Mask=480	reason=nist_not_found	message=
2026-07-03 03:10:12	cid=959	cas=6917-54-0	modality=	url=https://webbook.nist.gov/cgi/cbook.cgi?ID=6917-54-0&Units=SI&Mask=480	reason=nist_not_found	message=
2026-07-03 03:10:13	cid=964	cas=1113-60-6	modality=	url=https://webbook.nist.gov/cgi/cbook.cgi?ID=1113-60-6&Units=SI&Mask=480	reason=nist_not_found	message=
2026-07-03 03:10:13	cid=965	cas=2027-47-6	modality=	url=https://webbook.nist.gov/cgi/cbook.cgi?ID=2027-47-6&Units=SI&Mask=480	reason=no_jcamp_links	message=
2026-07-03 03:10:14	cid=967	cas=65-86-1	modality=	url=https://webbook.nist.gov/cgi/cbook.cgi?ID=65-86-1&Units=SI&Mask=480	reason=no_jcamp_links	message=
2026-07-03 03:10:14	cid=968	cas=	modality=	url=	reason=not_found	message=no_cas_in_synonyms
2026-07-03 03:10:14	cid=969	cas=	modality=	url=	reason=not_found	message=no_cas_in_synonyms
2026-07-03 03:10:15	cid=970	cas=328-42-7	modality=uvvis	url=https://webbook.nist.gov/cgi/cbook.cgi?JCAMP=C328427&Index=1&Type=UVVis	reason=download_http_404	message=
2026-07-03 03:10:16	cid=970	cas=328-42-7	modality=uvvis	url=https://webbook.nist.gov/cgi/cbook.cgi?JCAMP=C328427&Index=2&Type=UVVis	reason=download_http_404	message=
2026-07-03 03:10:16	cid=970	cas=328-42-7	modality=uvvis	url=https://webbook.nist.gov/cgi/cbook.cgi?JCAMP=C328427&Index=3&Type=UVVis	reason=download_http_404	message=
2026-07-03 03:10:17	cid=970	cas=328-42-7	modality=uvvis	url=https://webbook.nist.gov/cgi/cbook.cgi?JCAMP=C328427&Index=4&Type=UVVis	reason=download_http_404	message=
2026-07-03 03:10:17	cid=970	cas=328-42-7	modality=uvvis	url=https://webbook.nist.gov/cgi/cbook.cgi?JCAMP=C328427&Index=5&Type=UVVis	reason=download_http_404	message=
2026-07-03 03:10:27	cid=970	cas=328-42-7	modality=uvvis	url=https://webbook.nist.gov/cgi/cbook.cgi?JCAMP=C328427&Index=6&Type=UVVis	reason=download_http_404	message=
2026-07-03 03:10:28	cid=970	cas=328-42-7	modality=uvvis	url=https://webbook.nist.gov/cgi/cbook.cgi?JCAMP=C328427&Index=7&Type=UVVis	reason=download_http_404	message=
2026-07-03 03:10:28	cid=970	cas=328-42-7	modality=uvvis	url=https://webbook.nist.gov/cgi/cbook.cgi?JCAMP=C328427&Index=8&Type=UVVis	reason=download_http_404	message=
2026-07-03 03:10:28	cid=970	cas=328-42-7	modality=uvvis	url=https://webbook.nist.gov/cgi/cbook.cgi?JCAMP=C328427&Index=9&Type=UVVis	reason=download_http_404	message=
2026-07-03 03:10:28	cid=970	cas=328-42-7	modality=	url=https://webbook.nist.gov/cgi/cbook.cgi?ID=328-42-7&Units=SI&Mask=480	reason=all_jcamp_downloads_failed	message=uvvis:download_http_404;uvvis:download_http_404;uvvis:download_http_404;uvvis:download_http_404;uvvis:download_http_404;uvvis:download_http_404;uvvis:download_http_404;uvvis:download_http_404;uvvis:download_http_404
2026-07-03 03:10:29	cid=971	cas=144-62-7	modality=uvvis	url=https://webbook.nist.gov/cgi/cbook.cgi?JCAMP=C144627&Index=1&Type=UVVis	reason=download_http_404	message=
2026-07-03 03:10:33	cid=971	cas=144-62-7	modality=uvvis	url=https://webbook.nist.gov/cgi/cbook.cgi?JCAMP=C144627&Index=2&Type=UVVis	reason=download_http_404	message=
2026-07-03 03:10:34	cid=971	cas=144-62-7	modality=uvvis	url=https://webbook.nist.gov/cgi/cbook.cgi?JCAMP=C144627&Index=3&Type=UVVis	reason=download_http_404	message=
2026-07-03 03:10:38	cid=971	cas=144-62-7	modality=uvvis	url=https://webbook.nist.gov/cgi/cbook.cgi?JCAMP=C144627&Index=4&Type=UVVis	reason=download_http_404	message=
2026-07-03 03:10:42	cid=971	cas=144-62-7	modality=uvvis	url=https://webbook.nist.gov/cgi/cbook.cgi?JCAMP=C144627&Index=5&Type=UVVis	reason=download_http_404	message=
2026-07-03 03:10:42	cid=971	cas=144-62-7	modality=uvvis	url=https://webbook.nist.gov/cgi/cbook.cgi?JCAMP=C144627&Index=6&Type=UVVis	reason=download_http_404	message=
2026-07-03 03:10:46	cid=971	cas=144-62-7	modality=uvvis	url=https://webbook.nist.gov/cgi/cbook.cgi?JCAMP=C144627&Index=7&Type=UVVis	reason=download_http_404	message=
2026-07-03 03:10:50	cid=971	cas=144-62-7	modality=uvvis	url=https://webbook.nist.gov/cgi/cbook.cgi?JCAMP=C144627&Index=8&Type=UVVis	reason=download_http_404	message=
2026-07-03 03:10:50	cid=971	cas=144-62-7	modality=uvvis	url=https://webbook.nist.gov/cgi/cbook.cgi?JCAMP=C144627&Index=9&Type=UVVis	reason=download_http_404	message=
2026-07-03 03:10:50	cid=971	cas=144-62-7	modality=	url=https://webbook.nist.gov/cgi/cbook.cgi?ID=144-62-7&Units=SI&Mask=480	reason=all_jcamp_downloads_failed	message=uvvis:download_http_404;uvvis:download_http_404;uvvis:download_http_404;uvvis:download_http_404;uvvis:download_http_404;uvvis:download_http_404;uvvis:download_http_404;uvvis:download_http_404;uvvis:download_http_404
2026-07-03 03:10:51	cid=972	cas=1948-82-9	modality=	url=https://webbook.nist.gov/cgi/cbook.cgi?ID=1948-82-9&Units=SI&Mask=480	reason=nist_not_found	message=
2026-07-03 03:10:51	cid=974	cas=471-47-6	modality=	url=https://webbook.nist.gov/cgi/cbook.cgi?ID=471-47-6&Units=SI&Mask=480	reason=no_jcamp_links	message=
2026-07-03 03:10:52	cid=975	cas=40055-98-9	modality=	url=https://webbook.nist.gov/cgi/cbook.cgi?ID=40055-98-9&Units=SI&Mask=480	reason=nist_not_found	message=
2026-07-03 03:10:53	cid=976	cas=20406-62-6	modality=	url=https://webbook.nist.gov/cgi/cbook.cgi?ID=20406-62-6&Units=SI&Mask=480	reason=nist_not_found	message=
2026-07-03 03:10:54	cid=978	cas=150-13-0	modality=ir	url=https://webbook.nist.gov/cgi/cbook.cgi?JCAMP=C150130&Index=2&Type=IR	reason=download_http_404	message=
2026-07-03 03:10:54	cid=978	cas=150-13-0	modality=ir	url=https://webbook.nist.gov/cgi/cbook.cgi?JCAMP=C150130&Index=3&Type=IR	reason=download_http_404	message=
2026-07-03 03:10:54	cid=978	cas=150-13-0	modality=ir	url=https://webbook.nist.gov/cgi/cbook.cgi?JCAMP=C150130&Index=4&Type=IR	reason=download_http_404	message=
2026-07-03 03:11:05	cid=978	cas=150-13-0	modality=ir	url=https://webbook.nist.gov/cgi/cbook.cgi?JCAMP=C150130&Index=5&Type=IR	reason=download_http_404	message=
2026-07-03 03:11:05	cid=978	cas=150-13-0	modality=ir	url=https://webbook.nist.gov/cgi/cbook.cgi?JCAMP=C150130&Index=6&Type=IR	reason=download_http_404	message=
2026-07-03 03:11:05	cid=978	cas=150-13-0	modality=ir	url=https://webbook.nist.gov/cgi/cbook.cgi?JCAMP=C150130&Index=7&Type=IR	reason=download_http_404	message=
2026-07-03 03:11:06	cid=978	cas=150-13-0	modality=ir	url=https://webbook.nist.gov/cgi/cbook.cgi?JCAMP=C150130&Index=8&Type=IR	reason=download_http_404	message=
2026-07-03 03:11:06	cid=978	cas=150-13-0	modality=ir	url=https://webbook.nist.gov/cgi/cbook.cgi?JCAMP=C150130&Index=9&Type=IR	reason=download_http_404	message=
2026-07-03 03:11:16	cid=978	cas=150-13-0	modality=uvvis	url=https://webbook.nist.gov/cgi/cbook.cgi?JCAMP=C150130&Index=1&Type=UVVis	reason=download_http_404	message=
2026-07-03 03:11:17	cid=978	cas=150-13-0	modality=uvvis	url=https://webbook.nist.gov/cgi/cbook.cgi?JCAMP=C150130&Index=2&Type=UVVis	reason=download_http_404	message=
2026-07-03 03:11:17	cid=978	cas=150-13-0	modality=uvvis	url=https://webbook.nist.gov/cgi/cbook.cgi?JCAMP=C150130&Index=3&Type=UVVis	reason=download_http_404	message=
2026-07-03 03:11:17	cid=978	cas=150-13-0	modality=uvvis	url=https://webbook.nist.gov/cgi/cbook.cgi?JCAMP=C150130&Index=4&Type=UVVis	reason=download_http_404	message=
2026-07-03 03:11:18	cid=978	cas=150-13-0	modality=uvvis	url=https://webbook.nist.gov/cgi/cbook.cgi?JCAMP=C150130&Index=5&Type=UVVis	reason=download_http_404	message=
2026-07-03 03:11:28	cid=978	cas=150-13-0	modality=uvvis	url=https://webbook.nist.gov/cgi/cbook.cgi?JCAMP=C150130&Index=6&Type=UVVis	reason=download_http_404	message=
2026-07-03 03:11:28	cid=978	cas=150-13-0	modality=uvvis	url=https://webbook.nist.gov/cgi/cbook.cgi?JCAMP=C150130&Index=7&Type=UVVis	reason=download_http_404	message=
2026-07-03 03:11:29	cid=978	cas=150-13-0	modality=uvvis	url=https://webbook.nist.gov/cgi/cbook.cgi?JCAMP=C150130&Index=8&Type=UVVis	reason=download_http_404	message=
2026-07-03 03:11:29	cid=978	cas=150-13-0	modality=uvvis	url=https://webbook.nist.gov/cgi/cbook.cgi?JCAMP=C150130&Index=9&Type=UVVis	reason=download_http_404	message=
2026-07-03 03:11:29	cid=978	cas=150-13-0	modality=	url=https://webbook.nist.gov/cgi/cbook.cgi?ID=150-13-0&Units=SI&Mask=480	reason=all_jcamp_downloads_failed	message=ir:download_http_404;ir:download_http_404;ir:download_http_404;ir:download_http_404;ir:download_http_404;ir:download_http_404;ir:download_http_404;ir:download_http_404;uvvis:download_http_404;uvvis:download_http_404;uvvis:download_http_404;uvvis:download_http_404;uvvis:download_http_404;uvvis:download_http_404;uvvis:download_http_404;uvvis:download_http_404;uvvis:download_http_404
2026-07-03 03:11:30	cid=979	cas=156-39-8	modality=	url=https://webbook.nist.gov/cgi/cbook.cgi?ID=156-39-8&Units=SI&Mask=480	reason=no_jcamp_links	message=
2026-07-03 03:11:31	cid=980	cas=100-02-7	modality=ir	url=https://webbook.nist.gov/cgi/cbook.cgi?JCAMP=C100027&Index=3&Type=IR	reason=download_http_404	message=
2026-07-03 03:11:35	cid=980	cas=100-02-7	modality=ir	url=https://webbook.nist.gov/cgi/cbook.cgi?JCAMP=C100027&Index=4&Type=IR	reason=download_http_404	message=
2026-07-03 03:11:35	cid=980	cas=100-02-7	modality=ir	url=https://webbook.nist.gov/cgi/cbook.cgi?JCAMP=C100027&Index=5&Type=IR	reason=download_http_404	message=
2026-07-03 03:11:39	cid=980	cas=100-02-7	modality=ir	url=https://webbook.nist.gov/cgi/cbook.cgi?JCAMP=C100027&Index=6&Type=IR	reason=download_http_404	message=
2026-07-03 03:11:43	cid=980	cas=100-02-7	modality=ir	url=https://webbook.nist.gov/cgi/cbook.cgi?JCAMP=C100027&Index=7&Type=IR	reason=download_http_404	message=
2026-07-03 03:11:43	cid=980	cas=100-02-7	modality=ir	url=https://webbook.nist.gov/cgi/cbook.cgi?JCAMP=C100027&Index=8&Type=IR	reason=download_http_404	message=
2026-07-03 03:11:47	cid=980	cas=100-02-7	modality=ir	url=https://webbook.nist.gov/cgi/cbook.cgi?JCAMP=C100027&Index=9&Type=IR	reason=download_http_404	message=
2026-07-03 03:11:51	cid=980	cas=100-02-7	modality=uvvis	url=https://webbook.nist.gov/cgi/cbook.cgi?JCAMP=C100027&Index=1&Type=UVVis	reason=download_http_404	message=
2026-07-03 03:11:52	cid=980	cas=100-02-7	modality=uvvis	url=https://webbook.nist.gov/cgi/cbook.cgi?JCAMP=C100027&Index=2&Type=UVVis	reason=download_http_404	message=
2026-07-03 03:11:56	cid=980	cas=100-02-7	modality=uvvis	url=https://webbook.nist.gov/cgi/cbook.cgi?JCAMP=C100027&Index=3&Type=UVVis	reason=download_http_404	message=
2026-07-03 03:12:00	cid=980	cas=100-02-7	modality=uvvis	url=https://webbook.nist.gov/cgi/cbook.cgi?JCAMP=C100027&Index=4&Type=UVVis	reason=download_http_404	message=
2026-07-03 03:12:00	cid=980	cas=100-02-7	modality=uvvis	url=https://webbook.nist.gov/cgi/cbook.cgi?JCAMP=C100027&Index=5&Type=UVVis	reason=download_http_404	message=
2026-07-03 03:12:04	cid=980	cas=100-02-7	modality=uvvis	url=https://webbook.nist.gov/cgi/cbook.cgi?JCAMP=C100027&Index=6&Type=UVVis	reason=download_http_404	message=
2026-07-03 03:12:08	cid=980	cas=100-02-7	modality=uvvis	url=https://webbook.nist.gov/cgi/cbook.cgi?JCAMP=C100027&Index=7&Type=UVVis	reason=download_http_404	message=
2026-07-03 03:12:09	cid=980	cas=100-02-7	modality=uvvis	url=https://webbook.nist.gov/cgi/cbook.cgi?JCAMP=C100027&Index=8&Type=UVVis	reason=download_http_404	message=
2026-07-03 03:12:13	cid=980	cas=100-02-7	modality=uvvis	url=https://webbook.nist.gov/cgi/cbook.cgi?JCAMP=C100027&Index=9&Type=UVVis	reason=download_http_404	message=
2026-07-03 03:12:13	cid=980	cas=100-02-7	modality=	url=https://webbook.nist.gov/cgi/cbook.cgi?ID=100-02-7&Units=SI&Mask=480	reason=all_jcamp_downloads_failed	message=ir:download_http_404;ir:download_http_404;ir:download_http_404;ir:download_http_404;ir:download_http_404;ir:download_http_404;ir:download_http_404;uvvis:download_http_404;uvvis:download_http_404;uvvis:download_http_404;uvvis:download_http_404;uvvis:download_http_404;uvvis:download_http_404;uvvis:download_http_404;uvvis:download_http_404;uvvis:download_http_404
2026-07-03 03:12:13	cid=981	cas=	modality=	url=	reason=not_found	message=no_cas_in_synonyms
2026-07-03 03:12:13	cid=982	cas=158700-26-6	modality=	url=https://webbook.nist.gov/cgi/cbook.cgi?ID=158700-26-6&Units=SI&Mask=480	reason=nist_not_found	message=
2026-07-03 03:12:14	cid=984	cas=629-80-1	modality=	url=https://webbook.nist.gov/cgi/cbook.cgi?ID=629-80-1&Units=SI&Mask=480	reason=no_jcamp_links	message=
2026-07-03 03:12:15	cid=985	cas=57-10-3	modality=ir	url=https://webbook.nist.gov/cgi/cbook.cgi?JCAMP=C57103&Index=1&Type=IR	reason=download_http_404	message=
2026-07-03 03:12:15	cid=985	cas=57-10-3	modality=ir	url=https://webbook.nist.gov/cgi/cbook.cgi?JCAMP=C57103&Index=2&Type=IR	reason=download_http_404	message=
2026-07-03 03:12:15	cid=985	cas=57-10-3	modality=ir	url=https://webbook.nist.gov/cgi/cbook.cgi?JCAMP=C57103&Index=3&Type=IR	reason=download_http_404	message=
2026-07-03 03:12:16	cid=985	cas=57-10-3	modality=ir	url=https://webbook.nist.gov/cgi/cbook.cgi?JCAMP=C57103&Index=4&Type=IR	reason=download_http_404	message=
2026-07-03 03:12:26	cid=985	cas=57-10-3	modality=ir	url=https://webbook.nist.gov/cgi/cbook.cgi?JCAMP=C57103&Index=5&Type=IR	reason=download_http_404	message=
2026-07-03 03:12:26	cid=985	cas=57-10-3	modality=ir	url=https://webbook.nist.gov/cgi/cbook.cgi?JCAMP=C57103&Index=6&Type=IR	reason=download_http_404	message=
2026-07-03 03:12:27	cid=985	cas=57-10-3	modality=ir	url=https://webbook.nist.gov/cgi/cbook.cgi?JCAMP=C57103&Index=7&Type=IR	reason=download_http_404	message=
2026-07-03 03:12:27	cid=985	cas=57-10-3	modality=ir	url=https://webbook.nist.gov/cgi/cbook.cgi?JCAMP=C57103&Index=8&Type=IR	reason=download_http_404	message=
2026-07-03 03:12:28	cid=985	cas=57-10-3	modality=ir	url=https://webbook.nist.gov/cgi/cbook.cgi?JCAMP=C57103&Index=9&Type=IR	reason=download_http_404	message=
2026-07-03 03:12:28	cid=985	cas=57-10-3	modality=	url=https://webbook.nist.gov/cgi/cbook.cgi?ID=57-10-3&Units=SI&Mask=480	reason=all_jcamp_downloads_failed	message=ir:download_http_404;ir:download_http_404;ir:download_http_404;ir:download_http_404;ir:download_http_404;ir:download_http_404;ir:download_http_404;ir:download_http_404;ir:download_http_404
2026-07-03 03:12:28	cid=987	cas=	modality=	url=	reason=not_found	message=no_cas_in_synonyms
2026-07-03 03:12:28	cid=988	cas=599-54-2	modality=	url=https://webbook.nist.gov/cgi/cbook.cgi?ID=599-54-2&Units=SI&Mask=480	reason=nist_not_found	message=
2026-07-03 03:12:33	cid=989	cas=79-50-5	modality=ir	url=https://webbook.nist.gov/cgi/cbook.cgi?JCAMP=C599042&Index=1&Type=IR	reason=download_http_404	message=
2026-07-03 03:12:33	cid=989	cas=79-50-5	modality=ir	url=https://webbook.nist.gov/cgi/cbook.cgi?JCAMP=C599042&Index=2&Type=IR	reason=download_http_404	message=
2026-07-03 03:12:34	cid=989	cas=79-50-5	modality=ir	url=https://webbook.nist.gov/cgi/cbook.cgi?JCAMP=C599042&Index=3&Type=IR	reason=download_http_404	message=
2026-07-03 03:12:39	cid=989	cas=79-50-5	modality=ir	url=https://webbook.nist.gov/cgi/cbook.cgi?JCAMP=C599042&Index=4&Type=IR	reason=download_http_404	message=
2026-07-03 03:12:39	cid=989	cas=79-50-5	modality=ir	url=https://webbook.nist.gov/cgi/cbook.cgi?JCAMP=C599042&Index=5&Type=IR	reason=download_http_404	message=
2026-07-03 03:12:39	cid=989	cas=79-50-5	modality=ir	url=https://webbook.nist.gov/cgi/cbook.cgi?JCAMP=C599042&Index=6&Type=IR	reason=download_http_404	message=
2026-07-03 03:12:40	cid=989	cas=79-50-5	modality=ir	url=https://webbook.nist.gov/cgi/cbook.cgi?JCAMP=C599042&Index=7&Type=IR	reason=download_http_404	message=
2026-07-03 03:12:40	cid=989	cas=79-50-5	modality=ir	url=https://webbook.nist.gov/cgi/cbook.cgi?JCAMP=C599042&Index=8&Type=IR	reason=download_http_404	message=
2026-07-03 03:12:50	cid=989	cas=79-50-5	modality=ir	url=https://webbook.nist.gov/cgi/cbook.cgi?JCAMP=C599042&Index=9&Type=IR	reason=download_http_404	message=
2026-07-03 03:12:50	cid=989	cas=79-50-5	modality=	url=https://webbook.nist.gov/cgi/cbook.cgi?ID=79-50-5&Units=SI&Mask=480	reason=all_jcamp_downloads_failed	message=ir:download_http_404;ir:download_http_404;ir:download_http_404;ir:download_http_404;ir:download_http_404;ir:download_http_404;ir:download_http_404;ir:download_http_404;ir:download_http_404
2026-07-03 03:12:51	cid=990	cas=	modality=	url=	reason=not_found	message=no_cas_in_synonyms
2026-07-03 03:12:52	cid=991	cas=56-38-2	modality=ir	url=https://webbook.nist.gov/cgi/cbook.cgi?JCAMP=C56382&Index=2&Type=IR	reason=download_http_404	message=
2026-07-03 03:12:52	cid=991	cas=56-38-2	modality=ir	url=https://webbook.nist.gov/cgi/cbook.cgi?JCAMP=C56382&Index=3&Type=IR	reason=download_http_404	message=
2026-07-03 03:12:52	cid=991	cas=56-38-2	modality=ir	url=https://webbook.nist.gov/cgi/cbook.cgi?JCAMP=C56382&Index=4&Type=IR	reason=download_http_404	message=
2026-07-03 03:12:53	cid=991	cas=56-38-2	modality=ir	url=https://webbook.nist.gov/cgi/cbook.cgi?JCAMP=C56382&Index=5&Type=IR	reason=download_http_404	message=
2026-07-03 03:13:03	cid=991	cas=56-38-2	modality=ir	url=https://webbook.nist.gov/cgi/cbook.cgi?JCAMP=C56382&Index=6&Type=IR	reason=download_http_404	message=
2026-07-03 03:13:03	cid=991	cas=56-38-2	modality=ir	url=https://webbook.nist.gov/cgi/cbook.cgi?JCAMP=C56382&Index=7&Type=IR	reason=download_http_404	message=
2026-07-03 03:13:04	cid=991	cas=56-38-2	modality=ir	url=https://webbook.nist.gov/cgi/cbook.cgi?JCAMP=C56382&Index=8&Type=IR	reason=download_http_404	message=
2026-07-03 03:13:04	cid=991	cas=56-38-2	modality=ir	url=https://webbook.nist.gov/cgi/cbook.cgi?JCAMP=C56382&Index=9&Type=IR	reason=download_http_404	message=
2026-07-03 03:13:04	cid=991	cas=56-38-2	modality=uvvis	url=https://webbook.nist.gov/cgi/cbook.cgi?JCAMP=C56382&Index=1&Type=UVVis	reason=download_http_404	message=
2026-07-03 03:13:15	cid=991	cas=56-38-2	modality=uvvis	url=https://webbook.nist.gov/cgi/cbook.cgi?JCAMP=C56382&Index=2&Type=UVVis	reason=download_http_404	message=
2026-07-03 03:13:15	cid=991	cas=56-38-2	modality=uvvis	url=https://webbook.nist.gov/cgi/cbook.cgi?JCAMP=C56382&Index=3&Type=UVVis	reason=download_http_404	message=
2026-07-03 03:13:15	cid=991	cas=56-38-2	modality=uvvis	url=https://webbook.nist.gov/cgi/cbook.cgi?JCAMP=C56382&Index=4&Type=UVVis	reason=download_http_404	message=
2026-07-03 03:13:16	cid=991	cas=56-38-2	modality=uvvis	url=https://webbook.nist.gov/cgi/cbook.cgi?JCAMP=C56382&Index=5&Type=UVVis	reason=download_http_404	message=
2026-07-03 03:13:16	cid=991	cas=56-38-2	modality=uvvis	url=https://webbook.nist.gov/cgi/cbook.cgi?JCAMP=C56382&Index=6&Type=UVVis	reason=download_http_404	message=
2026-07-03 03:13:26	cid=991	cas=56-38-2	modality=uvvis	url=https://webbook.nist.gov/cgi/cbook.cgi?JCAMP=C56382&Index=7&Type=UVVis	reason=download_http_404	message=
2026-07-03 03:13:27	cid=991	cas=56-38-2	modality=uvvis	url=https://webbook.nist.gov/cgi/cbook.cgi?JCAMP=C56382&Index=8&Type=UVVis	reason=download_http_404	message=
2026-07-03 03:13:27	cid=991	cas=56-38-2	modality=uvvis	url=https://webbook.nist.gov/cgi/cbook.cgi?JCAMP=C56382&Index=9&Type=UVVis	reason=download_http_404	message=
2026-07-03 03:13:27	cid=991	cas=56-38-2	modality=	url=https://webbook.nist.gov/cgi/cbook.cgi?ID=56-38-2&Units=SI&Mask=480	reason=all_jcamp_downloads_failed	message=ir:download_http_404;ir:download_http_404;ir:download_http_404;ir:download_http_404;ir:download_http_404;ir:download_http_404;ir:download_http_404;ir:download_http_404;uvvis:download_http_404;uvvis:download_http_404;uvvis:download_http_404;uvvis:download_http_404;uvvis:download_http_404;uvvis:download_http_404;uvvis:download_http_404;uvvis:download_http_404;uvvis:download_http_404
2026-07-03 03:13:28	cid=992	cas=87-86-5	modality=ir	url=https://webbook.nist.gov/cgi/cbook.cgi?JCAMP=C87865&Index=2&Type=IR	reason=download_http_404	message=
2026-07-03 03:13:28	cid=992	cas=87-86-5	modality=ir	url=https://webbook.nist.gov/cgi/cbook.cgi?JCAMP=C87865&Index=3&Type=IR	reason=download_http_404	message=
2026-07-03 03:13:33	cid=992	cas=87-86-5	modality=ir	url=https://webbook.nist.gov/cgi/cbook.cgi?JCAMP=C87865&Index=4&Type=IR	reason=download_http_404	message=
2026-07-03 03:13:37	cid=992	cas=87-86-5	modality=ir	url=https://webbook.nist.gov/cgi/cbook.cgi?JCAMP=C87865&Index=5&Type=IR	reason=download_http_404	message=
2026-07-03 03:13:37	cid=992	cas=87-86-5	modality=ir	url=https://webbook.nist.gov/cgi/cbook.cgi?JCAMP=C87865&Index=6&Type=IR	reason=download_http_404	message=
2026-07-03 03:13:41	cid=992	cas=87-86-5	modality=ir	url=https://webbook.nist.gov/cgi/cbook.cgi?JCAMP=C87865&Index=7&Type=IR	reason=download_http_404	message=
2026-07-03 03:13:46	cid=992	cas=87-86-5	modality=ir	url=https://webbook.nist.gov/cgi/cbook.cgi?JCAMP=C87865&Index=8&Type=IR	reason=download_http_404	message=
2026-07-03 03:13:46	cid=992	cas=87-86-5	modality=ir	url=https://webbook.nist.gov/cgi/cbook.cgi?JCAMP=C87865&Index=9&Type=IR	reason=download_http_404	message=
2026-07-03 03:13:46	cid=992	cas=87-86-5	modality=	url=https://webbook.nist.gov/cgi/cbook.cgi?ID=87-86-5&Units=SI&Mask=480	reason=all_jcamp_downloads_failed	message=ir:download_http_404;ir:download_http_404;ir:download_http_404;ir:download_http_404;ir:download_http_404;ir:download_http_404;ir:download_http_404;ir:download_http_404
2026-07-03 03:13:46	cid=993	cas=292853-79-3	modality=	url=https://webbook.nist.gov/cgi/cbook.cgi?ID=292853-79-3&Units=SI&Mask=480	reason=nist_not_found	message=
2026-07-03 03:13:47	cid=994	cas=150-30-1	modality=	url=https://webbook.nist.gov/cgi/cbook.cgi?ID=150-30-1&Units=SI&Mask=480	reason=no_jcamp_links	message=
2026-07-03 03:13:48	cid=995	cas=85-01-8	modality=ir	url=https://webbook.nist.gov/cgi/cbook.cgi?JCAMP=C1517222&Index=1&Type=IR	reason=download_http_404	message=
2026-07-03 03:13:48	cid=995	cas=85-01-8	modality=ir	url=https://webbook.nist.gov/cgi/cbook.cgi?JCAMP=C1517222&Index=2&Type=IR	reason=download_http_404	message=
2026-07-03 03:13:49	cid=995	cas=85-01-8	modality=ir	url=https://webbook.nist.gov/cgi/cbook.cgi?JCAMP=C1517222&Index=3&Type=IR	reason=download_http_404	message=
2026-07-03 03:13:59	cid=995	cas=85-01-8	modality=ir	url=https://webbook.nist.gov/cgi/cbook.cgi?JCAMP=C1517222&Index=4&Type=IR	reason=download_http_404	message=
2026-07-03 03:13:59	cid=995	cas=85-01-8	modality=ir	url=https://webbook.nist.gov/cgi/cbook.cgi?JCAMP=C1517222&Index=5&Type=IR	reason=download_http_404	message=
2026-07-03 03:14:00	cid=995	cas=85-01-8	modality=ir	url=https://webbook.nist.gov/cgi/cbook.cgi?JCAMP=C1517222&Index=6&Type=IR	reason=download_http_404	message=
2026-07-03 03:14:00	cid=995	cas=85-01-8	modality=ir	url=https://webbook.nist.gov/cgi/cbook.cgi?JCAMP=C1517222&Index=7&Type=IR	reason=download_http_404	message=
2026-07-03 03:14:00	cid=995	cas=85-01-8	modality=ir	url=https://webbook.nist.gov/cgi/cbook.cgi?JCAMP=C1517222&Index=8&Type=IR	reason=download_http_404	message=
2026-07-03 03:14:05	cid=995	cas=85-01-8	modality=ir	url=https://webbook.nist.gov/cgi/cbook.cgi?JCAMP=C1517222&Index=9&Type=IR	reason=download_http_404	message=
2026-07-03 03:14:06	cid=995	cas=85-01-8	modality=uvvis	url=https://webbook.nist.gov/cgi/cbook.cgi?JCAMP=C1517222&Index=0&Type=UVVis	reason=download_http_404	message=
2026-07-03 03:14:06	cid=995	cas=85-01-8	modality=uvvis	url=https://webbook.nist.gov/cgi/cbook.cgi?JCAMP=C1517222&Index=1&Type=UVVis	reason=download_http_404	message=
2026-07-03 03:14:07	cid=995	cas=85-01-8	modality=uvvis	url=https://webbook.nist.gov/cgi/cbook.cgi?JCAMP=C1517222&Index=2&Type=UVVis	reason=download_http_404	message=
2026-07-03 03:14:07	cid=995	cas=85-01-8	modality=uvvis	url=https://webbook.nist.gov/cgi/cbook.cgi?JCAMP=C1517222&Index=3&Type=UVVis	reason=download_http_404	message=
2026-07-03 03:14:11	cid=995	cas=85-01-8	modality=uvvis	url=https://webbook.nist.gov/cgi/cbook.cgi?JCAMP=C1517222&Index=4&Type=UVVis	reason=download_http_404	message=
2026-07-03 03:14:12	cid=995	cas=85-01-8	modality=uvvis	url=https://webbook.nist.gov/cgi/cbook.cgi?JCAMP=C1517222&Index=5&Type=UVVis	reason=download_http_404	message=
2026-07-03 03:14:12	cid=995	cas=85-01-8	modality=uvvis	url=https://webbook.nist.gov/cgi/cbook.cgi?JCAMP=C1517222&Index=6&Type=UVVis	reason=download_http_404	message=
2026-07-03 03:14:13	cid=995	cas=85-01-8	modality=uvvis	url=https://webbook.nist.gov/cgi/cbook.cgi?JCAMP=C1517222&Index=7&Type=UVVis	reason=download_http_404	message=
2026-07-03 03:14:17	cid=995	cas=85-01-8	modality=uvvis	url=https://webbook.nist.gov/cgi/cbook.cgi?JCAMP=C1517222&Index=8&Type=UVVis	reason=download_http_404	message=
2026-07-03 03:14:17	cid=995	cas=85-01-8	modality=uvvis	url=https://webbook.nist.gov/cgi/cbook.cgi?JCAMP=C1517222&Index=9&Type=UVVis	reason=download_http_404	message=
2026-07-03 03:14:17	cid=995	cas=85-01-8	modality=	url=https://webbook.nist.gov/cgi/cbook.cgi?ID=85-01-8&Units=SI&Mask=480	reason=all_jcamp_downloads_failed	message=ir:download_http_404;ir:download_http_404;ir:download_http_404;ir:download_http_404;ir:download_http_404;ir:download_http_404;ir:download_http_404;ir:download_http_404;ir:download_http_404;uvvis:download_http_404;uvvis:download_http_404;uvvis:download_http_404;uvvis:download_http_404;uvvis:download_http_404;uvvis:download_http_404;uvvis:download_http_404;uvvis:download_http_404;uvvis:download_http_404;uvvis:download_http_404
2026-07-03 03:14:18	cid=996	cas=108-95-2	modality=ir	url=https://webbook.nist.gov/cgi/cbook.cgi?JCAMP=C13127883&Index=1&Type=IR	reason=download_http_404	message=
2026-07-03 03:14:19	cid=996	cas=108-95-2	modality=ir	url=https://webbook.nist.gov/cgi/cbook.cgi?JCAMP=C13127883&Index=2&Type=IR	reason=download_http_404	message=
2026-07-03 03:14:19	cid=996	cas=108-95-2	modality=ir	url=https://webbook.nist.gov/cgi/cbook.cgi?JCAMP=C13127883&Index=3&Type=IR	reason=download_http_404	message=
2026-07-03 03:14:29	cid=996	cas=108-95-2	modality=ir	url=https://webbook.nist.gov/cgi/cbook.cgi?JCAMP=C13127883&Index=4&Type=IR	reason=download_http_404	message=
2026-07-03 03:14:30	cid=996	cas=108-95-2	modality=ir	url=https://webbook.nist.gov/cgi/cbook.cgi?JCAMP=C13127883&Index=5&Type=IR	reason=download_http_404	message=
2026-07-03 03:14:30	cid=996	cas=108-95-2	modality=ir	url=https://webbook.nist.gov/cgi/cbook.cgi?JCAMP=C13127883&Index=6&Type=IR	reason=download_http_404	message=
2026-07-03 03:14:30	cid=996	cas=108-95-2	modality=ir	url=https://webbook.nist.gov/cgi/cbook.cgi?JCAMP=C13127883&Index=7&Type=IR	reason=download_http_404	message=
2026-07-03 03:14:31	cid=996	cas=108-95-2	modality=ir	url=https://webbook.nist.gov/cgi/cbook.cgi?JCAMP=C13127883&Index=8&Type=IR	reason=download_http_404	message=
2026-07-03 03:14:41	cid=996	cas=108-95-2	modality=ir	url=https://webbook.nist.gov/cgi/cbook.cgi?JCAMP=C13127883&Index=9&Type=IR	reason=download_http_404	message=
2026-07-03 03:14:42	cid=996	cas=108-95-2	modality=uvvis	url=https://webbook.nist.gov/cgi/cbook.cgi?JCAMP=C13127883&Index=0&Type=UVVis	reason=download_http_404	message=
2026-07-03 03:14:42	cid=996	cas=108-95-2	modality=uvvis	url=https://webbook.nist.gov/cgi/cbook.cgi?JCAMP=C13127883&Index=1&Type=UVVis	reason=download_http_404	message=
2026-07-03 03:14:42	cid=996	cas=108-95-2	modality=uvvis	url=https://webbook.nist.gov/cgi/cbook.cgi?JCAMP=C13127883&Index=2&Type=UVVis	reason=download_http_404	message=
2026-07-03 03:14:43	cid=996	cas=108-95-2	modality=uvvis	url=https://webbook.nist.gov/cgi/cbook.cgi?JCAMP=C13127883&Index=3&Type=UVVis	reason=download_http_404	message=
2026-07-03 03:14:53	cid=996	cas=108-95-2	modality=uvvis	url=https://webbook.nist.gov/cgi/cbook.cgi?JCAMP=C13127883&Index=4&Type=UVVis	reason=download_http_404	message=
2026-07-03 03:14:53	cid=996	cas=108-95-2	modality=uvvis	url=https://webbook.nist.gov/cgi/cbook.cgi?JCAMP=C13127883&Index=5&Type=UVVis	reason=download_http_404	message=
2026-07-03 03:14:54	cid=996	cas=108-95-2	modality=uvvis	url=https://webbook.nist.gov/cgi/cbook.cgi?JCAMP=C13127883&Index=6&Type=UVVis	reason=download_http_404	message=
2026-07-03 03:14:54	cid=996	cas=108-95-2	modality=uvvis	url=https://webbook.nist.gov/cgi/cbook.cgi?JCAMP=C13127883&Index=7&Type=UVVis	reason=download_http_404	message=
2026-07-03 03:14:54	cid=996	cas=108-95-2	modality=uvvis	url=https://webbook.nist.gov/cgi/cbook.cgi?JCAMP=C13127883&Index=8&Type=UVVis	reason=download_http_404	message=
2026-07-03 03:15:05	cid=996	cas=108-95-2	modality=uvvis	url=https://webbook.nist.gov/cgi/cbook.cgi?JCAMP=C13127883&Index=9&Type=UVVis	reason=download_http_404	message=
2026-07-03 03:15:05	cid=996	cas=108-95-2	modality=	url=https://webbook.nist.gov/cgi/cbook.cgi?ID=108-95-2&Units=SI&Mask=480	reason=all_jcamp_downloads_failed	message=ir:download_http_404;ir:download_http_404;ir:download_http_404;ir:download_http_404;ir:download_http_404;ir:download_http_404;ir:download_http_404;ir:download_http_404;ir:download_http_404;uvvis:download_http_404;uvvis:download_http_404;uvvis:download_http_404;uvvis:download_http_404;uvvis:download_http_404;uvvis:download_http_404;uvvis:download_http_404;uvvis:download_http_404;uvvis:download_http_404;uvvis:download_http_404
2026-07-03 03:15:05	cid=997	cas=156-06-9	modality=	url=https://webbook.nist.gov/cgi/cbook.cgi?ID=156-06-9&Units=SI&Mask=480	reason=no_jcamp_links	message=
2026-07-03 03:15:06	cid=998	cas=122-78-1	modality=ir	url=https://webbook.nist.gov/cgi/cbook.cgi?JCAMP=C122781&Index=2&Type=IR	reason=download_http_404	message=
2026-07-03 03:15:06	cid=998	cas=122-78-1	modality=ir	url=https://webbook.nist.gov/cgi/cbook.cgi?JCAMP=C122781&Index=3&Type=IR	reason=download_http_404	message=
2026-07-03 03:15:07	cid=998	cas=122-78-1	modality=ir	url=https://webbook.nist.gov/cgi/cbook.cgi?JCAMP=C122781&Index=4&Type=IR	reason=download_http_404	message=
2026-07-03 03:15:07	cid=998	cas=122-78-1	modality=ir	url=https://webbook.nist.gov/cgi/cbook.cgi?JCAMP=C122781&Index=5&Type=IR	reason=download_http_404	message=
2026-07-03 03:15:18	cid=998	cas=122-78-1	modality=ir	url=https://webbook.nist.gov/cgi/cbook.cgi?JCAMP=C122781&Index=6&Type=IR	reason=download_http_404	message=
2026-07-03 03:15:18	cid=998	cas=122-78-1	modality=ir	url=https://webbook.nist.gov/cgi/cbook.cgi?JCAMP=C122781&Index=7&Type=IR	reason=download_http_404	message=
2026-07-03 03:15:18	cid=998	cas=122-78-1	modality=ir	url=https://webbook.nist.gov/cgi/cbook.cgi?JCAMP=C122781&Index=8&Type=IR	reason=download_http_404	message=
2026-07-03 03:15:19	cid=998	cas=122-78-1	modality=ir	url=https://webbook.nist.gov/cgi/cbook.cgi?JCAMP=C122781&Index=9&Type=IR	reason=download_http_404	message=
2026-07-03 03:15:19	cid=998	cas=122-78-1	modality=	url=https://webbook.nist.gov/cgi/cbook.cgi?ID=122-78-1&Units=SI&Mask=480	reason=all_jcamp_downloads_failed	message=ir:download_http_404;ir:download_http_404;ir:download_http_404;ir:download_http_404;ir:download_http_404;ir:download_http_404;ir:download_http_404;ir:download_http_404
2026-07-03 03:15:19	cid=999	cas=103-82-2	modality=ir	url=https://webbook.nist.gov/cgi/cbook.cgi?JCAMP=C103822&Index=2&Type=IR	reason=download_http_404	message=
2026-07-03 03:15:23	cid=999	cas=103-82-2	modality=ir	url=https://webbook.nist.gov/cgi/cbook.cgi?JCAMP=C103822&Index=3&Type=IR	reason=download_http_404	message=
2026-07-03 03:15:24	cid=999	cas=103-82-2	modality=ir	url=https://webbook.nist.gov/cgi/cbook.cgi?JCAMP=C103822&Index=4&Type=IR	reason=download_http_404	message=
2026-07-03 03:15:28	cid=999	cas=103-82-2	modality=ir	url=https://webbook.nist.gov/cgi/cbook.cgi?JCAMP=C103822&Index=5&Type=IR	reason=download_http_404	message=
2026-07-03 03:15:32	cid=999	cas=103-82-2	modality=ir	url=https://webbook.nist.gov/cgi/cbook.cgi?JCAMP=C103822&Index=6&Type=IR	reason=download_http_404	message=
2026-07-03 03:15:32	cid=999	cas=103-82-2	modality=ir	url=https://webbook.nist.gov/cgi/cbook.cgi?JCAMP=C103822&Index=7&Type=IR	reason=download_http_404	message=
2026-07-03 03:15:36	cid=999	cas=103-82-2	modality=ir	url=https://webbook.nist.gov/cgi/cbook.cgi?JCAMP=C103822&Index=8&Type=IR	reason=download_http_404	message=
2026-07-03 03:15:40	cid=999	cas=103-82-2	modality=ir	url=https://webbook.nist.gov/cgi/cbook.cgi?JCAMP=C103822&Index=9&Type=IR	reason=download_http_404	message=
2026-07-03 03:15:41	cid=999	cas=103-82-2	modality=uvvis	url=https://webbook.nist.gov/cgi/cbook.cgi?JCAMP=C103822&Index=1&Type=UVVis	reason=download_http_404	message=
2026-07-03 03:15:45	cid=999	cas=103-82-2	modality=uvvis	url=https://webbook.nist.gov/cgi/cbook.cgi?JCAMP=C103822&Index=2&Type=UVVis	reason=download_http_404	message=
2026-07-03 03:15:49	cid=999	cas=103-82-2	modality=uvvis	url=https://webbook.nist.gov/cgi/cbook.cgi?JCAMP=C103822&Index=3&Type=UVVis	reason=download_http_404	message=
2026-07-03 03:15:49	cid=999	cas=103-82-2	modality=uvvis	url=https://webbook.nist.gov/cgi/cbook.cgi?JCAMP=C103822&Index=4&Type=UVVis	reason=download_http_404	message=
2026-07-03 03:15:53	cid=999	cas=103-82-2	modality=uvvis	url=https://webbook.nist.gov/cgi/cbook.cgi?JCAMP=C103822&Index=5&Type=UVVis	reason=download_http_404	message=
2026-07-03 03:15:57	cid=999	cas=103-82-2	modality=uvvis	url=https://webbook.nist.gov/cgi/cbook.cgi?JCAMP=C103822&Index=6&Type=UVVis	reason=download_http_404	message=
2026-07-03 03:15:57	cid=999	cas=103-82-2	modality=uvvis	url=https://webbook.nist.gov/cgi/cbook.cgi?JCAMP=C103822&Index=7&Type=UVVis	reason=download_http_404	message=
2026-07-03 03:16:02	cid=999	cas=103-82-2	modality=uvvis	url=https://webbook.nist.gov/cgi/cbook.cgi?JCAMP=C103822&Index=8&Type=UVVis	reason=download_http_404	message=
2026-07-03 03:16:06	cid=999	cas=103-82-2	modality=uvvis	url=https://webbook.nist.gov/cgi/cbook.cgi?JCAMP=C103822&Index=9&Type=UVVis	reason=download_http_404	message=
2026-07-03 03:16:06	cid=999	cas=103-82-2	modality=	url=https://webbook.nist.gov/cgi/cbook.cgi?ID=103-82-2&Units=SI&Mask=480	reason=all_jcamp_downloads_failed	message=ir:download_http_404;ir:download_http_404;ir:download_http_404;ir:download_http_404;ir:download_http_404;ir:download_http_404;ir:download_http_404;ir:download_http_404;uvvis:download_http_404;uvvis:download_http_404;uvvis:download_http_404;uvvis:download_http_404;uvvis:download_http_404;uvvis:download_http_404;uvvis:download_http_404;uvvis:download_http_404;uvvis:download_http_404
2026-07-03 03:16:06	cid=1000	cas=7568-93-6	modality=	url=https://webbook.nist.gov/cgi/cbook.cgi?ID=7568-93-6&Units=SI&Mask=480	reason=no_jcamp_links	message=
2026-07-03 03:16:07	cid=1001	cas=64-04-0	modality=ir	url=https://webbook.nist.gov/cgi/cbook.cgi?JCAMP=C64040&Index=1&Type=IR	reason=download_http_404	message=
2026-07-03 03:16:07	cid=1001	cas=64-04-0	modality=ir	url=https://webbook.nist.gov/cgi/cbook.cgi?JCAMP=C64040&Index=2&Type=IR	reason=download_http_404	message=
2026-07-03 03:16:08	cid=1001	cas=64-04-0	modality=ir	url=https://webbook.nist.gov/cgi/cbook.cgi?JCAMP=C64040&Index=3&Type=IR	reason=download_http_404	message=
2026-07-03 03:16:08	cid=1001	cas=64-04-0	modality=ir	url=https://webbook.nist.gov/cgi/cbook.cgi?JCAMP=C64040&Index=4&Type=IR	reason=download_http_404	message=
2026-07-03 03:16:18	cid=1001	cas=64-04-0	modality=ir	url=https://webbook.nist.gov/cgi/cbook.cgi?JCAMP=C64040&Index=5&Type=IR	reason=download_http_404	message=
2026-07-03 03:16:19	cid=1001	cas=64-04-0	modality=ir	url=https://webbook.nist.gov/cgi/cbook.cgi?JCAMP=C64040&Index=6&Type=IR	reason=download_http_404	message=
2026-07-03 03:16:19	cid=1001	cas=64-04-0	modality=ir	url=https://webbook.nist.gov/cgi/cbook.cgi?JCAMP=C64040&Index=7&Type=IR	reason=download_http_404	message=
2026-07-03 03:16:20	cid=1001	cas=64-04-0	modality=ir	url=https://webbook.nist.gov/cgi/cbook.cgi?JCAMP=C64040&Index=8&Type=IR	reason=download_http_404	message=
2026-07-03 03:16:20	cid=1001	cas=64-04-0	modality=ir	url=https://webbook.nist.gov/cgi/cbook.cgi?JCAMP=C64040&Index=9&Type=IR	reason=download_http_404	message=
2026-07-03 03:16:20	cid=1001	cas=64-04-0	modality=	url=https://webbook.nist.gov/cgi/cbook.cgi?ID=64-04-0&Units=SI&Mask=480	reason=all_jcamp_downloads_failed	message=ir:download_http_404;ir:download_http_404;ir:download_http_404;ir:download_http_404;ir:download_http_404;ir:download_http_404;ir:download_http_404;ir:download_http_404;ir:download_http_404
2026-07-03 03:16:20	cid=1002	cas=89-24-7	modality=	url=https://webbook.nist.gov/cgi/cbook.cgi?ID=89-24-7&Units=SI&Mask=480	reason=nist_not_found	message=
2026-07-03 03:16:21	cid=1005	cas=138-08-9	modality=	url=https://webbook.nist.gov/cgi/cbook.cgi?ID=138-08-9&Units=SI&Mask=480	reason=nist_not_found	message=
2026-07-03 03:16:21	cid=1006	cas=	modality=	url=	reason=not_found	message=pubchem_synonyms_404
2026-07-03 03:16:21	cid=1007	cas=	modality=	url=	reason=not_found	message=no_cas_in_synonyms
2026-07-03 03:16:22	cid=1008	cas=	modality=	url=	reason=not_found	message=no_cas_in_synonyms
2026-07-03 03:16:22	cid=1009	cas=	modality=	url=	reason=not_found	message=no_cas_in_synonyms
2026-07-03 03:16:22	cid=1010	cas=	modality=	url=	reason=not_found	message=no_cas_in_synonyms
2026-07-03 03:16:22	cid=1011	cas=	modality=	url=	reason=not_found	message=no_cas_in_synonyms
2026-07-03 03:16:22	cid=1012	cas=	modality=	url=	reason=not_found	message=no_cas_in_synonyms
2026-07-03 03:16:23	cid=1013	cas=	modality=	url=	reason=not_found	message=pubchem_synonyms_404
2026-07-03 03:16:23	cid=1014	cas=3616-04-4	modality=	url=https://webbook.nist.gov/cgi/cbook.cgi?ID=3616-04-4&Units=SI&Mask=480	reason=nist_not_found	message=
2026-07-03 03:16:24	cid=1015	cas=1071-23-4	modality=	url=https://webbook.nist.gov/cgi/cbook.cgi?ID=1071-23-4&Units=SI&Mask=480	reason=no_jcamp_links	message=
2026-07-03 03:16:24	cid=1016	cas=27530-80-9	modality=	url=https://webbook.nist.gov/cgi/cbook.cgi?ID=27530-80-9&Units=SI&Mask=480	reason=nist_not_found	message=
2026-07-03 03:16:25	cid=1017	cas=88-99-3	modality=ir	url=https://webbook.nist.gov/cgi/cbook.cgi?JCAMP=C88993&Index=2&Type=IR	reason=download_http_404	message=
2026-07-03 03:16:26	cid=1017	cas=88-99-3	modality=ir	url=https://webbook.nist.gov/cgi/cbook.cgi?JCAMP=C88993&Index=3&Type=IR	reason=download_http_404	message=
2026-07-03 03:16:26	cid=1017	cas=88-99-3	modality=ir	url=https://webbook.nist.gov/cgi/cbook.cgi?JCAMP=C88993&Index=4&Type=IR	reason=download_http_404	message=
2026-07-03 03:16:26	cid=1017	cas=88-99-3	modality=ir	url=https://webbook.nist.gov/cgi/cbook.cgi?JCAMP=C88993&Index=5&Type=IR	reason=download_http_404	message=
2026-07-03 03:16:27	cid=1017	cas=88-99-3	modality=ir	url=https://webbook.nist.gov/cgi/cbook.cgi?JCAMP=C88993&Index=6&Type=IR	reason=download_http_404	message=
2026-07-03 03:16:37	cid=1017	cas=88-99-3	modality=ir	url=https://webbook.nist.gov/cgi/cbook.cgi?JCAMP=C88993&Index=7&Type=IR	reason=download_http_404	message=
2026-07-03 03:16:37	cid=1017	cas=88-99-3	modality=ir	url=https://webbook.nist.gov/cgi/cbook.cgi?JCAMP=C88993&Index=8&Type=IR	reason=download_http_404	message=
2026-07-03 03:16:38	cid=1017	cas=88-99-3	modality=ir	url=https://webbook.nist.gov/cgi/cbook.cgi?JCAMP=C88993&Index=9&Type=IR	reason=download_http_404	message=
2026-07-03 03:16:38	cid=1017	cas=88-99-3	modality=uvvis	url=https://webbook.nist.gov/cgi/cbook.cgi?JCAMP=C88993&Index=1&Type=UVVis	reason=download_http_404	message=
2026-07-03 03:16:38	cid=1017	cas=88-99-3	modality=uvvis	url=https://webbook.nist.gov/cgi/cbook.cgi?JCAMP=C88993&Index=2&Type=UVVis	reason=download_http_404	message=
2026-07-03 03:16:49	cid=1017	cas=88-99-3	modality=uvvis	url=https://webbook.nist.gov/cgi/cbook.cgi?JCAMP=C88993&Index=3&Type=UVVis	reason=download_http_404	message=
2026-07-03 03:16:49	cid=1017	cas=88-99-3	modality=uvvis	url=https://webbook.nist.gov/cgi/cbook.cgi?JCAMP=C88993&Index=4&Type=UVVis	reason=download_http_404	message=
2026-07-03 03:16:49	cid=1017	cas=88-99-3	modality=uvvis	url=https://webbook.nist.gov/cgi/cbook.cgi?JCAMP=C88993&Index=5&Type=UVVis	reason=download_http_404	message=
2026-07-03 03:16:50	cid=1017	cas=88-99-3	modality=uvvis	url=https://webbook.nist.gov/cgi/cbook.cgi?JCAMP=C88993&Index=6&Type=UVVis	reason=download_http_404	message=
2026-07-03 03:16:50	cid=1017	cas=88-99-3	modality=uvvis	url=https://webbook.nist.gov/cgi/cbook.cgi?JCAMP=C88993&Index=7&Type=UVVis	reason=download_http_404	message=
2026-07-03 03:17:00	cid=1017	cas=88-99-3	modality=uvvis	url=https://webbook.nist.gov/cgi/cbook.cgi?JCAMP=C88993&Index=8&Type=UVVis	reason=download_http_404	message=
2026-07-03 03:17:01	cid=1017	cas=88-99-3	modality=uvvis	url=https://webbook.nist.gov/cgi/cbook.cgi?JCAMP=C88993&Index=9&Type=UVVis	reason=download_http_404	message=
2026-07-03 03:17:01	cid=1017	cas=88-99-3	modality=	url=https://webbook.nist.gov/cgi/cbook.cgi?ID=88-99-3&Units=SI&Mask=480	reason=all_jcamp_downloads_failed	message=ir:download_http_404;ir:download_http_404;ir:download_http_404;ir:download_http_404;ir:download_http_404;ir:download_http_404;ir:download_http_404;ir:download_http_404;uvvis:download_http_404;uvvis:download_http_404;uvvis:download_http_404;uvvis:download_http_404;uvvis:download_http_404;uvvis:download_http_404;uvvis:download_http_404;uvvis:download_http_404;uvvis:download_http_404
2026-07-03 03:17:01	cid=1018	cas=98-98-6	modality=	url=https://webbook.nist.gov/cgi/cbook.cgi?ID=98-98-6&Units=SI&Mask=480	reason=no_jcamp_links	message=
2026-07-03 03:17:02	cid=1019	cas=	modality=	url=	reason=not_found	message=pubchem_synonyms_404
2026-07-03 03:17:02	cid=1020	cas=	modality=	url=	reason=not_found	message=pubchem_synonyms_404
2026-07-03 03:17:02	cid=1021	cas=487-90-1	modality=	url=https://webbook.nist.gov/cgi/cbook.cgi?ID=487-90-1&Units=SI&Mask=480	reason=nist_not_found	message=
2026-07-03 03:17:02	cid=1022	cas=	modality=	url=	reason=not_found	message=pubchem_synonyms_404
2026-07-03 03:17:03	cid=1024	cas=72909-34-3	modality=	url=https://webbook.nist.gov/cgi/cbook.cgi?ID=72909-34-3&Units=SI&Mask=480	reason=nist_not_found	message=
2026-07-03 03:17:03	cid=1025	cas=	modality=	url=	reason=not_found	message=pubchem_synonyms_404
2026-07-03 03:17:03	cid=1026	cas=	modality=	url=	reason=not_found	message=no_cas_in_synonyms
2026-07-03 03:17:04	cid=1027	cas=	modality=	url=	reason=not_found	message=no_cas_in_synonyms
2026-07-03 03:17:04	cid=1028	cas=126-49-8	modality=	url=https://webbook.nist.gov/cgi/cbook.cgi?ID=126-49-8&Units=SI&Mask=480	reason=nist_not_found	message=
2026-07-03 03:17:05	cid=1029	cas=6000-08-4	modality=	url=https://webbook.nist.gov/cgi/cbook.cgi?ID=6000-08-4&Units=SI&Mask=480	reason=nist_not_found	message=
2026-07-03 03:17:06	cid=1030	cas=57-55-6	modality=ir	url=https://webbook.nist.gov/cgi/cbook.cgi?JCAMP=C4254164&Index=0&Type=IR	reason=download_http_404	message=
2026-07-03 03:17:06	cid=1030	cas=57-55-6	modality=ir	url=https://webbook.nist.gov/cgi/cbook.cgi?JCAMP=C4254164&Index=1&Type=IR	reason=download_http_404	message=
2026-07-03 03:17:06	cid=1030	cas=57-55-6	modality=ir	url=https://webbook.nist.gov/cgi/cbook.cgi?JCAMP=C4254164&Index=2&Type=IR	reason=download_http_404	message=
2026-07-03 03:17:07	cid=1030	cas=57-55-6	modality=ir	url=https://webbook.nist.gov/cgi/cbook.cgi?JCAMP=C4254164&Index=3&Type=IR	reason=download_http_404	message=
2026-07-03 03:17:07	cid=1030	cas=57-55-6	modality=ir	url=https://webbook.nist.gov/cgi/cbook.cgi?JCAMP=C4254164&Index=4&Type=IR	reason=download_http_404	message=
2026-07-03 03:17:18	cid=1030	cas=57-55-6	modality=ir	url=https://webbook.nist.gov/cgi/cbook.cgi?JCAMP=C4254164&Index=5&Type=IR	reason=download_http_404	message=
2026-07-03 03:17:18	cid=1030	cas=57-55-6	modality=ir	url=https://webbook.nist.gov/cgi/cbook.cgi?JCAMP=C4254164&Index=6&Type=IR	reason=download_http_404	message=
2026-07-03 03:17:18	cid=1030	cas=57-55-6	modality=ir	url=https://webbook.nist.gov/cgi/cbook.cgi?JCAMP=C4254164&Index=7&Type=IR	reason=download_http_404	message=
2026-07-03 03:17:19	cid=1030	cas=57-55-6	modality=ir	url=https://webbook.nist.gov/cgi/cbook.cgi?JCAMP=C4254164&Index=8&Type=IR	reason=download_http_404	message=
2026-07-03 03:17:19	cid=1030	cas=57-55-6	modality=ir	url=https://webbook.nist.gov/cgi/cbook.cgi?JCAMP=C4254164&Index=9&Type=IR	reason=download_http_404	message=
2026-07-03 03:17:19	cid=1030	cas=57-55-6	modality=	url=https://webbook.nist.gov/cgi/cbook.cgi?ID=57-55-6&Units=SI&Mask=480	reason=all_jcamp_downloads_failed	message=ir:download_http_404;ir:download_http_404;ir:download_http_404;ir:download_http_404;ir:download_http_404;ir:download_http_404;ir:download_http_404;ir:download_http_404;ir:download_http_404;ir:download_http_404
2026-07-03 03:17:23	cid=1031	cas=71-23-8	modality=ir	url=https://webbook.nist.gov/cgi/cbook.cgi?JCAMP=C71238&Index=4&Type=IR	reason=download_http_404	message=
2026-07-03 03:17:24	cid=1031	cas=71-23-8	modality=ir	url=https://webbook.nist.gov/cgi/cbook.cgi?JCAMP=C71238&Index=5&Type=IR	reason=download_http_404	message=
2026-07-03 03:17:24	cid=1031	cas=71-23-8	modality=ir	url=https://webbook.nist.gov/cgi/cbook.cgi?JCAMP=C71238&Index=6&Type=IR	reason=download_http_404	message=
2026-07-03 03:17:34	cid=1031	cas=71-23-8	modality=ir	url=https://webbook.nist.gov/cgi/cbook.cgi?JCAMP=C71238&Index=7&Type=IR	reason=download_http_404	message=
2026-07-03 03:17:35	cid=1031	cas=71-23-8	modality=ir	url=https://webbook.nist.gov/cgi/cbook.cgi?JCAMP=C71238&Index=8&Type=IR	reason=download_http_404	message=
2026-07-03 03:17:35	cid=1031	cas=71-23-8	modality=ir	url=https://webbook.nist.gov/cgi/cbook.cgi?JCAMP=C71238&Index=9&Type=IR	reason=download_http_404	message=
2026-07-03 03:17:35	cid=1031	cas=71-23-8	modality=	url=https://webbook.nist.gov/cgi/cbook.cgi?ID=71-23-8&Units=SI&Mask=480	reason=all_jcamp_downloads_failed	message=ir:download_http_404;ir:download_http_404;ir:download_http_404;ir:download_http_404;ir:download_http_404;ir:download_http_404
2026-07-03 03:17:36	cid=1032	cas=79-09-4	modality=ir	url=https://webbook.nist.gov/cgi/cbook.cgi?JCAMP=C79094&Index=1&Type=IR	reason=download_http_404	message=
2026-07-03 03:17:36	cid=1032	cas=79-09-4	modality=ir	url=https://webbook.nist.gov/cgi/cbook.cgi?JCAMP=C79094&Index=2&Type=IR	reason=download_http_404	message=
2026-07-03 03:17:40	cid=1032	cas=79-09-4	modality=ir	url=https://webbook.nist.gov/cgi/cbook.cgi?JCAMP=C79094&Index=3&Type=IR	reason=download_http_404	message=
2026-07-03 03:17:44	cid=1032	cas=79-09-4	modality=ir	url=https://webbook.nist.gov/cgi/cbook.cgi?JCAMP=C79094&Index=4&Type=IR	reason=download_http_404	message=
2026-07-03 03:17:45	cid=1032	cas=79-09-4	modality=ir	url=https://webbook.nist.gov/cgi/cbook.cgi?JCAMP=C79094&Index=5&Type=IR	reason=download_http_404	message=
2026-07-03 03:17:49	cid=1032	cas=79-09-4	modality=ir	url=https://webbook.nist.gov/cgi/cbook.cgi?JCAMP=C79094&Index=6&Type=IR	reason=download_http_404	message=
2026-07-03 03:17:53	cid=1032	cas=79-09-4	modality=ir	url=https://webbook.nist.gov/cgi/cbook.cgi?JCAMP=C79094&Index=7&Type=IR	reason=download_http_404	message=
2026-07-03 03:17:53	cid=1032	cas=79-09-4	modality=ir	url=https://webbook.nist.gov/cgi/cbook.cgi?JCAMP=C79094&Index=8&Type=IR	reason=download_http_404	message=
2026-07-03 03:17:57	cid=1032	cas=79-09-4	modality=ir	url=https://webbook.nist.gov/cgi/cbook.cgi?JCAMP=C79094&Index=9&Type=IR	reason=download_http_404	message=
2026-07-03 03:17:57	cid=1032	cas=79-09-4	modality=	url=https://webbook.nist.gov/cgi/cbook.cgi?ID=79-09-4&Units=SI&Mask=480	reason=all_jcamp_downloads_failed	message=ir:download_http_404;ir:download_http_404;ir:download_http_404;ir:download_http_404;ir:download_http_404;ir:download_http_404;ir:download_http_404;ir:download_http_404;ir:download_http_404
2026-07-03 03:17:58	cid=1034	cas=6659-27-4	modality=	url=https://webbook.nist.gov/cgi/cbook.cgi?ID=6659-27-4&Units=SI&Mask=480	reason=nist_not_found	message=
2026-07-03 03:17:58	cid=1035	cas=	modality=	url=	reason=not_found	message=no_cas_in_synonyms
2026-07-03 03:17:58	cid=1037	cas=	modality=	url=	reason=not_found	message=pubchem_synonyms_404
2026-07-03 03:17:58	cid=1039	cas=	modality=	url=	reason=not_found	message=no_cas_in_synonyms
2026-07-03 03:17:59	cid=1040	cas=	modality=	url=	reason=not_found	message=no_cas_in_synonyms
2026-07-03 03:17:59	cid=1041	cas=	modality=	url=	reason=not_found	message=no_cas_in_synonyms
2026-07-03 03:17:59	cid=1042	cas=	modality=	url=	reason=not_found	message=no_cas_in_synonyms
2026-07-03 03:18:00	cid=1043	cas=91-18-9	modality=	url=https://webbook.nist.gov/cgi/cbook.cgi?ID=91-18-9&Units=SI&Mask=480	reason=nist_not_found	message=
2026-07-03 03:18:00	cid=1044	cas=120-73-0	modality=ir	url=https://webbook.nist.gov/cgi/cbook.cgi?JCAMP=C120730&Index=1&Type=IR	reason=download_http_404	message=
2026-07-03 03:18:01	cid=1044	cas=120-73-0	modality=ir	url=https://webbook.nist.gov/cgi/cbook.cgi?JCAMP=C120730&Index=2&Type=IR	reason=download_http_404	message=
2026-07-03 03:18:01	cid=1044	cas=120-73-0	modality=ir	url=https://webbook.nist.gov/cgi/cbook.cgi?JCAMP=C120730&Index=3&Type=IR	reason=download_http_404	message=
2026-07-03 03:18:01	cid=1044	cas=120-73-0	modality=ir	url=https://webbook.nist.gov/cgi/cbook.cgi?JCAMP=C120730&Index=4&Type=IR	reason=download_http_404	message=
2026-07-03 03:18:12	cid=1044	cas=120-73-0	modality=ir	url=https://webbook.nist.gov/cgi/cbook.cgi?JCAMP=C120730&Index=5&Type=IR	reason=download_http_404	message=
2026-07-03 03:18:12	cid=1044	cas=120-73-0	modality=ir	url=https://webbook.nist.gov/cgi/cbook.cgi?JCAMP=C120730&Index=6&Type=IR	reason=download_http_404	message=
2026-07-03 03:18:13	cid=1044	cas=120-73-0	modality=ir	url=https://webbook.nist.gov/cgi/cbook.cgi?JCAMP=C120730&Index=7&Type=IR	reason=download_http_404	message=
2026-07-03 03:18:13	cid=1044	cas=120-73-0	modality=ir	url=https://webbook.nist.gov/cgi/cbook.cgi?JCAMP=C120730&Index=8&Type=IR	reason=download_http_404	message=
2026-07-03 03:18:13	cid=1044	cas=120-73-0	modality=ir	url=https://webbook.nist.gov/cgi/cbook.cgi?JCAMP=C120730&Index=9&Type=IR	reason=download_http_404	message=
2026-07-03 03:18:24	cid=1044	cas=120-73-0	modality=uvvis	url=https://webbook.nist.gov/cgi/cbook.cgi?JCAMP=C120730&Index=1&Type=UVVis	reason=download_http_404	message=
2026-07-03 03:18:24	cid=1044	cas=120-73-0	modality=uvvis	url=https://webbook.nist.gov/cgi/cbook.cgi?JCAMP=C120730&Index=2&Type=UVVis	reason=download_http_404	message=
2026-07-03 03:18:24	cid=1044	cas=120-73-0	modality=uvvis	url=https://webbook.nist.gov/cgi/cbook.cgi?JCAMP=C120730&Index=3&Type=UVVis	reason=download_http_404	message=
2026-07-03 03:18:25	cid=1044	cas=120-73-0	modality=uvvis	url=https://webbook.nist.gov/cgi/cbook.cgi?JCAMP=C120730&Index=4&Type=UVVis	reason=download_http_404	message=
2026-07-03 03:18:25	cid=1044	cas=120-73-0	modality=uvvis	url=https://webbook.nist.gov/cgi/cbook.cgi?JCAMP=C120730&Index=5&Type=UVVis	reason=download_http_404	message=
2026-07-03 03:18:35	cid=1044	cas=120-73-0	modality=uvvis	url=https://webbook.nist.gov/cgi/cbook.cgi?JCAMP=C120730&Index=6&Type=UVVis	reason=download_http_404	message=
2026-07-03 03:18:36	cid=1044	cas=120-73-0	modality=uvvis	url=https://webbook.nist.gov/cgi/cbook.cgi?JCAMP=C120730&Index=7&Type=UVVis	reason=download_http_404	message=
2026-07-03 03:18:36	cid=1044	cas=120-73-0	modality=uvvis	url=https://webbook.nist.gov/cgi/cbook.cgi?JCAMP=C120730&Index=8&Type=UVVis	reason=download_http_404	message=
2026-07-03 03:18:36	cid=1044	cas=120-73-0	modality=uvvis	url=https://webbook.nist.gov/cgi/cbook.cgi?JCAMP=C120730&Index=9&Type=UVVis	reason=download_http_404	message=
2026-07-03 03:18:36	cid=1044	cas=120-73-0	modality=	url=https://webbook.nist.gov/cgi/cbook.cgi?ID=120-73-0&Units=SI&Mask=480	reason=all_jcamp_downloads_failed	message=ir:download_http_404;ir:download_http_404;ir:download_http_404;ir:download_http_404;ir:download_http_404;ir:download_http_404;ir:download_http_404;ir:download_http_404;ir:download_http_404;uvvis:download_http_404;uvvis:download_http_404;uvvis:download_http_404;uvvis:download_http_404;uvvis:download_http_404;uvvis:download_http_404;uvvis:download_http_404;uvvis:download_http_404;uvvis:download_http_404
2026-07-03 03:18:37	cid=1045	cas=110-60-1	modality=ir	url=https://webbook.nist.gov/cgi/cbook.cgi?JCAMP=C110601&Index=2&Type=IR	reason=download_http_404	message=
2026-07-03 03:18:41	cid=1045	cas=110-60-1	modality=ir	url=https://webbook.nist.gov/cgi/cbook.cgi?JCAMP=C110601&Index=3&Type=IR	reason=download_http_404	message=
2026-07-03 03:18:42	cid=1045	cas=110-60-1	modality=ir	url=https://webbook.nist.gov/cgi/cbook.cgi?JCAMP=C110601&Index=4&Type=IR	reason=download_http_404	message=
2026-07-03 03:18:46	cid=1045	cas=110-60-1	modality=ir	url=https://webbook.nist.gov/cgi/cbook.cgi?JCAMP=C110601&Index=5&Type=IR	reason=download_http_404	message=
2026-07-03 03:18:50	cid=1045	cas=110-60-1	modality=ir	url=https://webbook.nist.gov/cgi/cbook.cgi?JCAMP=C110601&Index=6&Type=IR	reason=download_http_404	message=
2026-07-03 03:18:50	cid=1045	cas=110-60-1	modality=ir	url=https://webbook.nist.gov/cgi/cbook.cgi?JCAMP=C110601&Index=7&Type=IR	reason=download_http_404	message=
2026-07-03 03:18:54	cid=1045	cas=110-60-1	modality=ir	url=https://webbook.nist.gov/cgi/cbook.cgi?JCAMP=C110601&Index=8&Type=IR	reason=download_http_404	message=
2026-07-03 03:18:58	cid=1045	cas=110-60-1	modality=ir	url=https://webbook.nist.gov/cgi/cbook.cgi?JCAMP=C110601&Index=9&Type=IR	reason=download_http_404	message=
2026-07-03 03:18:58	cid=1045	cas=110-60-1	modality=	url=https://webbook.nist.gov/cgi/cbook.cgi?ID=110-60-1&Units=SI&Mask=480	reason=all_jcamp_downloads_failed	message=ir:download_http_404;ir:download_http_404;ir:download_http_404;ir:download_http_404;ir:download_http_404;ir:download_http_404;ir:download_http_404;ir:download_http_404
2026-07-03 03:18:59	cid=1046	cas=98-96-4	modality=ir	url=https://webbook.nist.gov/cgi/cbook.cgi?JCAMP=C98964&Index=1&Type=IR	reason=download_http_404	message=
2026-07-03 03:18:59	cid=1046	cas=98-96-4	modality=ir	url=https://webbook.nist.gov/cgi/cbook.cgi?JCAMP=C98964&Index=2&Type=IR	reason=download_http_404	message=
2026-07-03 03:19:00	cid=1046	cas=98-96-4	modality=ir	url=https://webbook.nist.gov/cgi/cbook.cgi?JCAMP=C98964&Index=3&Type=IR	reason=download_http_404	message=
2026-07-03 03:19:00	cid=1046	cas=98-96-4	modality=ir	url=https://webbook.nist.gov/cgi/cbook.cgi?JCAMP=C98964&Index=4&Type=IR	reason=download_http_404	message=
2026-07-03 03:19:10	cid=1046	cas=98-96-4	modality=ir	url=https://webbook.nist.gov/cgi/cbook.cgi?JCAMP=C98964&Index=5&Type=IR	reason=download_http_404	message=
2026-07-03 03:19:11	cid=1046	cas=98-96-4	modality=ir	url=https://webbook.nist.gov/cgi/cbook.cgi?JCAMP=C98964&Index=6&Type=IR	reason=download_http_404	message=
2026-07-03 03:19:11	cid=1046	cas=98-96-4	modality=ir	url=https://webbook.nist.gov/cgi/cbook.cgi?JCAMP=C98964&Index=7&Type=IR	reason=download_http_404	message=
2026-07-03 03:19:11	cid=1046	cas=98-96-4	modality=ir	url=https://webbook.nist.gov/cgi/cbook.cgi?JCAMP=C98964&Index=8&Type=IR	reason=download_http_404	message=
2026-07-03 03:19:12	cid=1046	cas=98-96-4	modality=ir	url=https://webbook.nist.gov/cgi/cbook.cgi?JCAMP=C98964&Index=9&Type=IR	reason=download_http_404	message=
2026-07-03 03:19:22	cid=1046	cas=98-96-4	modality=uvvis	url=https://webbook.nist.gov/cgi/cbook.cgi?JCAMP=C98964&Index=1&Type=UVVis	reason=download_http_404	message=
2026-07-03 03:19:22	cid=1046	cas=98-96-4	modality=uvvis	url=https://webbook.nist.gov/cgi/cbook.cgi?JCAMP=C98964&Index=2&Type=UVVis	reason=download_http_404	message=
2026-07-03 03:19:23	cid=1046	cas=98-96-4	modality=uvvis	url=https://webbook.nist.gov/cgi/cbook.cgi?JCAMP=C98964&Index=3&Type=UVVis	reason=download_http_404	message=
2026-07-03 03:19:23	cid=1046	cas=98-96-4	modality=uvvis	url=https://webbook.nist.gov/cgi/cbook.cgi?JCAMP=C98964&Index=4&Type=UVVis	reason=download_http_404	message=
2026-07-03 03:19:23	cid=1046	cas=98-96-4	modality=uvvis	url=https://webbook.nist.gov/cgi/cbook.cgi?JCAMP=C98964&Index=5&Type=UVVis	reason=download_http_404	message=
2026-07-03 03:19:34	cid=1046	cas=98-96-4	modality=uvvis	url=https://webbook.nist.gov/cgi/cbook.cgi?JCAMP=C98964&Index=6&Type=UVVis	reason=download_http_404	message=
2026-07-03 03:19:34	cid=1046	cas=98-96-4	modality=uvvis	url=https://webbook.nist.gov/cgi/cbook.cgi?JCAMP=C98964&Index=7&Type=UVVis	reason=download_http_404	message=
2026-07-03 03:19:34	cid=1046	cas=98-96-4	modality=uvvis	url=https://webbook.nist.gov/cgi/cbook.cgi?JCAMP=C98964&Index=8&Type=UVVis	reason=download_http_404	message=
2026-07-03 03:19:35	cid=1046	cas=98-96-4	modality=uvvis	url=https://webbook.nist.gov/cgi/cbook.cgi?JCAMP=C98964&Index=9&Type=UVVis	reason=download_http_404	message=
2026-07-03 03:19:35	cid=1046	cas=98-96-4	modality=	url=https://webbook.nist.gov/cgi/cbook.cgi?ID=98-96-4&Units=SI&Mask=480	reason=all_jcamp_downloads_failed	message=ir:download_http_404;ir:download_http_404;ir:download_http_404;ir:download_http_404;ir:download_http_404;ir:download_http_404;ir:download_http_404;ir:download_http_404;ir:download_http_404;uvvis:download_http_404;uvvis:download_http_404;uvvis:download_http_404;uvvis:download_http_404;uvvis:download_http_404;uvvis:download_http_404;uvvis:download_http_404;uvvis:download_http_404;uvvis:download_http_404
2026-07-03 03:19:36	cid=1047	cas=98-97-5	modality=ir	url=https://webbook.nist.gov/cgi/cbook.cgi?JCAMP=C98975&Index=2&Type=IR	reason=download_http_404	message=
2026-07-03 03:19:40	cid=1047	cas=98-97-5	modality=ir	url=https://webbook.nist.gov/cgi/cbook.cgi?JCAMP=C98975&Index=3&Type=IR	reason=download_http_404	message=
2026-07-03 03:19:40	cid=1047	cas=98-97-5	modality=ir	url=https://webbook.nist.gov/cgi/cbook.cgi?JCAMP=C98975&Index=4&Type=IR	reason=download_http_404	message=
2026-07-03 03:19:44	cid=1047	cas=98-97-5	modality=ir	url=https://webbook.nist.gov/cgi/cbook.cgi?JCAMP=C98975&Index=5&Type=IR	reason=download_http_404	message=
2026-07-03 03:19:48	cid=1047	cas=98-97-5	modality=ir	url=https://webbook.nist.gov/cgi/cbook.cgi?JCAMP=C98975&Index=6&Type=IR	reason=download_http_404	message=
2026-07-03 03:19:48	cid=1047	cas=98-97-5	modality=ir	url=https://webbook.nist.gov/cgi/cbook.cgi?JCAMP=C98975&Index=7&Type=IR	reason=download_http_404	message=
2026-07-03 03:19:52	cid=1047	cas=98-97-5	modality=ir	url=https://webbook.nist.gov/cgi/cbook.cgi?JCAMP=C98975&Index=8&Type=IR	reason=download_http_404	message=
2026-07-03 03:19:56	cid=1047	cas=98-97-5	modality=ir	url=https://webbook.nist.gov/cgi/cbook.cgi?JCAMP=C98975&Index=9&Type=IR	reason=download_http_404	message=
2026-07-03 03:19:56	cid=1047	cas=98-97-5	modality=	url=https://webbook.nist.gov/cgi/cbook.cgi?ID=98-97-5&Units=SI&Mask=480	reason=all_jcamp_downloads_failed	message=ir:download_http_404;ir:download_http_404;ir:download_http_404;ir:download_http_404;ir:download_http_404;ir:download_http_404;ir:download_http_404;ir:download_http_404
2026-07-03 03:19:57	cid=1048	cas=288-13-1	modality=ir	url=https://webbook.nist.gov/cgi/cbook.cgi?JCAMP=C288131&Index=1&Type=IR	reason=download_http_404	message=
2026-07-03 03:19:58	cid=1048	cas=288-13-1	modality=ir	url=https://webbook.nist.gov/cgi/cbook.cgi?JCAMP=C288131&Index=2&Type=IR	reason=download_http_404	message=
2026-07-03 03:19:58	cid=1048	cas=288-13-1	modality=ir	url=https://webbook.nist.gov/cgi/cbook.cgi?JCAMP=C288131&Index=3&Type=IR	reason=download_http_404	message=
2026-07-03 03:19:58	cid=1048	cas=288-13-1	modality=ir	url=https://webbook.nist.gov/cgi/cbook.cgi?JCAMP=C288131&Index=4&Type=IR	reason=download_http_404	message=
2026-07-03 03:20:09	cid=1048	cas=288-13-1	modality=ir	url=https://webbook.nist.gov/cgi/cbook.cgi?JCAMP=C288131&Index=5&Type=IR	reason=download_http_404	message=
2026-07-03 03:20:09	cid=1048	cas=288-13-1	modality=ir	url=https://webbook.nist.gov/cgi/cbook.cgi?JCAMP=C288131&Index=6&Type=IR	reason=download_http_404	message=
2026-07-03 03:20:09	cid=1048	cas=288-13-1	modality=ir	url=https://webbook.nist.gov/cgi/cbook.cgi?JCAMP=C288131&Index=7&Type=IR	reason=download_http_404	message=
2026-07-03 03:20:10	cid=1048	cas=288-13-1	modality=ir	url=https://webbook.nist.gov/cgi/cbook.cgi?JCAMP=C288131&Index=8&Type=IR	reason=download_http_404	message=
2026-07-03 03:20:10	cid=1048	cas=288-13-1	modality=ir	url=https://webbook.nist.gov/cgi/cbook.cgi?JCAMP=C288131&Index=9&Type=IR	reason=download_http_404	message=
2026-07-03 03:20:20	cid=1048	cas=288-13-1	modality=uvvis	url=https://webbook.nist.gov/cgi/cbook.cgi?JCAMP=C288131&Index=1&Type=UVVis	reason=download_http_404	message=
2026-07-03 03:20:21	cid=1048	cas=288-13-1	modality=uvvis	url=https://webbook.nist.gov/cgi/cbook.cgi?JCAMP=C288131&Index=2&Type=UVVis	reason=download_http_404	message=
2026-07-03 03:20:21	cid=1048	cas=288-13-1	modality=uvvis	url=https://webbook.nist.gov/cgi/cbook.cgi?JCAMP=C288131&Index=3&Type=UVVis	reason=download_http_404	message=
2026-07-03 03:20:21	cid=1048	cas=288-13-1	modality=uvvis	url=https://webbook.nist.gov/cgi/cbook.cgi?JCAMP=C288131&Index=4&Type=UVVis	reason=download_http_404	message=
2026-07-03 03:20:22	cid=1048	cas=288-13-1	modality=uvvis	url=https://webbook.nist.gov/cgi/cbook.cgi?JCAMP=C288131&Index=5&Type=UVVis	reason=download_http_404	message=
2026-07-03 03:20:32	cid=1048	cas=288-13-1	modality=uvvis	url=https://webbook.nist.gov/cgi/cbook.cgi?JCAMP=C288131&Index=6&Type=UVVis	reason=download_http_404	message=
2026-07-03 03:20:33	cid=1048	cas=288-13-1	modality=uvvis	url=https://webbook.nist.gov/cgi/cbook.cgi?JCAMP=C288131&Index=7&Type=UVVis	reason=download_http_404	message=
2026-07-03 03:20:33	cid=1048	cas=288-13-1	modality=uvvis	url=https://webbook.nist.gov/cgi/cbook.cgi?JCAMP=C288131&Index=8&Type=UVVis	reason=download_http_404	message=
2026-07-03 03:20:33	cid=1048	cas=288-13-1	modality=uvvis	url=https://webbook.nist.gov/cgi/cbook.cgi?JCAMP=C288131&Index=9&Type=UVVis	reason=download_http_404	message=
2026-07-03 03:20:33	cid=1048	cas=288-13-1	modality=	url=https://webbook.nist.gov/cgi/cbook.cgi?ID=288-13-1&Units=SI&Mask=480	reason=all_jcamp_downloads_failed	message=ir:download_http_404;ir:download_http_404;ir:download_http_404;ir:download_http_404;ir:download_http_404;ir:download_http_404;ir:download_http_404;ir:download_http_404;ir:download_http_404;uvvis:download_http_404;uvvis:download_http_404;uvvis:download_http_404;uvvis:download_http_404;uvvis:download_http_404;uvvis:download_http_404;uvvis:download_http_404;uvvis:download_http_404;uvvis:download_http_404
2026-07-03 03:20:34	cid=1049	cas=110-86-1	modality=ir	url=https://webbook.nist.gov/cgi/cbook.cgi?JCAMP=C7291227&Index=0&Type=IR	reason=download_http_404	message=
2026-07-03 03:20:38	cid=1049	cas=110-86-1	modality=ir	url=https://webbook.nist.gov/cgi/cbook.cgi?JCAMP=C7291227&Index=1&Type=IR	reason=download_http_404	message=
2026-07-03 03:20:39	cid=1049	cas=110-86-1	modality=ir	url=https://webbook.nist.gov/cgi/cbook.cgi?JCAMP=C7291227&Index=2&Type=IR	reason=download_http_404	message=
2026-07-03 03:20:43	cid=1049	cas=110-86-1	modality=ir	url=https://webbook.nist.gov/cgi/cbook.cgi?JCAMP=C7291227&Index=3&Type=IR	reason=download_http_404	message=
2026-07-03 03:20:47	cid=1049	cas=110-86-1	modality=ir	url=https://webbook.nist.gov/cgi/cbook.cgi?JCAMP=C7291227&Index=4&Type=IR	reason=download_http_404	message=
2026-07-03 03:20:47	cid=1049	cas=110-86-1	modality=ir	url=https://webbook.nist.gov/cgi/cbook.cgi?JCAMP=C7291227&Index=5&Type=IR	reason=download_http_404	message=
2026-07-03 03:20:51	cid=1049	cas=110-86-1	modality=ir	url=https://webbook.nist.gov/cgi/cbook.cgi?JCAMP=C7291227&Index=6&Type=IR	reason=download_http_404	message=
2026-07-03 03:20:55	cid=1049	cas=110-86-1	modality=ir	url=https://webbook.nist.gov/cgi/cbook.cgi?JCAMP=C7291227&Index=7&Type=IR	reason=download_http_404	message=
2026-07-03 03:20:55	cid=1049	cas=110-86-1	modality=ir	url=https://webbook.nist.gov/cgi/cbook.cgi?JCAMP=C7291227&Index=8&Type=IR	reason=download_http_404	message=
2026-07-03 03:20:57	cid=1049	cas=110-86-1	modality=ir	url=https://webbook.nist.gov/cgi/cbook.cgi?JCAMP=C7291227&Index=9&Type=IR	reason=download_http_404	message=
2026-07-03 03:20:57	cid=1049	cas=110-86-1	modality=uvvis	url=https://webbook.nist.gov/cgi/cbook.cgi?JCAMP=C7291227&Index=0&Type=UVVis	reason=download_http_404	message=
2026-07-03 03:21:01	cid=1049	cas=110-86-1	modality=uvvis	url=https://webbook.nist.gov/cgi/cbook.cgi?JCAMP=C7291227&Index=1&Type=UVVis	reason=download_http_404	message=
2026-07-03 03:21:02	cid=1049	cas=110-86-1	modality=uvvis	url=https://webbook.nist.gov/cgi/cbook.cgi?JCAMP=C7291227&Index=2&Type=UVVis	reason=download_http_404	message=
2026-07-03 03:21:02	cid=1049	cas=110-86-1	modality=uvvis	url=https://webbook.nist.gov/cgi/cbook.cgi?JCAMP=C7291227&Index=3&Type=UVVis	reason=download_http_404	message=
2026-07-03 03:21:13	cid=1049	cas=110-86-1	modality=uvvis	url=https://webbook.nist.gov/cgi/cbook.cgi?JCAMP=C7291227&Index=4&Type=UVVis	reason=download_http_404	message=
2026-07-03 03:21:13	cid=1049	cas=110-86-1	modality=uvvis	url=https://webbook.nist.gov/cgi/cbook.cgi?JCAMP=C7291227&Index=5&Type=UVVis	reason=download_http_404	message=
2026-07-03 03:21:13	cid=1049	cas=110-86-1	modality=uvvis	url=https://webbook.nist.gov/cgi/cbook.cgi?JCAMP=C7291227&Index=6&Type=UVVis	reason=download_http_404	message=
2026-07-03 03:21:14	cid=1049	cas=110-86-1	modality=uvvis	url=https://webbook.nist.gov/cgi/cbook.cgi?JCAMP=C7291227&Index=7&Type=UVVis	reason=download_http_404	message=
2026-07-03 03:21:14	cid=1049	cas=110-86-1	modality=uvvis	url=https://webbook.nist.gov/cgi/cbook.cgi?JCAMP=C7291227&Index=8&Type=UVVis	reason=download_http_404	message=
2026-07-03 03:21:24	cid=1049	cas=110-86-1	modality=uvvis	url=https://webbook.nist.gov/cgi/cbook.cgi?JCAMP=C7291227&Index=9&Type=UVVis	reason=download_http_404	message=
2026-07-03 03:21:24	cid=1049	cas=110-86-1	modality=	url=https://webbook.nist.gov/cgi/cbook.cgi?ID=110-86-1&Units=SI&Mask=480	reason=all_jcamp_downloads_failed	message=ir:download_http_404;ir:download_http_404;ir:download_http_404;ir:download_http_404;ir:download_http_404;ir:download_http_404;ir:download_http_404;ir:download_http_404;ir:download_http_404;ir:download_http_404;uvvis:download_http_404;uvvis:download_http_404;uvvis:download_http_404;uvvis:download_http_404;uvvis:download_http_404;uvvis:download_http_404;uvvis:download_http_404;uvvis:download_http_404;uvvis:download_http_404;uvvis:download_http_404
2026-07-03 03:21:25	cid=1050	cas=66-72-8	modality=	url=https://webbook.nist.gov/cgi/cbook.cgi?ID=66-72-8&Units=SI&Mask=480	reason=nist_not_found	message=
2026-07-03 03:21:25	cid=1051	cas=54-47-7	modality=	url=https://webbook.nist.gov/cgi/cbook.cgi?ID=54-47-7&Units=SI&Mask=480	reason=nist_not_found	message=
2026-07-03 03:21:26	cid=1052	cas=85-87-0	modality=	url=https://webbook.nist.gov/cgi/cbook.cgi?ID=85-87-0&Units=SI&Mask=480	reason=no_jcamp_links	message=
2026-07-03 03:21:26	cid=1053	cas=529-96-4	modality=	url=https://webbook.nist.gov/cgi/cbook.cgi?ID=529-96-4&Units=SI&Mask=480	reason=nist_not_found	message=
2026-07-03 03:21:27	cid=1054	cas=65-23-6	modality=uvvis	url=https://webbook.nist.gov/cgi/cbook.cgi?JCAMP=C65236&Index=1&Type=UVVis	reason=download_http_404	message=
2026-07-03 03:21:28	cid=1054	cas=65-23-6	modality=uvvis	url=https://webbook.nist.gov/cgi/cbook.cgi?JCAMP=C65236&Index=2&Type=UVVis	reason=download_http_404	message=
2026-07-03 03:21:28	cid=1054	cas=65-23-6	modality=uvvis	url=https://webbook.nist.gov/cgi/cbook.cgi?JCAMP=C65236&Index=3&Type=UVVis	reason=download_http_404	message=
2026-07-03 03:21:28	cid=1054	cas=65-23-6	modality=uvvis	url=https://webbook.nist.gov/cgi/cbook.cgi?JCAMP=C65236&Index=4&Type=UVVis	reason=download_http_404	message=
2026-07-03 03:21:39	cid=1054	cas=65-23-6	modality=uvvis	url=https://webbook.nist.gov/cgi/cbook.cgi?JCAMP=C65236&Index=5&Type=UVVis	reason=download_http_404	message=
2026-07-03 03:21:39	cid=1054	cas=65-23-6	modality=uvvis	url=https://webbook.nist.gov/cgi/cbook.cgi?JCAMP=C65236&Index=6&Type=UVVis	reason=download_http_404	message=
2026-07-03 03:21:40	cid=1054	cas=65-23-6	modality=uvvis	url=https://webbook.nist.gov/cgi/cbook.cgi?JCAMP=C65236&Index=7&Type=UVVis	reason=download_http_404	message=
2026-07-03 03:21:40	cid=1054	cas=65-23-6	modality=uvvis	url=https://webbook.nist.gov/cgi/cbook.cgi?JCAMP=C65236&Index=8&Type=UVVis	reason=download_http_404	message=
2026-07-03 03:21:40	cid=1054	cas=65-23-6	modality=uvvis	url=https://webbook.nist.gov/cgi/cbook.cgi?JCAMP=C65236&Index=9&Type=UVVis	reason=download_http_404	message=
2026-07-03 03:21:40	cid=1054	cas=65-23-6	modality=	url=https://webbook.nist.gov/cgi/cbook.cgi?ID=65-23-6&Units=SI&Mask=480	reason=all_jcamp_downloads_failed	message=uvvis:download_http_404;uvvis:download_http_404;uvvis:download_http_404;uvvis:download_http_404;uvvis:download_http_404;uvvis:download_http_404;uvvis:download_http_404;uvvis:download_http_404;uvvis:download_http_404
2026-07-03 03:21:41	cid=1055	cas=447-05-2	modality=	url=https://webbook.nist.gov/cgi/cbook.cgi?ID=447-05-2&Units=SI&Mask=480	reason=nist_not_found	message=
2026-07-03 03:21:41	cid=1056	cas=27790-74-5	modality=	url=https://webbook.nist.gov/cgi/cbook.cgi?ID=27790-74-5&Units=SI&Mask=480	reason=nist_not_found	message=
2026-07-03 03:21:46	cid=1057	cas=87-66-1	modality=ir	url=https://webbook.nist.gov/cgi/cbook.cgi?JCAMP=C87661&Index=2&Type=IR	reason=download_http_404	message=
2026-07-03 03:21:46	cid=1057	cas=87-66-1	modality=ir	url=https://webbook.nist.gov/cgi/cbook.cgi?JCAMP=C87661&Index=3&Type=IR	reason=download_http_404	message=
2026-07-03 03:21:47	cid=1057	cas=87-66-1	modality=ir	url=https://webbook.nist.gov/cgi/cbook.cgi?JCAMP=C87661&Index=4&Type=IR	reason=download_http_404	message=
2026-07-03 03:21:57	cid=1057	cas=87-66-1	modality=ir	url=https://webbook.nist.gov/cgi/cbook.cgi?JCAMP=C87661&Index=5&Type=IR	reason=download_http_404	message=
2026-07-03 03:21:57	cid=1057	cas=87-66-1	modality=ir	url=https://webbook.nist.gov/cgi/cbook.cgi?JCAMP=C87661&Index=6&Type=IR	reason=download_http_404	message=
2026-07-03 03:21:58	cid=1057	cas=87-66-1	modality=ir	url=https://webbook.nist.gov/cgi/cbook.cgi?JCAMP=C87661&Index=7&Type=IR	reason=download_http_404	message=
2026-07-03 03:21:58	cid=1057	cas=87-66-1	modality=ir	url=https://webbook.nist.gov/cgi/cbook.cgi?JCAMP=C87661&Index=8&Type=IR	reason=download_http_404	message=
2026-07-03 03:21:59	cid=1057	cas=87-66-1	modality=ir	url=https://webbook.nist.gov/cgi/cbook.cgi?JCAMP=C87661&Index=9&Type=IR	reason=download_http_404	message=
2026-07-03 03:22:03	cid=1057	cas=87-66-1	modality=uvvis	url=https://webbook.nist.gov/cgi/cbook.cgi?JCAMP=C87661&Index=1&Type=UVVis	reason=download_http_404	message=
2026-07-03 03:22:03	cid=1057	cas=87-66-1	modality=uvvis	url=https://webbook.nist.gov/cgi/cbook.cgi?JCAMP=C87661&Index=2&Type=UVVis	reason=download_http_404	message=
2026-07-03 03:22:04	cid=1057	cas=87-66-1	modality=uvvis	url=https://webbook.nist.gov/cgi/cbook.cgi?JCAMP=C87661&Index=3&Type=UVVis	reason=download_http_404	message=
2026-07-03 03:22:04	cid=1057	cas=87-66-1	modality=uvvis	url=https://webbook.nist.gov/cgi/cbook.cgi?JCAMP=C87661&Index=4&Type=UVVis	reason=download_http_404	message=
2026-07-03 03:22:04	cid=1057	cas=87-66-1	modality=uvvis	url=https://webbook.nist.gov/cgi/cbook.cgi?JCAMP=C87661&Index=5&Type=UVVis	reason=download_http_404	message=
2026-07-03 03:22:15	cid=1057	cas=87-66-1	modality=uvvis	url=https://webbook.nist.gov/cgi/cbook.cgi?JCAMP=C87661&Index=6&Type=UVVis	reason=download_http_404	message=
2026-07-03 03:22:15	cid=1057	cas=87-66-1	modality=uvvis	url=https://webbook.nist.gov/cgi/cbook.cgi?JCAMP=C87661&Index=7&Type=UVVis	reason=download_http_404	message=
2026-07-03 03:22:15	cid=1057	cas=87-66-1	modality=uvvis	url=https://webbook.nist.gov/cgi/cbook.cgi?JCAMP=C87661&Index=8&Type=UVVis	reason=download_http_404	message=
2026-07-03 03:22:16	cid=1057	cas=87-66-1	modality=uvvis	url=https://webbook.nist.gov/cgi/cbook.cgi?JCAMP=C87661&Index=9&Type=UVVis	reason=download_http_404	message=
2026-07-03 03:22:16	cid=1057	cas=87-66-1	modality=	url=https://webbook.nist.gov/cgi/cbook.cgi?ID=87-66-1&Units=SI&Mask=480	reason=all_jcamp_downloads_failed	message=ir:download_http_404;ir:download_http_404;ir:download_http_404;ir:download_http_404;ir:download_http_404;ir:download_http_404;ir:download_http_404;ir:download_http_404;uvvis:download_http_404;uvvis:download_http_404;uvvis:download_http_404;uvvis:download_http_404;uvvis:download_http_404;uvvis:download_http_404;uvvis:download_http_404;uvvis:download_http_404;uvvis:download_http_404
2026-07-03 03:22:16	cid=1059	cas=22573-88-2	modality=	url=https://webbook.nist.gov/cgi/cbook.cgi?ID=22573-88-2&Units=SI&Mask=480	reason=nist_not_found	message=
2026-07-03 03:22:17	cid=1060	cas=127-17-3	modality=ir	url=https://webbook.nist.gov/cgi/cbook.cgi?JCAMP=C127173&Index=2&Type=IR	reason=download_http_404	message=
2026-07-03 03:22:21	cid=1060	cas=127-17-3	modality=ir	url=https://webbook.nist.gov/cgi/cbook.cgi?JCAMP=C127173&Index=3&Type=IR	reason=download_http_404	message=
2026-07-03 03:22:21	cid=1060	cas=127-17-3	modality=ir	url=https://webbook.nist.gov/cgi/cbook.cgi?JCAMP=C127173&Index=4&Type=IR	reason=download_http_404	message=
2026-07-03 03:22:25	cid=1060	cas=127-17-3	modality=ir	url=https://webbook.nist.gov/cgi/cbook.cgi?JCAMP=C127173&Index=5&Type=IR	reason=download_http_404	message=
2026-07-03 03:22:29	cid=1060	cas=127-17-3	modality=ir	url=https://webbook.nist.gov/cgi/cbook.cgi?JCAMP=C127173&Index=6&Type=IR	reason=download_http_404	message=
2026-07-03 03:22:30	cid=1060	cas=127-17-3	modality=ir	url=https://webbook.nist.gov/cgi/cbook.cgi?JCAMP=C127173&Index=7&Type=IR	reason=download_http_404	message=
2026-07-03 03:22:34	cid=1060	cas=127-17-3	modality=ir	url=https://webbook.nist.gov/cgi/cbook.cgi?JCAMP=C127173&Index=8&Type=IR	reason=download_http_404	message=
2026-07-03 03:22:38	cid=1060	cas=127-17-3	modality=ir	url=https://webbook.nist.gov/cgi/cbook.cgi?JCAMP=C127173&Index=9&Type=IR	reason=download_http_404	message=
2026-07-03 03:22:38	cid=1060	cas=127-17-3	modality=	url=https://webbook.nist.gov/cgi/cbook.cgi?ID=127-17-3&Units=SI&Mask=480	reason=all_jcamp_downloads_failed	message=ir:download_http_404;ir:download_http_404;ir:download_http_404;ir:download_http_404;ir:download_http_404;ir:download_http_404;ir:download_http_404;ir:download_http_404
2026-07-03 03:22:38	cid=1062	cas=	modality=	url=	reason=not_found	message=no_cas_in_synonyms
2026-07-03 03:22:38	cid=1063	cas=	modality=	url=	reason=not_found	message=pubchem_synonyms_404
2026-07-03 03:22:39	cid=1064	cas=562-73-2	modality=	url=https://webbook.nist.gov/cgi/cbook.cgi?ID=562-73-2&Units=SI&Mask=480	reason=no_jcamp_links	message=
2026-07-03 03:22:39	cid=1065	cas=936694-43-8	modality=	url=https://webbook.nist.gov/cgi/cbook.cgi?ID=936694-43-8&Units=SI&Mask=480	reason=nist_not_found	message=
2026-07-03 03:22:40	cid=1066	cas=89-00-9	modality=	url=https://webbook.nist.gov/cgi/cbook.cgi?ID=89-00-9&Units=SI&Mask=480	reason=nist_not_found	message=
2026-07-03 03:22:40	cid=1067	cas=	modality=	url=	reason=not_found	message=pubchem_synonyms_404
2026-07-03 03:22:41	cid=1068	cas=75-18-3	modality=ir	url=https://webbook.nist.gov/cgi/cbook.cgi?JCAMP=C4752129&Index=0&Type=IR	reason=download_http_404	message=
2026-07-03 03:22:41	cid=1068	cas=75-18-3	modality=ir	url=https://webbook.nist.gov/cgi/cbook.cgi?JCAMP=C4752129&Index=1&Type=IR	reason=download_http_404	message=
2026-07-03 03:22:42	cid=1068	cas=75-18-3	modality=ir	url=https://webbook.nist.gov/cgi/cbook.cgi?JCAMP=C4752129&Index=2&Type=IR	reason=download_http_404	message=
2026-07-03 03:22:42	cid=1068	cas=75-18-3	modality=ir	url=https://webbook.nist.gov/cgi/cbook.cgi?JCAMP=C4752129&Index=3&Type=IR	reason=download_http_404	message=
2026-07-03 03:22:54	cid=1068	cas=75-18-3	modality=ir	url=https://webbook.nist.gov/cgi/cbook.cgi?JCAMP=C4752129&Index=4&Type=IR	reason=download_http_404	message=
2026-07-03 03:22:54	cid=1068	cas=75-18-3	modality=ir	url=https://webbook.nist.gov/cgi/cbook.cgi?JCAMP=C4752129&Index=5&Type=IR	reason=download_http_404	message=
2026-07-03 03:22:55	cid=1068	cas=75-18-3	modality=ir	url=https://webbook.nist.gov/cgi/cbook.cgi?JCAMP=C4752129&Index=6&Type=IR	reason=download_http_404	message=
2026-07-03 03:22:55	cid=1068	cas=75-18-3	modality=ir	url=https://webbook.nist.gov/cgi/cbook.cgi?JCAMP=C4752129&Index=7&Type=IR	reason=download_http_404	message=
2026-07-03 03:22:55	cid=1068	cas=75-18-3	modality=ir	url=https://webbook.nist.gov/cgi/cbook.cgi?JCAMP=C4752129&Index=8&Type=IR	reason=download_http_404	message=
2026-07-03 03:23:00	cid=1068	cas=75-18-3	modality=ir	url=https://webbook.nist.gov/cgi/cbook.cgi?JCAMP=C4752129&Index=9&Type=IR	reason=download_http_404	message=
2026-07-03 03:23:04	cid=1068	cas=75-18-3	modality=uvvis	url=https://webbook.nist.gov/cgi/cbook.cgi?JCAMP=C4752129&Index=0&Type=UVVis	reason=download_http_404	message=
2026-07-03 03:23:04	cid=1068	cas=75-18-3	modality=uvvis	url=https://webbook.nist.gov/cgi/cbook.cgi?JCAMP=C4752129&Index=1&Type=UVVis	reason=download_http_404	message=
2026-07-03 03:23:08	cid=1068	cas=75-18-3	modality=uvvis	url=https://webbook.nist.gov/cgi/cbook.cgi?JCAMP=C4752129&Index=2&Type=UVVis	reason=download_http_404	message=
2026-07-03 03:23:12	cid=1068	cas=75-18-3	modality=uvvis	url=https://webbook.nist.gov/cgi/cbook.cgi?JCAMP=C4752129&Index=3&Type=UVVis	reason=download_http_404	message=
2026-07-03 03:23:12	cid=1068	cas=75-18-3	modality=uvvis	url=https://webbook.nist.gov/cgi/cbook.cgi?JCAMP=C4752129&Index=4&Type=UVVis	reason=download_http_404	message=
2026-07-03 03:23:16	cid=1068	cas=75-18-3	modality=uvvis	url=https://webbook.nist.gov/cgi/cbook.cgi?JCAMP=C4752129&Index=5&Type=UVVis	reason=download_http_404	message=
2026-07-03 03:23:20	cid=1068	cas=75-18-3	modality=uvvis	url=https://webbook.nist.gov/cgi/cbook.cgi?JCAMP=C4752129&Index=6&Type=UVVis	reason=download_http_404	message=
2026-07-03 03:23:21	cid=1068	cas=75-18-3	modality=uvvis	url=https://webbook.nist.gov/cgi/cbook.cgi?JCAMP=C4752129&Index=7&Type=UVVis	reason=download_http_404	message=
2026-07-03 03:23:25	cid=1068	cas=75-18-3	modality=uvvis	url=https://webbook.nist.gov/cgi/cbook.cgi?JCAMP=C4752129&Index=8&Type=UVVis	reason=download_http_404	message=
2026-07-03 03:23:29	cid=1068	cas=75-18-3	modality=uvvis	url=https://webbook.nist.gov/cgi/cbook.cgi?JCAMP=C4752129&Index=9&Type=UVVis	reason=download_http_404	message=
2026-07-03 03:23:29	cid=1068	cas=75-18-3	modality=	url=https://webbook.nist.gov/cgi/cbook.cgi?ID=75-18-3&Units=SI&Mask=480	reason=all_jcamp_downloads_failed	message=ir:download_http_404;ir:download_http_404;ir:download_http_404;ir:download_http_404;ir:download_http_404;ir:download_http_404;ir:download_http_404;ir:download_http_404;ir:download_http_404;ir:download_http_404;uvvis:download_http_404;uvvis:download_http_404;uvvis:download_http_404;uvvis:download_http_404;uvvis:download_http_404;uvvis:download_http_404;uvvis:download_http_404;uvvis:download_http_404;uvvis:download_http_404;uvvis:download_http_404
2026-07-03 03:23:29	cid=1069	cas=	modality=	url=	reason=not_found	message=pubchem_synonyms_404
2026-07-03 03:23:29	cid=1070	cas=	modality=	url=	reason=not_found	message=no_cas_in_synonyms
2026-07-03 03:23:30	cid=1071	cas=34218-73-0	modality=	url=https://webbook.nist.gov/cgi/cbook.cgi?ID=34218-73-0&Units=SI&Mask=480	reason=nist_not_found	message=
2026-07-03 03:23:30	cid=1072	cas=301335-02-4	modality=	url=https://webbook.nist.gov/cgi/cbook.cgi?ID=301335-02-4&Units=SI&Mask=480	reason=nist_not_found	message=
2026-07-03 03:23:31	cid=1073	cas=	modality=	url=	reason=not_found	message=no_cas_in_synonyms
2026-07-03 03:23:31	cid=1074	cas=	modality=	url=	reason=not_found	message=no_cas_in_synonyms
2026-07-03 03:23:31	cid=1076	cas=	modality=	url=	reason=not_found	message=no_cas_in_synonyms
2026-07-03 03:23:31	cid=1077	cas=	modality=	url=	reason=not_found	message=pubchem_synonyms_404
2026-07-03 03:23:31	cid=1078	cas=	modality=	url=	reason=not_found	message=no_cas_in_synonyms
2026-07-03 03:23:32	cid=1079	cas=	modality=	url=	reason=not_found	message=no_cas_in_synonyms
2026-07-03 03:23:32	cid=1080	cas=25390-17-4	modality=	url=https://webbook.nist.gov/cgi/cbook.cgi?ID=25390-17-4&Units=SI&Mask=480	reason=nist_not_found	message=
2026-07-03 03:23:33	cid=1081	cas=597-44-4	modality=	url=https://webbook.nist.gov/cgi/cbook.cgi?ID=597-44-4&Units=SI&Mask=480	reason=nist_not_found	message=
2026-07-03 03:23:33	cid=1082	cas=760212-92-8	modality=	url=https://webbook.nist.gov/cgi/cbook.cgi?ID=760212-92-8&Units=SI&Mask=480	reason=nist_not_found	message=
2026-07-03 03:23:33	cid=1083	cas=	modality=	url=	reason=not_found	message=no_cas_in_synonyms
2026-07-03 03:23:34	cid=1087	cas=	modality=	url=	reason=not_found	message=no_cas_in_synonyms
2026-07-03 03:23:34	cid=1088	cas=107-97-1	modality=	url=https://webbook.nist.gov/cgi/cbook.cgi?ID=107-97-1&Units=SI&Mask=480	reason=no_jcamp_links	message=
2026-07-03 03:23:34	cid=1093	cas=	modality=	url=	reason=not_found	message=pubchem_synonyms_404
2026-07-03 03:23:35	cid=1094	cas=2306-23-2	modality=	url=https://webbook.nist.gov/cgi/cbook.cgi?ID=2306-23-2&Units=SI&Mask=480	reason=nist_not_found	message=
2026-07-03 03:23:35	cid=1095	cas=63959-45-5	modality=	url=https://webbook.nist.gov/cgi/cbook.cgi?ID=63959-45-5&Units=SI&Mask=480	reason=nist_not_found	message=
2026-07-03 03:23:36	cid=1101	cas=139686-85-4	modality=	url=https://webbook.nist.gov/cgi/cbook.cgi?ID=139686-85-4&Units=SI&Mask=480	reason=nist_not_found	message=
2026-07-03 03:23:37	cid=1102	cas=124-20-9	modality=	url=https://webbook.nist.gov/cgi/cbook.cgi?ID=124-20-9&Units=SI&Mask=480	reason=nist_not_found	message=
2026-07-03 03:23:38	cid=1103	cas=71-44-3	modality=ir	url=https://webbook.nist.gov/cgi/cbook.cgi?JCAMP=C71443&Index=1&Type=IR	reason=download_http_404	message=
2026-07-03 03:23:38	cid=1103	cas=71-44-3	modality=ir	url=https://webbook.nist.gov/cgi/cbook.cgi?JCAMP=C71443&Index=2&Type=IR	reason=download_http_404	message=
2026-07-03 03:23:38	cid=1103	cas=71-44-3	modality=ir	url=https://webbook.nist.gov/cgi/cbook.cgi?JCAMP=C71443&Index=3&Type=IR	reason=download_http_404	message=
2026-07-03 03:23:39	cid=1103	cas=71-44-3	modality=ir	url=https://webbook.nist.gov/cgi/cbook.cgi?JCAMP=C71443&Index=4&Type=IR	reason=download_http_404	message=
2026-07-03 03:23:39	cid=1103	cas=71-44-3	modality=ir	url=https://webbook.nist.gov/cgi/cbook.cgi?JCAMP=C71443&Index=5&Type=IR	reason=download_http_404	message=
2026-07-03 03:23:49	cid=1103	cas=71-44-3	modality=ir	url=https://webbook.nist.gov/cgi/cbook.cgi?JCAMP=C71443&Index=6&Type=IR	reason=download_http_404	message=
2026-07-03 03:23:50	cid=1103	cas=71-44-3	modality=ir	url=https://webbook.nist.gov/cgi/cbook.cgi?JCAMP=C71443&Index=7&Type=IR	reason=download_http_404	message=
2026-07-03 03:23:50	cid=1103	cas=71-44-3	modality=ir	url=https://webbook.nist.gov/cgi/cbook.cgi?JCAMP=C71443&Index=8&Type=IR	reason=download_http_404	message=
2026-07-03 03:23:50	cid=1103	cas=71-44-3	modality=ir	url=https://webbook.nist.gov/cgi/cbook.cgi?JCAMP=C71443&Index=9&Type=IR	reason=download_http_404	message=
2026-07-03 03:23:50	cid=1103	cas=71-44-3	modality=	url=https://webbook.nist.gov/cgi/cbook.cgi?ID=71-44-3&Units=SI&Mask=480	reason=all_jcamp_downloads_failed	message=ir:download_http_404;ir:download_http_404;ir:download_http_404;ir:download_http_404;ir:download_http_404;ir:download_http_404;ir:download_http_404;ir:download_http_404;ir:download_http_404
2026-07-03 03:23:51	cid=1104	cas=10140-30-4	modality=	url=https://webbook.nist.gov/cgi/cbook.cgi?ID=10140-30-4&Units=SI&Mask=480	reason=nist_not_found	message=
2026-07-03 03:23:52	cid=1105	cas=7683-64-9	modality=ir	url=https://webbook.nist.gov/cgi/cbook.cgi?JCAMP=C111024&Index=0&Type=IR	reason=download_http_404	message=
2026-07-03 03:23:56	cid=1105	cas=7683-64-9	modality=ir	url=https://webbook.nist.gov/cgi/cbook.cgi?JCAMP=C111024&Index=1&Type=IR	reason=download_http_404	message=
2026-07-03 03:23:56	cid=1105	cas=7683-64-9	modality=ir	url=https://webbook.nist.gov/cgi/cbook.cgi?JCAMP=C111024&Index=2&Type=IR	reason=download_http_404	message=
2026-07-03 03:24:00	cid=1105	cas=7683-64-9	modality=ir	url=https://webbook.nist.gov/cgi/cbook.cgi?JCAMP=C111024&Index=3&Type=IR	reason=download_http_404	message=
2026-07-03 03:24:04	cid=1105	cas=7683-64-9	modality=ir	url=https://webbook.nist.gov/cgi/cbook.cgi?JCAMP=C111024&Index=4&Type=IR	reason=download_http_404	message=
2026-07-03 03:24:05	cid=1105	cas=7683-64-9	modality=ir	url=https://webbook.nist.gov/cgi/cbook.cgi?JCAMP=C111024&Index=5&Type=IR	reason=download_http_404	message=
2026-07-03 03:24:09	cid=1105	cas=7683-64-9	modality=ir	url=https://webbook.nist.gov/cgi/cbook.cgi?JCAMP=C111024&Index=6&Type=IR	reason=download_http_404	message=
2026-07-03 03:24:13	cid=1105	cas=7683-64-9	modality=ir	url=https://webbook.nist.gov/cgi/cbook.cgi?JCAMP=C111024&Index=7&Type=IR	reason=download_http_404	message=
2026-07-03 03:24:13	cid=1105	cas=7683-64-9	modality=ir	url=https://webbook.nist.gov/cgi/cbook.cgi?JCAMP=C111024&Index=8&Type=IR	reason=download_http_404	message=
2026-07-03 03:24:17	cid=1105	cas=7683-64-9	modality=ir	url=https://webbook.nist.gov/cgi/cbook.cgi?JCAMP=C111024&Index=9&Type=IR	reason=download_http_404	message=
2026-07-03 03:24:17	cid=1105	cas=7683-64-9	modality=	url=https://webbook.nist.gov/cgi/cbook.cgi?ID=7683-64-9&Units=SI&Mask=480	reason=all_jcamp_downloads_failed	message=ir:download_http_404;ir:download_http_404;ir:download_http_404;ir:download_http_404;ir:download_http_404;ir:download_http_404;ir:download_http_404;ir:download_http_404;ir:download_http_404;ir:download_http_404
2026-07-03 03:24:17	cid=1107	cas=	modality=	url=	reason=not_found	message=no_cas_in_synonyms
2026-07-03 03:24:17	cid=1108	cas=	modality=	url=	reason=not_found	message=no_cas_in_synonyms
2026-07-03 03:24:18	cid=1110	cas=110-15-6	modality=ir	url=https://webbook.nist.gov/cgi/cbook.cgi?JCAMP=C110156&Index=3&Type=IR	reason=download_http_404	message=
2026-07-03 03:24:19	cid=1110	cas=110-15-6	modality=ir	url=https://webbook.nist.gov/cgi/cbook.cgi?JCAMP=C110156&Index=4&Type=IR	reason=download_http_404	message=
2026-07-03 03:24:19	cid=1110	cas=110-15-6	modality=ir	url=https://webbook.nist.gov/cgi/cbook.cgi?JCAMP=C110156&Index=5&Type=IR	reason=download_http_404	message=
2026-07-03 03:24:19	cid=1110	cas=110-15-6	modality=ir	url=https://webbook.nist.gov/cgi/cbook.cgi?JCAMP=C110156&Index=6&Type=IR	reason=download_http_404	message=
2026-07-03 03:24:30	cid=1110	cas=110-15-6	modality=ir	url=https://webbook.nist.gov/cgi/cbook.cgi?JCAMP=C110156&Index=7&Type=IR	reason=download_http_404	message=
2026-07-03 03:24:30	cid=1110	cas=110-15-6	modality=ir	url=https://webbook.nist.gov/cgi/cbook.cgi?JCAMP=C110156&Index=8&Type=IR	reason=download_http_404	message=
2026-07-03 03:24:30	cid=1110	cas=110-15-6	modality=ir	url=https://webbook.nist.gov/cgi/cbook.cgi?JCAMP=C110156&Index=9&Type=IR	reason=download_http_404	message=
2026-07-03 03:24:30	cid=1110	cas=110-15-6	modality=	url=https://webbook.nist.gov/cgi/cbook.cgi?ID=110-15-6&Units=SI&Mask=480	reason=all_jcamp_downloads_failed	message=ir:download_http_404;ir:download_http_404;ir:download_http_404;ir:download_http_404;ir:download_http_404;ir:download_http_404;ir:download_http_404
2026-07-03 03:24:31	cid=1112	cas=692-29-5	modality=	url=https://webbook.nist.gov/cgi/cbook.cgi?ID=692-29-5&Units=SI&Mask=480	reason=nist_not_found	message=
2026-07-03 03:24:31	cid=1113	cas=	modality=	url=	reason=not_found	message=pubchem_synonyms_404
2026-07-03 03:24:31	cid=1114	cas=	modality=	url=	reason=not_found	message=pubchem_synonyms_404
2026-07-03 03:24:32	cid=1115	cas=1192061-43-0	modality=	url=https://webbook.nist.gov/cgi/cbook.cgi?ID=1192061-43-0&Units=SI&Mask=480	reason=nist_not_found	message=
2026-07-03 03:24:32	cid=1116	cas=	modality=	url=	reason=not_found	message=no_cas_in_synonyms
2026-07-03 03:24:32	cid=1122	cas=2480-77-5	modality=	url=https://webbook.nist.gov/cgi/cbook.cgi?ID=2480-77-5&Units=SI&Mask=480	reason=nist_not_found	message=
2026-07-03 03:24:33	cid=1123	cas=107-35-7	modality=	url=https://webbook.nist.gov/cgi/cbook.cgi?ID=107-35-7&Units=SI&Mask=480	reason=no_jcamp_links	message=
2026-07-03 03:24:33	cid=1124	cas=	modality=	url=	reason=not_found	message=no_cas_in_synonyms
2026-07-03 03:24:34	cid=1127	cas=110-01-0	modality=uvvis	url=https://webbook.nist.gov/cgi/cbook.cgi?JCAMP=C110010&Index=1&Type=UVVis	reason=download_http_404	message=
2026-07-03 03:24:34	cid=1127	cas=110-01-0	modality=uvvis	url=https://webbook.nist.gov/cgi/cbook.cgi?JCAMP=C110010&Index=2&Type=UVVis	reason=download_http_404	message=
2026-07-03 03:24:35	cid=1127	cas=110-01-0	modality=uvvis	url=https://webbook.nist.gov/cgi/cbook.cgi?JCAMP=C110010&Index=3&Type=UVVis	reason=download_http_404	message=
2026-07-03 03:24:35	cid=1127	cas=110-01-0	modality=uvvis	url=https://webbook.nist.gov/cgi/cbook.cgi?JCAMP=C110010&Index=4&Type=UVVis	reason=download_http_404	message=
2026-07-03 03:24:35	cid=1127	cas=110-01-0	modality=uvvis	url=https://webbook.nist.gov/cgi/cbook.cgi?JCAMP=C110010&Index=5&Type=UVVis	reason=download_http_404	message=
2026-07-03 03:24:46	cid=1127	cas=110-01-0	modality=uvvis	url=https://webbook.nist.gov/cgi/cbook.cgi?JCAMP=C110010&Index=6&Type=UVVis	reason=download_http_404	message=
2026-07-03 03:24:46	cid=1127	cas=110-01-0	modality=uvvis	url=https://webbook.nist.gov/cgi/cbook.cgi?JCAMP=C110010&Index=7&Type=UVVis	reason=download_http_404	message=
2026-07-03 03:24:47	cid=1127	cas=110-01-0	modality=uvvis	url=https://webbook.nist.gov/cgi/cbook.cgi?JCAMP=C110010&Index=8&Type=UVVis	reason=download_http_404	message=
2026-07-03 03:24:47	cid=1127	cas=110-01-0	modality=uvvis	url=https://webbook.nist.gov/cgi/cbook.cgi?JCAMP=C110010&Index=9&Type=UVVis	reason=download_http_404	message=
2026-07-03 03:24:47	cid=1127	cas=110-01-0	modality=	url=https://webbook.nist.gov/cgi/cbook.cgi?ID=110-01-0&Units=SI&Mask=480	reason=all_jcamp_downloads_failed	message=uvvis:download_http_404;uvvis:download_http_404;uvvis:download_http_404;uvvis:download_http_404;uvvis:download_http_404;uvvis:download_http_404;uvvis:download_http_404;uvvis:download_http_404;uvvis:download_http_404
2026-07-03 03:24:47	cid=1128	cas=1600-44-8	modality=	url=https://webbook.nist.gov/cgi/cbook.cgi?ID=1600-44-8&Units=SI&Mask=480	reason=no_jcamp_links	message=
2026-07-03 03:24:48	cid=1130	cas=59-43-8	modality=	url=https://webbook.nist.gov/cgi/cbook.cgi?ID=59-43-8&Units=SI&Mask=480	reason=nist_not_found	message=
2026-07-03 03:24:48	cid=1131	cas=10023-48-0	modality=	url=https://webbook.nist.gov/cgi/cbook.cgi?ID=10023-48-0&Units=SI&Mask=480	reason=nist_not_found	message=
2026-07-03 03:24:49	cid=1132	cas=136-08-3	modality=	url=https://webbook.nist.gov/cgi/cbook.cgi?ID=136-08-3&Units=SI&Mask=480	reason=nist_not_found	message=
2026-07-03 03:24:50	cid=1133	cas=68-11-1	modality=ir	url=https://webbook.nist.gov/cgi/cbook.cgi?JCAMP=C68111&Index=1&Type=IR	reason=download_http_404	message=
2026-07-03 03:24:54	cid=1133	cas=68-11-1	modality=ir	url=https://webbook.nist.gov/cgi/cbook.cgi?JCAMP=C68111&Index=2&Type=IR	reason=download_http_404	message=
2026-07-03 03:24:54	cid=1133	cas=68-11-1	modality=ir	url=https://webbook.nist.gov/cgi/cbook.cgi?JCAMP=C68111&Index=3&Type=IR	reason=download_http_404	message=
2026-07-03 03:24:58	cid=1133	cas=68-11-1	modality=ir	url=https://webbook.nist.gov/cgi/cbook.cgi?JCAMP=C68111&Index=4&Type=IR	reason=download_http_404	message=
2026-07-03 03:25:02	cid=1133	cas=68-11-1	modality=ir	url=https://webbook.nist.gov/cgi/cbook.cgi?JCAMP=C68111&Index=5&Type=IR	reason=download_http_404	message=
2026-07-03 03:25:03	cid=1133	cas=68-11-1	modality=ir	url=https://webbook.nist.gov/cgi/cbook.cgi?JCAMP=C68111&Index=6&Type=IR	reason=download_http_404	message=
2026-07-03 03:25:07	cid=1133	cas=68-11-1	modality=ir	url=https://webbook.nist.gov/cgi/cbook.cgi?JCAMP=C68111&Index=7&Type=IR	reason=download_http_404	message=
2026-07-03 03:25:11	cid=1133	cas=68-11-1	modality=ir	url=https://webbook.nist.gov/cgi/cbook.cgi?JCAMP=C68111&Index=8&Type=IR	reason=download_http_404	message=
2026-07-03 03:25:11	cid=1133	cas=68-11-1	modality=ir	url=https://webbook.nist.gov/cgi/cbook.cgi?JCAMP=C68111&Index=9&Type=IR	reason=download_http_404	message=
2026-07-03 03:25:11	cid=1133	cas=68-11-1	modality=	url=https://webbook.nist.gov/cgi/cbook.cgi?ID=68-11-1&Units=SI&Mask=480	reason=all_jcamp_downloads_failed	message=ir:download_http_404;ir:download_http_404;ir:download_http_404;ir:download_http_404;ir:download_http_404;ir:download_http_404;ir:download_http_404;ir:download_http_404;ir:download_http_404
2026-07-03 03:25:12	cid=1134	cas=3034319-25-7	modality=	url=https://webbook.nist.gov/cgi/cbook.cgi?ID=3034319-25-7&Units=SI&Mask=480	reason=nist_not_found	message=
2026-07-03 03:25:13	cid=1135	cas=65-71-4	modality=ir	url=https://webbook.nist.gov/cgi/cbook.cgi?JCAMP=C65714&Index=1&Type=IR	reason=download_http_404	message=
2026-07-03 03:25:13	cid=1135	cas=65-71-4	modality=ir	url=https://webbook.nist.gov/cgi/cbook.cgi?JCAMP=C65714&Index=2&Type=IR	reason=download_http_404	message=
2026-07-03 03:25:13	cid=1135	cas=65-71-4	modality=ir	url=https://webbook.nist.gov/cgi/cbook.cgi?JCAMP=C65714&Index=3&Type=IR	reason=download_http_404	message=
2026-07-03 03:25:24	cid=1135	cas=65-71-4	modality=ir	url=https://webbook.nist.gov/cgi/cbook.cgi?JCAMP=C65714&Index=4&Type=IR	reason=download_http_404	message=
2026-07-03 03:25:24	cid=1135	cas=65-71-4	modality=ir	url=https://webbook.nist.gov/cgi/cbook.cgi?JCAMP=C65714&Index=5&Type=IR	reason=download_http_404	message=
2026-07-03 03:25:24	cid=1135	cas=65-71-4	modality=ir	url=https://webbook.nist.gov/cgi/cbook.cgi?JCAMP=C65714&Index=6&Type=IR	reason=download_http_404	message=
2026-07-03 03:25:25	cid=1135	cas=65-71-4	modality=ir	url=https://webbook.nist.gov/cgi/cbook.cgi?JCAMP=C65714&Index=7&Type=IR	reason=download_http_404	message=
2026-07-03 03:25:25	cid=1135	cas=65-71-4	modality=ir	url=https://webbook.nist.gov/cgi/cbook.cgi?JCAMP=C65714&Index=8&Type=IR	reason=download_http_404	message=
2026-07-03 03:25:35	cid=1135	cas=65-71-4	modality=ir	url=https://webbook.nist.gov/cgi/cbook.cgi?JCAMP=C65714&Index=9&Type=IR	reason=download_http_404	message=
2026-07-03 03:25:36	cid=1135	cas=65-71-4	modality=uvvis	url=https://webbook.nist.gov/cgi/cbook.cgi?JCAMP=C65714&Index=1&Type=UVVis	reason=download_http_404	message=
2026-07-03 03:25:36	cid=1135	cas=65-71-4	modality=uvvis	url=https://webbook.nist.gov/cgi/cbook.cgi?JCAMP=C65714&Index=2&Type=UVVis	reason=download_http_404	message=
2026-07-03 03:25:37	cid=1135	cas=65-71-4	modality=uvvis	url=https://webbook.nist.gov/cgi/cbook.cgi?JCAMP=C65714&Index=3&Type=UVVis	reason=download_http_404	message=
2026-07-03 03:25:37	cid=1135	cas=65-71-4	modality=uvvis	url=https://webbook.nist.gov/cgi/cbook.cgi?JCAMP=C65714&Index=4&Type=UVVis	reason=download_http_404	message=
2026-07-03 03:25:47	cid=1135	cas=65-71-4	modality=uvvis	url=https://webbook.nist.gov/cgi/cbook.cgi?JCAMP=C65714&Index=5&Type=UVVis	reason=download_http_404	message=
2026-07-03 03:25:48	cid=1135	cas=65-71-4	modality=uvvis	url=https://webbook.nist.gov/cgi/cbook.cgi?JCAMP=C65714&Index=6&Type=UVVis	reason=download_http_404	message=
2026-07-03 03:25:48	cid=1135	cas=65-71-4	modality=uvvis	url=https://webbook.nist.gov/cgi/cbook.cgi?JCAMP=C65714&Index=7&Type=UVVis	reason=download_http_404	message=
2026-07-03 03:25:48	cid=1135	cas=65-71-4	modality=uvvis	url=https://webbook.nist.gov/cgi/cbook.cgi?JCAMP=C65714&Index=8&Type=UVVis	reason=download_http_404	message=
2026-07-03 03:25:49	cid=1135	cas=65-71-4	modality=uvvis	url=https://webbook.nist.gov/cgi/cbook.cgi?JCAMP=C65714&Index=9&Type=UVVis	reason=download_http_404	message=
2026-07-03 03:25:49	cid=1135	cas=65-71-4	modality=	url=https://webbook.nist.gov/cgi/cbook.cgi?ID=65-71-4&Units=SI&Mask=480	reason=all_jcamp_downloads_failed	message=ir:download_http_404;ir:download_http_404;ir:download_http_404;ir:download_http_404;ir:download_http_404;ir:download_http_404;ir:download_http_404;ir:download_http_404;ir:download_http_404;uvvis:download_http_404;uvvis:download_http_404;uvvis:download_http_404;uvvis:download_http_404;uvvis:download_http_404;uvvis:download_http_404;uvvis:download_http_404;uvvis:download_http_404;uvvis:download_http_404
2026-07-03 03:25:49	cid=1136	cas=137-00-8	modality=	url=https://webbook.nist.gov/cgi/cbook.cgi?ID=137-00-8&Units=SI&Mask=480	reason=no_jcamp_links	message=
2026-07-03 03:25:50	cid=1137	cas=3269-79-2	modality=	url=https://webbook.nist.gov/cgi/cbook.cgi?ID=3269-79-2&Units=SI&Mask=480	reason=nist_not_found	message=
2026-07-03 03:25:50	cid=1139	cas=	modality=	url=	reason=not_found	message=no_cas_in_synonyms
2026-07-03 03:25:55	cid=1140	cas=108-88-3	modality=ir	url=https://webbook.nist.gov/cgi/cbook.cgi?JCAMP=C1124181&Index=0&Type=IR	reason=download_http_404	message=
2026-07-03 03:25:55	cid=1140	cas=108-88-3	modality=ir	url=https://webbook.nist.gov/cgi/cbook.cgi?JCAMP=C1124181&Index=1&Type=IR	reason=download_http_404	message=
2026-07-03 03:25:55	cid=1140	cas=108-88-3	modality=ir	url=https://webbook.nist.gov/cgi/cbook.cgi?JCAMP=C1124181&Index=2&Type=IR	reason=download_http_404	message=
2026-07-03 03:26:06	cid=1140	cas=108-88-3	modality=ir	url=https://webbook.nist.gov/cgi/cbook.cgi?JCAMP=C1124181&Index=3&Type=IR	reason=download_http_404	message=
2026-07-03 03:26:06	cid=1140	cas=108-88-3	modality=ir	url=https://webbook.nist.gov/cgi/cbook.cgi?JCAMP=C1124181&Index=4&Type=IR	reason=download_http_404	message=
2026-07-03 03:26:06	cid=1140	cas=108-88-3	modality=ir	url=https://webbook.nist.gov/cgi/cbook.cgi?JCAMP=C1124181&Index=5&Type=IR	reason=download_http_404	message=
2026-07-03 03:26:07	cid=1140	cas=108-88-3	modality=ir	url=https://webbook.nist.gov/cgi/cbook.cgi?JCAMP=C1124181&Index=6&Type=IR	reason=download_http_404	message=
2026-07-03 03:26:07	cid=1140	cas=108-88-3	modality=ir	url=https://webbook.nist.gov/cgi/cbook.cgi?JCAMP=C1124181&Index=7&Type=IR	reason=download_http_404	message=
2026-07-03 03:26:17	cid=1140	cas=108-88-3	modality=ir	url=https://webbook.nist.gov/cgi/cbook.cgi?JCAMP=C1124181&Index=8&Type=IR	reason=download_http_404	message=
2026-07-03 03:26:18	cid=1140	cas=108-88-3	modality=ir	url=https://webbook.nist.gov/cgi/cbook.cgi?JCAMP=C1124181&Index=9&Type=IR	reason=download_http_404	message=
2026-07-03 03:26:18	cid=1140	cas=108-88-3	modality=uvvis	url=https://webbook.nist.gov/cgi/cbook.cgi?JCAMP=C1124181&Index=0&Type=UVVis	reason=download_http_404	message=
2026-07-03 03:26:18	cid=1140	cas=108-88-3	modality=uvvis	url=https://webbook.nist.gov/cgi/cbook.cgi?JCAMP=C1124181&Index=1&Type=UVVis	reason=download_http_404	message=
2026-07-03 03:26:19	cid=1140	cas=108-88-3	modality=uvvis	url=https://webbook.nist.gov/cgi/cbook.cgi?JCAMP=C1124181&Index=2&Type=UVVis	reason=download_http_404	message=
2026-07-03 03:26:29	cid=1140	cas=108-88-3	modality=uvvis	url=https://webbook.nist.gov/cgi/cbook.cgi?JCAMP=C1124181&Index=3&Type=UVVis	reason=download_http_404	message=
2026-07-03 03:26:29	cid=1140	cas=108-88-3	modality=uvvis	url=https://webbook.nist.gov/cgi/cbook.cgi?JCAMP=C1124181&Index=4&Type=UVVis	reason=download_http_404	message=
2026-07-03 03:26:30	cid=1140	cas=108-88-3	modality=uvvis	url=https://webbook.nist.gov/cgi/cbook.cgi?JCAMP=C1124181&Index=5&Type=UVVis	reason=download_http_404	message=
2026-07-03 03:26:30	cid=1140	cas=108-88-3	modality=uvvis	url=https://webbook.nist.gov/cgi/cbook.cgi?JCAMP=C1124181&Index=6&Type=UVVis	reason=download_http_404	message=
2026-07-03 03:26:30	cid=1140	cas=108-88-3	modality=uvvis	url=https://webbook.nist.gov/cgi/cbook.cgi?JCAMP=C1124181&Index=7&Type=UVVis	reason=download_http_404	message=
2026-07-03 03:26:41	cid=1140	cas=108-88-3	modality=uvvis	url=https://webbook.nist.gov/cgi/cbook.cgi?JCAMP=C1124181&Index=8&Type=UVVis	reason=download_http_404	message=
2026-07-03 03:26:41	cid=1140	cas=108-88-3	modality=uvvis	url=https://webbook.nist.gov/cgi/cbook.cgi?JCAMP=C1124181&Index=9&Type=UVVis	reason=download_http_404	message=
2026-07-03 03:26:41	cid=1140	cas=108-88-3	modality=	url=https://webbook.nist.gov/cgi/cbook.cgi?ID=108-88-3&Units=SI&Mask=480	reason=all_jcamp_downloads_failed	message=ir:download_http_404;ir:download_http_404;ir:download_http_404;ir:download_http_404;ir:download_http_404;ir:download_http_404;ir:download_http_404;ir:download_http_404;ir:download_http_404;ir:download_http_404;uvvis:download_http_404;uvvis:download_http_404;uvvis:download_http_404;uvvis:download_http_404;uvvis:download_http_404;uvvis:download_http_404;uvvis:download_http_404;uvvis:download_http_404;uvvis:download_http_404;uvvis:download_http_404
2026-07-03 03:26:41	cid=1141	cas=	modality=	url=	reason=not_found	message=no_cas_in_synonyms
2026-07-03 03:26:42	cid=1143	cas=1174299-27-4	modality=	url=https://webbook.nist.gov/cgi/cbook.cgi?ID=1174299-27-4&Units=SI&Mask=480	reason=nist_not_found	message=
2026-07-03 03:26:42	cid=1144	cas=10196-10-8	modality=	url=https://webbook.nist.gov/cgi/cbook.cgi?ID=10196-10-8&Units=SI&Mask=480	reason=nist_not_found	message=
2026-07-03 03:26:43	cid=1145	cas=1184-78-7	modality=	url=https://webbook.nist.gov/cgi/cbook.cgi?ID=1184-78-7&Units=SI&Mask=480	reason=no_jcamp_links	message=
2026-07-03 03:26:44	cid=1146	cas=75-50-3	modality=ir	url=https://webbook.nist.gov/cgi/cbook.cgi?JCAMP=C75503&Index=2&Type=IR	reason=download_http_404	message=
2026-07-03 03:26:44	cid=1146	cas=75-50-3	modality=ir	url=https://webbook.nist.gov/cgi/cbook.cgi?JCAMP=C75503&Index=3&Type=IR	reason=download_http_404	message=
2026-07-03 03:26:44	cid=1146	cas=75-50-3	modality=ir	url=https://webbook.nist.gov/cgi/cbook.cgi?JCAMP=C75503&Index=4&Type=IR	reason=download_http_404	message=
2026-07-03 03:26:55	cid=1146	cas=75-50-3	modality=ir	url=https://webbook.nist.gov/cgi/cbook.cgi?JCAMP=C75503&Index=5&Type=IR	reason=download_http_404	message=
2026-07-03 03:26:55	cid=1146	cas=75-50-3	modality=ir	url=https://webbook.nist.gov/cgi/cbook.cgi?JCAMP=C75503&Index=6&Type=IR	reason=download_http_404	message=
2026-07-03 03:26:55	cid=1146	cas=75-50-3	modality=ir	url=https://webbook.nist.gov/cgi/cbook.cgi?JCAMP=C75503&Index=7&Type=IR	reason=download_http_404	message=
2026-07-03 03:26:56	cid=1146	cas=75-50-3	modality=ir	url=https://webbook.nist.gov/cgi/cbook.cgi?JCAMP=C75503&Index=8&Type=IR	reason=download_http_404	message=
2026-07-03 03:26:56	cid=1146	cas=75-50-3	modality=ir	url=https://webbook.nist.gov/cgi/cbook.cgi?JCAMP=C75503&Index=9&Type=IR	reason=download_http_404	message=
2026-07-03 03:26:56	cid=1146	cas=75-50-3	modality=	url=https://webbook.nist.gov/cgi/cbook.cgi?ID=75-50-3&Units=SI&Mask=480	reason=all_jcamp_downloads_failed	message=ir:download_http_404;ir:download_http_404;ir:download_http_404;ir:download_http_404;ir:download_http_404;ir:download_http_404;ir:download_http_404;ir:download_http_404
2026-07-03 03:26:57	cid=1147	cas=676-84-6	modality=	url=https://webbook.nist.gov/cgi/cbook.cgi?ID=676-84-6&Units=SI&Mask=480	reason=nist_not_found	message=
2026-07-03 03:27:01	cid=1148	cas=54-12-6	modality=uvvis	url=https://webbook.nist.gov/cgi/cbook.cgi?JCAMP=C73223&Index=0&Type=UVVis	reason=download_http_404	message=
2026-07-03 03:27:02	cid=1148	cas=54-12-6	modality=uvvis	url=https://webbook.nist.gov/cgi/cbook.cgi?JCAMP=C73223&Index=1&Type=UVVis	reason=download_http_404	message=
2026-07-03 03:27:02	cid=1148	cas=54-12-6	modality=uvvis	url=https://webbook.nist.gov/cgi/cbook.cgi?JCAMP=C73223&Index=2&Type=UVVis	reason=download_http_404	message=
2026-07-03 03:27:12	cid=1148	cas=54-12-6	modality=uvvis	url=https://webbook.nist.gov/cgi/cbook.cgi?JCAMP=C73223&Index=3&Type=UVVis	reason=download_http_404	message=
2026-07-03 03:27:13	cid=1148	cas=54-12-6	modality=uvvis	url=https://webbook.nist.gov/cgi/cbook.cgi?JCAMP=C73223&Index=4&Type=UVVis	reason=download_http_404	message=
2026-07-03 03:27:13	cid=1148	cas=54-12-6	modality=uvvis	url=https://webbook.nist.gov/cgi/cbook.cgi?JCAMP=C73223&Index=5&Type=UVVis	reason=download_http_404	message=
2026-07-03 03:27:13	cid=1148	cas=54-12-6	modality=uvvis	url=https://webbook.nist.gov/cgi/cbook.cgi?JCAMP=C73223&Index=6&Type=UVVis	reason=download_http_404	message=
2026-07-03 03:27:14	cid=1148	cas=54-12-6	modality=uvvis	url=https://webbook.nist.gov/cgi/cbook.cgi?JCAMP=C73223&Index=7&Type=UVVis	reason=download_http_404	message=
2026-07-03 03:27:24	cid=1148	cas=54-12-6	modality=uvvis	url=https://webbook.nist.gov/cgi/cbook.cgi?JCAMP=C73223&Index=8&Type=UVVis	reason=download_http_404	message=
2026-07-03 03:27:24	cid=1148	cas=54-12-6	modality=uvvis	url=https://webbook.nist.gov/cgi/cbook.cgi?JCAMP=C73223&Index=9&Type=UVVis	reason=download_http_404	message=
2026-07-03 03:27:24	cid=1148	cas=54-12-6	modality=	url=https://webbook.nist.gov/cgi/cbook.cgi?ID=54-12-6&Units=SI&Mask=480	reason=all_jcamp_downloads_failed	message=uvvis:download_http_404;uvvis:download_http_404;uvvis:download_http_404;uvvis:download_http_404;uvvis:download_http_404;uvvis:download_http_404;uvvis:download_http_404;uvvis:download_http_404;uvvis:download_http_404;uvvis:download_http_404
2026-07-03 03:27:25	cid=1149	cas=	modality=	url=	reason=not_found	message=pubchem_synonyms_404
2026-07-03 03:27:25	cid=1150	cas=61-54-1	modality=	url=https://webbook.nist.gov/cgi/cbook.cgi?ID=61-54-1&Units=SI&Mask=480	reason=no_jcamp_links	message=
2026-07-03 03:27:26	cid=1151	cas=27821-54-1	modality=	url=https://webbook.nist.gov/cgi/cbook.cgi?ID=27821-54-1&Units=SI&Mask=480	reason=nist_not_found	message=
2026-07-03 03:27:26	cid=1153	cas=556-03-6	modality=	url=https://webbook.nist.gov/cgi/cbook.cgi?ID=556-03-6&Units=SI&Mask=480	reason=no_jcamp_links	message=
2026-07-03 03:27:27	cid=1155	cas=	modality=	url=	reason=not_found	message=pubchem_synonyms_404
2026-07-03 03:27:27	cid=1157	cas=	modality=	url=	reason=not_found	message=pubchem_synonyms_404
2026-07-03 03:27:27	cid=1158	cas=	modality=	url=	reason=not_found	message=no_cas_in_synonyms
2026-07-03 03:27:27	cid=1162	cas=	modality=	url=	reason=not_found	message=pubchem_synonyms_404
2026-07-03 03:27:27	cid=1163	cas=	modality=	url=	reason=not_found	message=no_cas_in_synonyms
2026-07-03 03:27:28	cid=1164	cas=	modality=	url=	reason=not_found	message=pubchem_synonyms_404
2026-07-03 03:27:28	cid=1165	cas=	modality=	url=	reason=not_found	message=no_cas_in_synonyms
2026-07-03 03:27:28	cid=1166	cas=16414-46-3	modality=	url=https://webbook.nist.gov/cgi/cbook.cgi?ID=16414-46-3&Units=SI&Mask=480	reason=nist_not_found	message=
2026-07-03 03:27:29	cid=1167	cas=26575-17-7	modality=	url=https://webbook.nist.gov/cgi/cbook.cgi?ID=26575-17-7&Units=SI&Mask=480	reason=nist_not_found	message=
2026-07-03 03:27:29	cid=1168	cas=	modality=	url=	reason=not_found	message=pubchem_synonyms_404
2026-07-03 03:27:29	cid=1169	cas=	modality=	url=	reason=not_found	message=no_cas_in_synonyms
2026-07-03 03:27:29	cid=1171	cas=	modality=	url=	reason=not_found	message=pubchem_synonyms_404
2026-07-03 03:27:30	cid=1172	cas=28086-43-3	modality=	url=https://webbook.nist.gov/cgi/cbook.cgi?ID=28086-43-3&Units=SI&Mask=480	reason=nist_not_found	message=
2026-07-03 03:27:31	cid=1174	cas=66-22-8	modality=ir	url=https://webbook.nist.gov/cgi/cbook.cgi?JCAMP=C66228&Index=3&Type=IR	reason=download_http_404	message=
2026-07-03 03:27:31	cid=1174	cas=66-22-8	modality=ir	url=https://webbook.nist.gov/cgi/cbook.cgi?JCAMP=C66228&Index=4&Type=IR	reason=download_http_404	message=
2026-07-03 03:27:32	cid=1174	cas=66-22-8	modality=ir	url=https://webbook.nist.gov/cgi/cbook.cgi?JCAMP=C66228&Index=5&Type=IR	reason=download_http_404	message=
2026-07-03 03:27:32	cid=1174	cas=66-22-8	modality=ir	url=https://webbook.nist.gov/cgi/cbook.cgi?JCAMP=C66228&Index=6&Type=IR	reason=download_http_404	message=
2026-07-03 03:27:32	cid=1174	cas=66-22-8	modality=ir	url=https://webbook.nist.gov/cgi/cbook.cgi?JCAMP=C66228&Index=7&Type=IR	reason=download_http_404	message=
2026-07-03 03:27:43	cid=1174	cas=66-22-8	modality=ir	url=https://webbook.nist.gov/cgi/cbook.cgi?JCAMP=C66228&Index=8&Type=IR	reason=download_http_404	message=
2026-07-03 03:27:43	cid=1174	cas=66-22-8	modality=ir	url=https://webbook.nist.gov/cgi/cbook.cgi?JCAMP=C66228&Index=9&Type=IR	reason=download_http_404	message=
2026-07-03 03:27:43	cid=1174	cas=66-22-8	modality=uvvis	url=https://webbook.nist.gov/cgi/cbook.cgi?JCAMP=C66228&Index=1&Type=UVVis	reason=download_http_404	message=
2026-07-03 03:27:44	cid=1174	cas=66-22-8	modality=uvvis	url=https://webbook.nist.gov/cgi/cbook.cgi?JCAMP=C66228&Index=2&Type=UVVis	reason=download_http_404	message=
2026-07-03 03:27:44	cid=1174	cas=66-22-8	modality=uvvis	url=https://webbook.nist.gov/cgi/cbook.cgi?JCAMP=C66228&Index=3&Type=UVVis	reason=download_http_404	message=
2026-07-03 03:27:54	cid=1174	cas=66-22-8	modality=uvvis	url=https://webbook.nist.gov/cgi/cbook.cgi?JCAMP=C66228&Index=4&Type=UVVis	reason=download_http_404	message=
2026-07-03 03:27:55	cid=1174	cas=66-22-8	modality=uvvis	url=https://webbook.nist.gov/cgi/cbook.cgi?JCAMP=C66228&Index=5&Type=UVVis	reason=download_http_404	message=
2026-07-03 03:27:55	cid=1174	cas=66-22-8	modality=uvvis	url=https://webbook.nist.gov/cgi/cbook.cgi?JCAMP=C66228&Index=6&Type=UVVis	reason=download_http_404	message=
2026-07-03 03:27:55	cid=1174	cas=66-22-8	modality=uvvis	url=https://webbook.nist.gov/cgi/cbook.cgi?JCAMP=C66228&Index=7&Type=UVVis	reason=download_http_404	message=
2026-07-03 03:27:56	cid=1174	cas=66-22-8	modality=uvvis	url=https://webbook.nist.gov/cgi/cbook.cgi?JCAMP=C66228&Index=8&Type=UVVis	reason=download_http_404	message=
2026-07-03 03:28:06	cid=1174	cas=66-22-8	modality=uvvis	url=https://webbook.nist.gov/cgi/cbook.cgi?JCAMP=C66228&Index=9&Type=UVVis	reason=download_http_404	message=
2026-07-03 03:28:06	cid=1174	cas=66-22-8	modality=	url=https://webbook.nist.gov/cgi/cbook.cgi?ID=66-22-8&Units=SI&Mask=480	reason=all_jcamp_downloads_failed	message=ir:download_http_404;ir:download_http_404;ir:download_http_404;ir:download_http_404;ir:download_http_404;ir:download_http_404;ir:download_http_404;uvvis:download_http_404;uvvis:download_http_404;uvvis:download_http_404;uvvis:download_http_404;uvvis:download_http_404;uvvis:download_http_404;uvvis:download_http_404;uvvis:download_http_404;uvvis:download_http_404
2026-07-03 03:28:07	cid=1175	cas=69-93-2	modality=ir	url=https://webbook.nist.gov/cgi/cbook.cgi?JCAMP=C69932&Index=1&Type=IR	reason=download_http_404	message=
2026-07-03 03:28:07	cid=1175	cas=69-93-2	modality=ir	url=https://webbook.nist.gov/cgi/cbook.cgi?JCAMP=C69932&Index=2&Type=IR	reason=download_http_404	message=
2026-07-03 03:28:08	cid=1175	cas=69-93-2	modality=ir	url=https://webbook.nist.gov/cgi/cbook.cgi?JCAMP=C69932&Index=3&Type=IR	reason=download_http_404	message=
2026-07-03 03:28:08	cid=1175	cas=69-93-2	modality=ir	url=https://webbook.nist.gov/cgi/cbook.cgi?JCAMP=C69932&Index=4&Type=IR	reason=download_http_404	message=
2026-07-03 03:28:18	cid=1175	cas=69-93-2	modality=ir	url=https://webbook.nist.gov/cgi/cbook.cgi?JCAMP=C69932&Index=5&Type=IR	reason=download_http_404	message=
2026-07-03 03:28:19	cid=1175	cas=69-93-2	modality=ir	url=https://webbook.nist.gov/cgi/cbook.cgi?JCAMP=C69932&Index=6&Type=IR	reason=download_http_404	message=
2026-07-03 03:28:19	cid=1175	cas=69-93-2	modality=ir	url=https://webbook.nist.gov/cgi/cbook.cgi?JCAMP=C69932&Index=7&Type=IR	reason=download_http_404	message=
2026-07-03 03:28:19	cid=1175	cas=69-93-2	modality=ir	url=https://webbook.nist.gov/cgi/cbook.cgi?JCAMP=C69932&Index=8&Type=IR	reason=download_http_404	message=
2026-07-03 03:28:20	cid=1175	cas=69-93-2	modality=ir	url=https://webbook.nist.gov/cgi/cbook.cgi?JCAMP=C69932&Index=9&Type=IR	reason=download_http_404	message=
2026-07-03 03:28:30	cid=1175	cas=69-93-2	modality=uvvis	url=https://webbook.nist.gov/cgi/cbook.cgi?JCAMP=C69932&Index=1&Type=UVVis	reason=download_http_404	message=
2026-07-03 03:28:30	cid=1175	cas=69-93-2	modality=uvvis	url=https://webbook.nist.gov/cgi/cbook.cgi?JCAMP=C69932&Index=2&Type=UVVis	reason=download_http_404	message=
2026-07-03 03:28:31	cid=1175	cas=69-93-2	modality=uvvis	url=https://webbook.nist.gov/cgi/cbook.cgi?JCAMP=C69932&Index=3&Type=UVVis	reason=download_http_404	message=
2026-07-03 03:28:31	cid=1175	cas=69-93-2	modality=uvvis	url=https://webbook.nist.gov/cgi/cbook.cgi?JCAMP=C69932&Index=4&Type=UVVis	reason=download_http_404	message=
2026-07-03 03:28:31	cid=1175	cas=69-93-2	modality=uvvis	url=https://webbook.nist.gov/cgi/cbook.cgi?JCAMP=C69932&Index=5&Type=UVVis	reason=download_http_404	message=
2026-07-03 03:28:42	cid=1175	cas=69-93-2	modality=uvvis	url=https://webbook.nist.gov/cgi/cbook.cgi?JCAMP=C69932&Index=6&Type=UVVis	reason=download_http_404	message=
2026-07-03 03:28:42	cid=1175	cas=69-93-2	modality=uvvis	url=https://webbook.nist.gov/cgi/cbook.cgi?JCAMP=C69932&Index=7&Type=UVVis	reason=download_http_404	message=
2026-07-03 03:28:42	cid=1175	cas=69-93-2	modality=uvvis	url=https://webbook.nist.gov/cgi/cbook.cgi?JCAMP=C69932&Index=8&Type=UVVis	reason=download_http_404	message=
2026-07-03 03:28:43	cid=1175	cas=69-93-2	modality=uvvis	url=https://webbook.nist.gov/cgi/cbook.cgi?JCAMP=C69932&Index=9&Type=UVVis	reason=download_http_404	message=
2026-07-03 03:28:43	cid=1175	cas=69-93-2	modality=	url=https://webbook.nist.gov/cgi/cbook.cgi?ID=69-93-2&Units=SI&Mask=480	reason=all_jcamp_downloads_failed	message=ir:download_http_404;ir:download_http_404;ir:download_http_404;ir:download_http_404;ir:download_http_404;ir:download_http_404;ir:download_http_404;ir:download_http_404;ir:download_http_404;uvvis:download_http_404;uvvis:download_http_404;uvvis:download_http_404;uvvis:download_http_404;uvvis:download_http_404;uvvis:download_http_404;uvvis:download_http_404;uvvis:download_http_404;uvvis:download_http_404
2026-07-03 03:28:44	cid=1176	cas=57-13-6	modality=ir	url=https://webbook.nist.gov/cgi/cbook.cgi?JCAMP=C57136&Index=2&Type=IR	reason=download_http_404	message=
2026-07-03 03:28:48	cid=1176	cas=57-13-6	modality=ir	url=https://webbook.nist.gov/cgi/cbook.cgi?JCAMP=C57136&Index=3&Type=IR	reason=download_http_404	message=
2026-07-03 03:28:48	cid=1176	cas=57-13-6	modality=ir	url=https://webbook.nist.gov/cgi/cbook.cgi?JCAMP=C57136&Index=4&Type=IR	reason=download_http_404	message=
2026-07-03 03:28:52	cid=1176	cas=57-13-6	modality=ir	url=https://webbook.nist.gov/cgi/cbook.cgi?JCAMP=C57136&Index=5&Type=IR	reason=download_http_404	message=
2026-07-03 03:28:56	cid=1176	cas=57-13-6	modality=ir	url=https://webbook.nist.gov/cgi/cbook.cgi?JCAMP=C57136&Index=6&Type=IR	reason=download_http_404	message=
2026-07-03 03:28:56	cid=1176	cas=57-13-6	modality=ir	url=https://webbook.nist.gov/cgi/cbook.cgi?JCAMP=C57136&Index=7&Type=IR	reason=download_http_404	message=
2026-07-03 03:29:01	cid=1176	cas=57-13-6	modality=ir	url=https://webbook.nist.gov/cgi/cbook.cgi?JCAMP=C57136&Index=8&Type=IR	reason=download_http_404	message=
2026-07-03 03:29:05	cid=1176	cas=57-13-6	modality=ir	url=https://webbook.nist.gov/cgi/cbook.cgi?JCAMP=C57136&Index=9&Type=IR	reason=download_http_404	message=
2026-07-03 03:29:05	cid=1176	cas=57-13-6	modality=uvvis	url=https://webbook.nist.gov/cgi/cbook.cgi?JCAMP=C57136&Index=1&Type=UVVis	reason=download_http_404	message=
2026-07-03 03:29:09	cid=1176	cas=57-13-6	modality=uvvis	url=https://webbook.nist.gov/cgi/cbook.cgi?JCAMP=C57136&Index=2&Type=UVVis	reason=download_http_404	message=
2026-07-03 03:29:13	cid=1176	cas=57-13-6	modality=uvvis	url=https://webbook.nist.gov/cgi/cbook.cgi?JCAMP=C57136&Index=3&Type=UVVis	reason=download_http_404	message=
2026-07-03 03:29:13	cid=1176	cas=57-13-6	modality=uvvis	url=https://webbook.nist.gov/cgi/cbook.cgi?JCAMP=C57136&Index=4&Type=UVVis	reason=download_http_404	message=
2026-07-03 03:29:17	cid=1176	cas=57-13-6	modality=uvvis	url=https://webbook.nist.gov/cgi/cbook.cgi?JCAMP=C57136&Index=5&Type=UVVis	reason=download_http_404	message=
2026-07-03 03:29:22	cid=1176	cas=57-13-6	modality=uvvis	url=https://webbook.nist.gov/cgi/cbook.cgi?JCAMP=C57136&Index=6&Type=UVVis	reason=download_http_404	message=
2026-07-03 03:29:22	cid=1176	cas=57-13-6	modality=uvvis	url=https://webbook.nist.gov/cgi/cbook.cgi?JCAMP=C57136&Index=7&Type=UVVis	reason=download_http_404	message=
2026-07-03 03:29:26	cid=1176	cas=57-13-6	modality=uvvis	url=https://webbook.nist.gov/cgi/cbook.cgi?JCAMP=C57136&Index=8&Type=UVVis	reason=download_http_404	message=
2026-07-03 03:29:30	cid=1176	cas=57-13-6	modality=uvvis	url=https://webbook.nist.gov/cgi/cbook.cgi?JCAMP=C57136&Index=9&Type=UVVis	reason=download_http_404	message=
2026-07-03 03:29:30	cid=1176	cas=57-13-6	modality=	url=https://webbook.nist.gov/cgi/cbook.cgi?ID=57-13-6&Units=SI&Mask=480	reason=all_jcamp_downloads_failed	message=ir:download_http_404;ir:download_http_404;ir:download_http_404;ir:download_http_404;ir:download_http_404;ir:download_http_404;ir:download_http_404;ir:download_http_404;uvvis:download_http_404;uvvis:download_http_404;uvvis:download_http_404;uvvis:download_http_404;uvvis:download_http_404;uvvis:download_http_404;uvvis:download_http_404;uvvis:download_http_404;uvvis:download_http_404
2026-07-03 03:29:30	cid=1177	cas=40436-51-9	modality=	url=https://webbook.nist.gov/cgi/cbook.cgi?ID=40436-51-9&Units=SI&Mask=480	reason=nist_not_found	message=
2026-07-03 03:29:31	cid=1178	cas=	modality=	url=	reason=not_found	message=no_cas_in_synonyms
2026-07-03 03:29:31	cid=1181	cas=	modality=	url=	reason=not_found	message=no_cas_in_synonyms
2026-07-03 03:29:32	cid=1182	cas=516-06-3	modality=ir	url=https://webbook.nist.gov/cgi/cbook.cgi?JCAMP=C640686&Index=0&Type=IR	reason=download_http_404	message=
2026-07-03 03:29:32	cid=1182	cas=516-06-3	modality=ir	url=https://webbook.nist.gov/cgi/cbook.cgi?JCAMP=C640686&Index=1&Type=IR	reason=download_http_404	message=
2026-07-03 03:29:32	cid=1182	cas=516-06-3	modality=ir	url=https://webbook.nist.gov/cgi/cbook.cgi?JCAMP=C640686&Index=2&Type=IR	reason=download_http_404	message=
2026-07-03 03:29:33	cid=1182	cas=516-06-3	modality=ir	url=https://webbook.nist.gov/cgi/cbook.cgi?JCAMP=C640686&Index=3&Type=IR	reason=download_http_404	message=
2026-07-03 03:29:43	cid=1182	cas=516-06-3	modality=ir	url=https://webbook.nist.gov/cgi/cbook.cgi?JCAMP=C640686&Index=4&Type=IR	reason=download_http_404	message=
2026-07-03 03:29:43	cid=1182	cas=516-06-3	modality=ir	url=https://webbook.nist.gov/cgi/cbook.cgi?JCAMP=C640686&Index=5&Type=IR	reason=download_http_404	message=
2026-07-03 03:29:44	cid=1182	cas=516-06-3	modality=ir	url=https://webbook.nist.gov/cgi/cbook.cgi?JCAMP=C640686&Index=6&Type=IR	reason=download_http_404	message=
2026-07-03 03:29:44	cid=1182	cas=516-06-3	modality=ir	url=https://webbook.nist.gov/cgi/cbook.cgi?JCAMP=C640686&Index=7&Type=IR	reason=download_http_404	message=
2026-07-03 03:29:44	cid=1182	cas=516-06-3	modality=ir	url=https://webbook.nist.gov/cgi/cbook.cgi?JCAMP=C640686&Index=8&Type=IR	reason=download_http_404	message=
2026-07-03 03:29:55	cid=1182	cas=516-06-3	modality=ir	url=https://webbook.nist.gov/cgi/cbook.cgi?JCAMP=C640686&Index=9&Type=IR	reason=download_http_404	message=
2026-07-03 03:29:55	cid=1182	cas=516-06-3	modality=uvvis	url=https://webbook.nist.gov/cgi/cbook.cgi?JCAMP=C640686&Index=0&Type=UVVis	reason=download_http_404	message=
2026-07-03 03:29:55	cid=1182	cas=516-06-3	modality=uvvis	url=https://webbook.nist.gov/cgi/cbook.cgi?JCAMP=C640686&Index=1&Type=UVVis	reason=download_http_404	message=
2026-07-03 03:29:56	cid=1182	cas=516-06-3	modality=uvvis	url=https://webbook.nist.gov/cgi/cbook.cgi?JCAMP=C640686&Index=2&Type=UVVis	reason=download_http_404	message=
2026-07-03 03:29:56	cid=1182	cas=516-06-3	modality=uvvis	url=https://webbook.nist.gov/cgi/cbook.cgi?JCAMP=C640686&Index=3&Type=UVVis	reason=download_http_404	message=
2026-07-03 03:30:06	cid=1182	cas=516-06-3	modality=uvvis	url=https://webbook.nist.gov/cgi/cbook.cgi?JCAMP=C640686&Index=4&Type=UVVis	reason=download_http_404	message=
2026-07-03 03:30:07	cid=1182	cas=516-06-3	modality=uvvis	url=https://webbook.nist.gov/cgi/cbook.cgi?JCAMP=C640686&Index=5&Type=UVVis	reason=download_http_404	message=
2026-07-03 03:30:07	cid=1182	cas=516-06-3	modality=uvvis	url=https://webbook.nist.gov/cgi/cbook.cgi?JCAMP=C640686&Index=6&Type=UVVis	reason=download_http_404	message=
2026-07-03 03:30:07	cid=1182	cas=516-06-3	modality=uvvis	url=https://webbook.nist.gov/cgi/cbook.cgi?JCAMP=C640686&Index=7&Type=UVVis	reason=download_http_404	message=
2026-07-03 03:30:08	cid=1182	cas=516-06-3	modality=uvvis	url=https://webbook.nist.gov/cgi/cbook.cgi?JCAMP=C640686&Index=8&Type=UVVis	reason=download_http_404	message=
2026-07-03 03:30:18	cid=1182	cas=516-06-3	modality=uvvis	url=https://webbook.nist.gov/cgi/cbook.cgi?JCAMP=C640686&Index=9&Type=UVVis	reason=download_http_404	message=
2026-07-03 03:30:18	cid=1182	cas=516-06-3	modality=	url=https://webbook.nist.gov/cgi/cbook.cgi?ID=516-06-3&Units=SI&Mask=480	reason=all_jcamp_downloads_failed	message=ir:download_http_404;ir:download_http_404;ir:download_http_404;ir:download_http_404;ir:download_http_404;ir:download_http_404;ir:download_http_404;ir:download_http_404;ir:download_http_404;ir:download_http_404;uvvis:download_http_404;uvvis:download_http_404;uvvis:download_http_404;uvvis:download_http_404;uvvis:download_http_404;uvvis:download_http_404;uvvis:download_http_404;uvvis:download_http_404;uvvis:download_http_404;uvvis:download_http_404
2026-07-03 03:30:19	cid=1183	cas=121-33-5	modality=ir	url=https://webbook.nist.gov/cgi/cbook.cgi?JCAMP=C121335&Index=3&Type=IR	reason=download_http_404	message=
2026-07-03 03:30:19	cid=1183	cas=121-33-5	modality=ir	url=https://webbook.nist.gov/cgi/cbook.cgi?JCAMP=C121335&Index=4&Type=IR	reason=download_http_404	message=
2026-07-03 03:30:20	cid=1183	cas=121-33-5	modality=ir	url=https://webbook.nist.gov/cgi/cbook.cgi?JCAMP=C121335&Index=5&Type=IR	reason=download_http_404	message=
2026-07-03 03:30:20	cid=1183	cas=121-33-5	modality=ir	url=https://webbook.nist.gov/cgi/cbook.cgi?JCAMP=C121335&Index=6&Type=IR	reason=download_http_404	message=
2026-07-03 03:30:30	cid=1183	cas=121-33-5	modality=ir	url=https://webbook.nist.gov/cgi/cbook.cgi?JCAMP=C121335&Index=7&Type=IR	reason=download_http_404	message=
2026-07-03 03:30:30	cid=1183	cas=121-33-5	modality=ir	url=https://webbook.nist.gov/cgi/cbook.cgi?JCAMP=C121335&Index=8&Type=IR	reason=download_http_404	message=
2026-07-03 03:30:31	cid=1183	cas=121-33-5	modality=ir	url=https://webbook.nist.gov/cgi/cbook.cgi?JCAMP=C121335&Index=9&Type=IR	reason=download_http_404	message=
2026-07-03 03:30:31	cid=1183	cas=121-33-5	modality=uvvis	url=https://webbook.nist.gov/cgi/cbook.cgi?JCAMP=C121335&Index=1&Type=UVVis	reason=download_http_404	message=
2026-07-03 03:30:31	cid=1183	cas=121-33-5	modality=uvvis	url=https://webbook.nist.gov/cgi/cbook.cgi?JCAMP=C121335&Index=2&Type=UVVis	reason=download_http_404	message=
2026-07-03 03:30:42	cid=1183	cas=121-33-5	modality=uvvis	url=https://webbook.nist.gov/cgi/cbook.cgi?JCAMP=C121335&Index=3&Type=UVVis	reason=download_http_404	message=
2026-07-03 03:30:42	cid=1183	cas=121-33-5	modality=uvvis	url=https://webbook.nist.gov/cgi/cbook.cgi?JCAMP=C121335&Index=4&Type=UVVis	reason=download_http_404	message=
2026-07-03 03:30:42	cid=1183	cas=121-33-5	modality=uvvis	url=https://webbook.nist.gov/cgi/cbook.cgi?JCAMP=C121335&Index=5&Type=UVVis	reason=download_http_404	message=
2026-07-03 03:30:43	cid=1183	cas=121-33-5	modality=uvvis	url=https://webbook.nist.gov/cgi/cbook.cgi?JCAMP=C121335&Index=6&Type=UVVis	reason=download_http_404	message=
2026-07-03 03:30:43	cid=1183	cas=121-33-5	modality=uvvis	url=https://webbook.nist.gov/cgi/cbook.cgi?JCAMP=C121335&Index=7&Type=UVVis	reason=download_http_404	message=
2026-07-03 03:30:53	cid=1183	cas=121-33-5	modality=uvvis	url=https://webbook.nist.gov/cgi/cbook.cgi?JCAMP=C121335&Index=8&Type=UVVis	reason=download_http_404	message=
2026-07-03 03:30:54	cid=1183	cas=121-33-5	modality=uvvis	url=https://webbook.nist.gov/cgi/cbook.cgi?JCAMP=C121335&Index=9&Type=UVVis	reason=download_http_404	message=
2026-07-03 03:30:54	cid=1183	cas=121-33-5	modality=	url=https://webbook.nist.gov/cgi/cbook.cgi?ID=121-33-5&Units=SI&Mask=480	reason=all_jcamp_downloads_failed	message=ir:download_http_404;ir:download_http_404;ir:download_http_404;ir:download_http_404;ir:download_http_404;ir:download_http_404;ir:download_http_404;uvvis:download_http_404;uvvis:download_http_404;uvvis:download_http_404;uvvis:download_http_404;uvvis:download_http_404;uvvis:download_http_404;uvvis:download_http_404;uvvis:download_http_404;uvvis:download_http_404
2026-07-03 03:30:54	cid=1184	cas=	modality=	url=	reason=not_found	message=no_cas_in_synonyms
2026-07-03 03:30:55	cid=1188	cas=69-89-6	modality=ir	url=https://webbook.nist.gov/cgi/cbook.cgi?JCAMP=C69896&Index=1&Type=IR	reason=download_http_404	message=
2026-07-03 03:30:55	cid=1188	cas=69-89-6	modality=ir	url=https://webbook.nist.gov/cgi/cbook.cgi?JCAMP=C69896&Index=2&Type=IR	reason=download_http_404	message=
2026-07-03 03:30:55	cid=1188	cas=69-89-6	modality=ir	url=https://webbook.nist.gov/cgi/cbook.cgi?JCAMP=C69896&Index=3&Type=IR	reason=download_http_404	message=
2026-07-03 03:31:05	cid=1188	cas=69-89-6	modality=ir	url=https://webbook.nist.gov/cgi/cbook.cgi?JCAMP=C69896&Index=4&Type=IR	reason=download_http_404	message=
2026-07-03 03:31:06	cid=1188	cas=69-89-6	modality=ir	url=https://webbook.nist.gov/cgi/cbook.cgi?JCAMP=C69896&Index=5&Type=IR	reason=download_http_404	message=
2026-07-03 03:31:06	cid=1188	cas=69-89-6	modality=ir	url=https://webbook.nist.gov/cgi/cbook.cgi?JCAMP=C69896&Index=6&Type=IR	reason=download_http_404	message=
2026-07-03 03:31:06	cid=1188	cas=69-89-6	modality=ir	url=https://webbook.nist.gov/cgi/cbook.cgi?JCAMP=C69896&Index=7&Type=IR	reason=download_http_404	message=
2026-07-03 03:31:07	cid=1188	cas=69-89-6	modality=ir	url=https://webbook.nist.gov/cgi/cbook.cgi?JCAMP=C69896&Index=8&Type=IR	reason=download_http_404	message=
2026-07-03 03:31:17	cid=1188	cas=69-89-6	modality=ir	url=https://webbook.nist.gov/cgi/cbook.cgi?JCAMP=C69896&Index=9&Type=IR	reason=download_http_404	message=
2026-07-03 03:31:17	cid=1188	cas=69-89-6	modality=uvvis	url=https://webbook.nist.gov/cgi/cbook.cgi?JCAMP=C69896&Index=1&Type=UVVis	reason=download_http_404	message=
2026-07-03 03:31:18	cid=1188	cas=69-89-6	modality=uvvis	url=https://webbook.nist.gov/cgi/cbook.cgi?JCAMP=C69896&Index=2&Type=UVVis	reason=download_http_404	message=
2026-07-03 03:31:18	cid=1188	cas=69-89-6	modality=uvvis	url=https://webbook.nist.gov/cgi/cbook.cgi?JCAMP=C69896&Index=3&Type=UVVis	reason=download_http_404	message=
2026-07-03 03:31:18	cid=1188	cas=69-89-6	modality=uvvis	url=https://webbook.nist.gov/cgi/cbook.cgi?JCAMP=C69896&Index=4&Type=UVVis	reason=download_http_404	message=
2026-07-03 03:31:28	cid=1188	cas=69-89-6	modality=uvvis	url=https://webbook.nist.gov/cgi/cbook.cgi?JCAMP=C69896&Index=5&Type=UVVis	reason=download_http_404	message=
2026-07-03 03:31:29	cid=1188	cas=69-89-6	modality=uvvis	url=https://webbook.nist.gov/cgi/cbook.cgi?JCAMP=C69896&Index=6&Type=UVVis	reason=download_http_404	message=
2026-07-03 03:31:29	cid=1188	cas=69-89-6	modality=uvvis	url=https://webbook.nist.gov/cgi/cbook.cgi?JCAMP=C69896&Index=7&Type=UVVis	reason=download_http_404	message=
2026-07-03 03:31:29	cid=1188	cas=69-89-6	modality=uvvis	url=https://webbook.nist.gov/cgi/cbook.cgi?JCAMP=C69896&Index=8&Type=UVVis	reason=download_http_404	message=
2026-07-03 03:31:30	cid=1188	cas=69-89-6	modality=uvvis	url=https://webbook.nist.gov/cgi/cbook.cgi?JCAMP=C69896&Index=9&Type=UVVis	reason=download_http_404	message=
2026-07-03 03:31:30	cid=1188	cas=69-89-6	modality=	url=https://webbook.nist.gov/cgi/cbook.cgi?ID=69-89-6&Units=SI&Mask=480	reason=all_jcamp_downloads_failed	message=ir:download_http_404;ir:download_http_404;ir:download_http_404;ir:download_http_404;ir:download_http_404;ir:download_http_404;ir:download_http_404;ir:download_http_404;ir:download_http_404;uvvis:download_http_404;uvvis:download_http_404;uvvis:download_http_404;uvvis:download_http_404;uvvis:download_http_404;uvvis:download_http_404;uvvis:download_http_404;uvvis:download_http_404;uvvis:download_http_404
2026-07-03 03:31:30	cid=1189	cas=6253-54-9	modality=	url=https://webbook.nist.gov/cgi/cbook.cgi?ID=6253-54-9&Units=SI&Mask=480	reason=nist_not_found	message=
2026-07-03 03:31:30	cid=1190	cas=	modality=	url=	reason=not_found	message=no_cas_in_synonyms
2026-07-03 03:31:31	cid=1191	cas=	modality=	url=	reason=not_found	message=pubchem_synonyms_404
2026-07-03 03:31:31	cid=1192	cas=24807-85-0	modality=	url=https://webbook.nist.gov/cgi/cbook.cgi?ID=24807-85-0&Units=SI&Mask=480	reason=nist_not_found	message=
2026-07-03 03:31:31	cid=1193	cas=	modality=	url=	reason=not_found	message=no_cas_in_synonyms
2026-07-03 03:31:32	cid=1194	cas=2756-89-0	modality=	url=https://webbook.nist.gov/cgi/cbook.cgi?ID=2756-89-0&Units=SI&Mask=480	reason=nist_not_found	message=
2026-07-03 03:31:32	cid=1195	cas=358-71-4	modality=	url=https://webbook.nist.gov/cgi/cbook.cgi?ID=358-71-4&Units=SI&Mask=480	reason=nist_not_found	message=
2026-07-03 03:31:33	cid=1196	cas=2906-39-0	modality=	url=https://webbook.nist.gov/cgi/cbook.cgi?ID=2906-39-0&Units=SI&Mask=480	reason=nist_not_found	message=
2026-07-03 03:31:33	cid=1197	cas=	modality=	url=	reason=not_found	message=pubchem_synonyms_404
2026-07-03 03:31:34	cid=1198	cas=320-77-4	modality=	url=https://webbook.nist.gov/cgi/cbook.cgi?ID=320-77-4&Units=SI&Mask=480	reason=nist_not_found	message=
2026-07-03 03:31:34	cid=1199	cas=296800-00-5	modality=	url=https://webbook.nist.gov/cgi/cbook.cgi?ID=296800-00-5&Units=SI&Mask=480	reason=nist_not_found	message=
2026-07-03 03:31:34	cid=1200	cas=	modality=	url=	reason=not_found	message=pubchem_synonyms_404
2026-07-03 03:31:34	cid=1201	cas=	modality=	url=	reason=not_found	message=no_cas_in_synonyms
2026-07-03 03:31:35	cid=1202	cas=74034-56-3	modality=	url=https://webbook.nist.gov/cgi/cbook.cgi?ID=74034-56-3&Units=SI&Mask=480	reason=nist_not_found	message=
2026-07-03 03:31:35	cid=1203	cas=13392-26-2	modality=	url=https://webbook.nist.gov/cgi/cbook.cgi?ID=13392-26-2&Units=SI&Mask=480	reason=nist_not_found	message=
2026-07-03 03:31:36	cid=1204	cas=148152-66-3	modality=	url=https://webbook.nist.gov/cgi/cbook.cgi?ID=148152-66-3&Units=SI&Mask=480	reason=nist_not_found	message=
2026-07-03 03:31:36	cid=1205	cas=	modality=	url=	reason=not_found	message=no_cas_in_synonyms
2026-07-03 03:31:37	cid=1206	cas=7632-10-2	modality=	url=https://webbook.nist.gov/cgi/cbook.cgi?ID=7632-10-2&Units=SI&Mask=480	reason=no_jcamp_links	message=
2026-07-03 03:31:37	cid=1207	cas=70449-94-4	modality=	url=https://webbook.nist.gov/cgi/cbook.cgi?ID=70449-94-4&Units=SI&Mask=480	reason=nist_not_found	message=
2026-07-03 03:31:38	cid=1208	cas=16808-63-2	modality=	url=https://webbook.nist.gov/cgi/cbook.cgi?ID=16808-63-2&Units=SI&Mask=480	reason=nist_not_found	message=
2026-07-03 03:31:38	cid=1209	cas=	modality=	url=	reason=not_found	message=no_cas_in_synonyms
2026-07-03 03:31:38	cid=1210	cas=	modality=	url=	reason=not_found	message=no_cas_in_synonyms
2026-07-03 03:31:39	cid=1211	cas=1019837-20-7	modality=	url=https://webbook.nist.gov/cgi/cbook.cgi?ID=1019837-20-7&Units=SI&Mask=480	reason=nist_not_found	message=
2026-07-03 03:31:39	cid=1212	cas=169209-66-9	modality=	url=https://webbook.nist.gov/cgi/cbook.cgi?ID=169209-66-9&Units=SI&Mask=480	reason=nist_not_found	message=
2026-07-03 03:31:40	cid=1213	cas=23333-91-7	modality=	url=https://webbook.nist.gov/cgi/cbook.cgi?ID=23333-91-7&Units=SI&Mask=480	reason=nist_not_found	message=
2026-07-03 03:31:40	cid=1214	cas=73550-55-7	modality=	url=https://webbook.nist.gov/cgi/cbook.cgi?ID=73550-55-7&Units=SI&Mask=480	reason=nist_not_found	message=
2026-07-03 03:31:41	cid=1215	cas=39226-94-3	modality=	url=https://webbook.nist.gov/cgi/cbook.cgi?ID=39226-94-3&Units=SI&Mask=480	reason=nist_not_found	message=
2026-07-03 03:31:41	cid=1216	cas=76326-31-3	modality=	url=https://webbook.nist.gov/cgi/cbook.cgi?ID=76326-31-3&Units=SI&Mask=480	reason=nist_not_found	message=
2026-07-03 03:31:42	cid=1217	cas=31932-87-3	modality=	url=https://webbook.nist.gov/cgi/cbook.cgi?ID=31932-87-3&Units=SI&Mask=480	reason=nist_not_found	message=
2026-07-03 03:31:42	cid=1218	cas=71636-61-8	modality=	url=https://webbook.nist.gov/cgi/cbook.cgi?ID=71636-61-8&Units=SI&Mask=480	reason=nist_not_found	message=
2026-07-03 03:31:43	cid=1219	cas=74938-11-7	modality=	url=https://webbook.nist.gov/cgi/cbook.cgi?ID=74938-11-7&Units=SI&Mask=480	reason=nist_not_found	message=
2026-07-03 03:31:43	cid=1220	cas=78950-78-4	modality=	url=https://webbook.nist.gov/cgi/cbook.cgi?ID=78950-78-4&Units=SI&Mask=480	reason=nist_not_found	message=
2026-07-03 03:31:44	cid=1221	cas=77521-29-0	modality=	url=https://webbook.nist.gov/cgi/cbook.cgi?ID=77521-29-0&Units=SI&Mask=480	reason=nist_not_found	message=
2026-07-03 03:31:44	cid=1222	cas=146669-29-6	modality=	url=https://webbook.nist.gov/cgi/cbook.cgi?ID=146669-29-6&Units=SI&Mask=480	reason=nist_not_found	message=
2026-07-03 03:31:45	cid=1223	cas=83829-76-9	modality=	url=https://webbook.nist.gov/cgi/cbook.cgi?ID=83829-76-9&Units=SI&Mask=480	reason=nist_not_found	message=
2026-07-03 03:31:45	cid=1224	cas=51152-91-1	modality=	url=https://webbook.nist.gov/cgi/cbook.cgi?ID=51152-91-1&Units=SI&Mask=480	reason=nist_not_found	message=
2026-07-03 03:31:46	cid=1225	cas=80751-65-1	modality=	url=https://webbook.nist.gov/cgi/cbook.cgi?ID=80751-65-1&Units=SI&Mask=480	reason=nist_not_found	message=
2026-07-03 03:31:46	cid=1226	cas=17079-18-4	modality=	url=https://webbook.nist.gov/cgi/cbook.cgi?ID=17079-18-4&Units=SI&Mask=480	reason=nist_not_found	message=
2026-07-03 03:31:47	cid=1227	cas=147732-31-8	modality=	url=https://webbook.nist.gov/cgi/cbook.cgi?ID=147732-31-8&Units=SI&Mask=480	reason=nist_not_found	message=
2026-07-03 03:31:47	cid=1228	cas=100828-16-8	modality=	url=https://webbook.nist.gov/cgi/cbook.cgi?ID=100828-16-8&Units=SI&Mask=480	reason=nist_not_found	message=
2026-07-03 03:31:48	cid=1229	cas=64584-34-5	modality=	url=https://webbook.nist.gov/cgi/cbook.cgi?ID=64584-34-5&Units=SI&Mask=480	reason=nist_not_found	message=
2026-07-03 03:31:48	cid=1230	cas=	modality=	url=	reason=not_found	message=pubchem_synonyms_404
2026-07-03 03:31:49	cid=1231	cas=104699-06-1	modality=	url=https://webbook.nist.gov/cgi/cbook.cgi?ID=104699-06-1&Units=SI&Mask=480	reason=nist_not_found	message=
2026-07-03 03:31:49	cid=1232	cas=1003-51-6	modality=	url=https://webbook.nist.gov/cgi/cbook.cgi?ID=1003-51-6&Units=SI&Mask=480	reason=nist_not_found	message=
2026-07-03 03:31:50	cid=1233	cas=2552-55-8	modality=	url=https://webbook.nist.gov/cgi/cbook.cgi?ID=2552-55-8&Units=SI&Mask=480	reason=nist_not_found	message=
2026-07-03 03:31:50	cid=1234	cas=16662-47-8	modality=	url=https://webbook.nist.gov/cgi/cbook.cgi?ID=16662-47-8&Units=SI&Mask=480	reason=no_jcamp_links	message=
